no,사업구분,질문,정답,신뢰도,출처,방법,qid,task_type,core_retrieval
1,챗봇,통합건강 one 특약들 알려줘,"(간편)신한통합건강보장보험 원(ONE)(무배당, 해약환급금 미지급형)의 간편심사형 특약은 다음과 같습니다: (간편)정기특약(무배당, 해약환급금 미지급형), (간편)정기특약(무배당, 갱신형), (간편)재해사망특약(무배당, 해약환급금 미지급형), (간편)[3~100%장해형]재해장해특약(무배당, 해약환급금 미지급형), (간편)[50%이상장해형]재해장해특약(무배당, 해약환급금 미지급형), (간편)재해장해생활비특약(무배당, 해약환급금 미지급형), (간편)[3~100%장해형]질병장해특약(무배당, 해약환급금 미지급형), (간편)[50%이상장해형]질병장해특약(무배당, 해약환급금 미지급형), (간편)[3~100%장해형]질병장해특약(무배당, 갱신형), (간편)[50%이상장해형]질병장해특약(무배당, 갱신형), (간편)[50%이상장해형]6대질병장해특약(무배당, 해약환급금 미지급형), (간편)[기본]일반암진단특약(무배당, 해약환급금 미지급형), (간편)[삭감없음용]일반암진단특약(무배당, 해약환급금 미지급형), (간편)[기본]소액암진단특약(무배당, 해약환급금 미지급형), (간편)[삭감없음용]소액암진단특약(무배당, 해약환급금 미지급형), (간편)[기본]남녀특정암진단특약(무배당, 해약환급금 미지급형), (간편)[삭감없음용]남녀특정암진단특약(무배당, 해약환급금 미지급형), (간편)[기본]고액암진단특약(무배당, 해약환급금 미지급형), (간편)[삭감없음용]고액암진단특약(무배당, 해약환급금 미지급형), (간편)[30일한도형]첫날부터입원특약(무배당, 해약환급금 미지급형) 등입니다.",확정,"(간편)정기특약(무배당, 해약환급금 미지급형) | 121
(간편)정기특약(무배당, 갱신형) | 135
(간편)재해사망특약(무배당, 해약환급금 미지급형) | 151
(간편)[3~100%장해형]재해장해특약(무배당, 해약환급금 미지급형) | 165
(간편)[50%이상장해형]재해장해특약(무배당, 해약환급금 미지급형) | 183
(간편)재해장해생활비특약(무배당, 해약환급금 미지급형) | 199
(간편)[3~100%장해형]질병장해특약(무배당, 해약환급금 미지급형) | 217
(간편)[50%이상장해형]질병장해특약(무배당, 해약환급금 미지급형) | 235
(간편)[3~100%장해형]질병장해특약(무배당, 갱신형) | 251
(간편)[50%이상장해형]질병장해특약(무배당, 갱신형) | 269
(간편)[50%이상장해형]6대질병장해특약(무배당, 해약환급금 미지급형) | 287
(간편)[기본]일반암진단특약(무배당, 해약환급금 미지급형) | 313
(간편)[삭감없음용]일반암진단특약(무배당, 해약환급금 미지급형) | 335
(간편)[기본]소액암진단특약(무배당, 해약환급금 미지급형) | 355
(간편)[삭감없음용]소액암진단특약(무배당, 해약환급금 미지급형) | 377
(간편)[기본]남녀특정암진단특약(무배당, 해약환급금 미지급형) | 399
(간편)[삭감없음용]남녀특정암진단특약(무배당, 해약환급금 미지급형) | 419
(간편)[기본]고액암진단특약(무배당, 해약환급금 미지급형) | 439
(간편)[삭감없음용]고액암진단특약(무배당, 해약환급금 미지급형) | 459
---
| (간편)[50%이상장해형] 질병장해특약 (무배당, 해약환급금 미지급형) | (50%이상)질병장해급여금 | 최초 1회에 한해 보장 |
| (간편)[50%이상장해형] 질병장해특약(무배당, 갱신형) | (50%이상)질병장해급여금 | 최초 1회에 한해 보장 |
| (간편)[50%이상장해형] 6대질병장해특약 (무배당, 해약환급금 미지급형) | (50%이상) 6대질병장해급여금 | 최초 1회에 한해 보장 |
| (간편)일반암진단특약 (무배당, 갱신형) | 암진단급여금 (기본/삭감없음용) | 최초 1회에 한해 보장 |
| (간편)남녀특정암진단특약 (무배당, 갱신형) | 여성유방암진단급여금 (기본/삭감없음용) | 최초 1회에 한해 보장 |
|  | 전립선암진단급여금 (기본/삭감없음용) | 최초 1회에 한해 보장 |
| (간편)소액암진단특약 (무배당, 갱신형) | 소액암진단급여금 (기본/삭감없음용) | 각각 최초 1회에 한해 보장 |

(간편)신한통합건강보장보험 원(ONE)(무배당, 해약환급금 미지급형)
---
| (간편)[30일한도형]첫날부터입원특약(무배당, 해약환급금 미지급형) | 2,299 |",기존3단계검수+250212원문재앵커링,v3-offline-0277,document_global,False
2,고객상담,척추 장해 장해분류표에 해당되는 조건 알려줘,"장해분류표상 척추(등뼈)의 장해 판정 조건은 다음과 같습니다.

[판정기준] 척추(등뼈)는 경추에서 흉추, 요추, 제1천추까지를 동일한 부위로 하며, 제2천추 이하의 천골 및 미골은 체간골의 장해로 평가합니다. 척추(등뼈)의 기형장해는 척추체(척추뼈 몸통)의 압박률 또는 척추체(척추뼈 몸통)의 만곡 정도에 따라 평가합니다.

[운동장해] 심한 운동장해란 척추체(척추뼈 몸통)에 골절 또는 탈구로 4개 이상의 척추체(척추뼈 몸통)를 유합(아물어 붙음) 또는 고정한 상태, 또는 머리뼈(두개골), 제1경추, 제2경추를 모두 유합 또는 고정한 상태를 말합니다. 뚜렷한 운동장해란 척추체(척추뼈 몸통)에 골절 또는 탈구로 3개의 척추체(척추뼈 몸통)를 유합(아물어 붙음) 또는 고정한 상태, 머리뼈(두개골)와 제1경추 또는 제1경추와 제2경추를 유합 또는 고정한 상태 등을 말합니다. 약간의 운동장해란 머리뼈(두개골)와 상위목뼈(상위경추: 제1, 2경추)를 제외한 척추체(척추뼈 몸통)에 골절 또는 탈구로 2개의 척추체(척추뼈 몸통)를 유합(아물어 붙음) 또는 고정한 상태를 말합니다.

[기형장해] 심한 기형이란 척추(등뼈)의 골절 또는 탈구 등으로 35° 이상의 척추전만증(척추가 앞으로 휘어지는 증상), 척추후만증(척추가 뒤로 휘어지는 증상) 또는 20° 이상의 척추측만증(척추가 옆으로 휘어지는 증상) 변형이 있을 때, 또는 척추체(척추뼈 몸통) 한 개의 압박률이 60%이상인 경우 또는 한 운동단위 내에 두 개 이상 척추체(척추뼈 몸통)의 압박골절로 각 척추체(척추뼈 몸통)의 압박률의 합이 90% 이상일 때를 말합니다. 약간의 기형이란 1개 이상의 척추(등뼈)의 골절 또는 탈구로 경도(가벼운 정도)의 척추전만증(척추가 앞으로 휘어지는 증상), 척추후만증(척추가 뒤로 휘어지는 증상) 또는 척추측만증(척추가 옆으로 휘어지는 증상) 변형이 있을 때, 또는 척추체(척추뼈 몸통) 한 개의 압박률이 20%이상인 경우 또는 한 운동단위 내에 두 개 이상 척추체(척추뼈 몸통)의 압박골절로 각 척추체(척추뼈 몸통)의 압박률의 합이 40% 이상일 때를 말합니다.

[추간판탈출증으로 인한 신경장해] '추간판탈출증으로 인한 심한 신경 장해'란 추간판탈출증으로 추간판을 2마디 이상(또는 1마디 추간판에 대해 2회 이상) 수술하고도 마미신경증후군이 발생하여 하지의 현저한 마비 또는 대소변의 장해가 있는 경우, '추간판탈출증으로 인한 뚜렷한 신경 장해'란 추간판탈출증으로 추간판 1마디를 수술하고도 신경생리검사에서 명확한 신경근병증의 소견이 지속되고 척추신경근의 불완전 마비가 인정되는 경우, '추간판탈출증으로 인한 약간의 신경 장해'란 추간판탈출증이 확인되고 신경생리검사에서 명확한 신경근병증의 소견이 지속되는 경우를 말합니다.",확정,"가) 1개 이상의 척추(등뼈)의 골절 또는 탈구로 경도(가벼운 정도)의 척추전만증(척추가 앞으로 휘어지는 증상), 척추후만증(척추가 뒤로 휘어지는 증상) 또는 척추측만증(척추가 옆으로 휘어지는 증상) 변형이 있을 때

나) 척추체(척추뼈 몸통) 한 개의 압박률이 20%이상인 경우 또는 한 운동단위 내에 두 개 이상 척추체(척추뼈 몸통)의 압박골절로 각 척추체(척추뼈 몸통)의 압박률의 합이 40% 이상일 때

12) '추간판탈출증으로 인한 심한 신경 장해'란 추간판탈출증으로 추간판을 2마디 이상(또는 1마디 추간판에 대해 2회 이상) 수술하고도 마미신경증후군이 발생하여 하지의 현저한 마비 또는 대소변의 장해가 있는 경우

13) '추간판탈출증으로 인한 뚜렷한 신경 장해'란 추간판탈출증으로 추간판 1마디를 수술하고도 신경생리검사에서 명확한 신경근병증의 소견이 지속되고 척추신경근의 불완전 마비가 인정되는 경우

14) '추간판탈출증으로 인한 약간의 신경 장해'란 추간판탈출증이 확인되고 신경생리검사에서 명확한 신경근병증의 소견이 지속되는 경우
---
6) 심한 운동장해란 다음 중 어느 하나에 해당하는 경우를 말한다.
가) 척추체(척추뼈 몸통)에 골절 또는 탈구로 4개 이상의 척추체(척추뼈 몸통)를 유합(아물어 붙음) 또는 고정한 상태

나) 머리뼈(두개골), 제1경추, 제2경추를 모두 유합 또는 고정한 상태

7) 뚜렷한 운동장해란 다음 중 어느 하나에 해당하는 경우를 말한다.

가) 척추체(척추뼈 몸통)에 골절 또는 탈구로 3개의 척추체(척추뼈 몸통)를 유합(아물어 붙음) 또는 고정한 상태

나) 머리뼈(두개골)와 제1경추 또는 제1경추와 제2경추를 유합 또는 고정한 상태

다) 머리뼈(두개골)와 상위목뼈(상위경추: 제1, 2경추) 사이에 CT 검사 상, 두개 대후두공의 기저점(basion)과 축추 치돌기 상단사이의 거리(BDI : Basion-Dental Interval)에 뚜렷한 이상전위가 있는 상태

라) 상위목뼈(상위경추: 제1, 2경추) CT 검사상, 환추 전방 궁(arch)의 후방과 치상돌기의 전면과의 거리(ADI: Atlanto-Dental Interval)에 뚜렷한 이상전위가 있는 상태
---
나. 장해판정기준

1) 척추(등뼈)는 경추에서 흉추, 요추, 제1천추까지를 동일한 부위로 한다. 제2천추 이하의 천골 및 미골은 체간골의 장해로 평가한다.

2) 척추(등뼈)의 기형장해는 척추체(척추뼈 몸통을 말하며, 횡돌기 및 극돌기는 제외한다. 이하 이 신체부위에서 같다)의 압박률 또는 척추체(척추뼈 몸통)의 만곡 정도에 따라 평가한다.

가) 척추체(척추뼈 몸통)의 만곡변화는 객관적인 측정방법(Cobb's Angle)에 따라 골절이 발생한 척추체(척추뼈 몸통)의 상·하 인접 정상 척추체(척추뼈 몸통)를 포함하여 측정하며, 생리적 정상만곡을 고려하여 평가한다.

나) 척추(등뼈)의 기형장해는 척추체(척추뼈 몸통)의 압박률, 골절의 부위 등을 기준으로 판정한다. 척추체(척추뼈 몸통)의 압박률은 인접 상·하부[인접 상·하부 척추체(척추뼈 몸통)에 진구성 골절이 있거나, 다발성 척추골절이 있는 경우에는 골절된 척추와 가장 인접한 상·하부] 정상
---
머리뼈(두개골)와 상위목뼈(상위경추: 제1, 2경추)를 제외한 척추체(척추뼈 몸통)에 골절 또는 탈구로 2개의 척추체(척추뼈 몸통)를 유합(아물어 붙음) 또는 고정한 상태

9) 심한 기형이란 다음 중 어느 하나에 해당하는 경우를 말한다.

가) 척추(등뼈)의 골절 또는 탈구 등으로 35° 이상의 척추전만증(척추가 앞으로 휘어지는 증상), 척추후만증(척추가 뒤로 휘어지는 증상) 또는 20° 이상의 척추측만증(척추가 옆으로 휘어지는 증상) 변형이 있을 때

나) 척추체(척추뼈 몸통) 한 개의 압박률이 60%이상인 경우 또는 한 운동단위 내에 두 개 이상
척추체(척추뼈 몸통)의 압박골절로 각 척추체(척추뼈 몸통)의 압박률의 합이 90% 이상일 때
",250212원문재검증(v3정화),v3-offline-0269,multi_evidence,False
3,고객상담,납입면제 특약 가입시 주계약외 동시에 납입면제되는 특약의 종류를 알려줘,"납입면제특약 가입 시 주계약 외에 함께 납입면제되는 계약(보험료납입면제대상계약)은 다음과 같습니다. 비갱신형의 경우 이 특약의 부가시에 비갱신형 주계약(전환형 계약 제외)과 이 특약의 부가시에 주계약에 부가된 비갱신형 특약(이 특약 포함)이며, 갱신형의 경우 최초계약을 체결하는 시점의 갱신형 주계약(전환형 계약 제외)과 최초계약을 체결하는 시점의 주계약에 부가된 갱신형 특약(이 특약 포함), 갱신계약을 체결하는 시점에 유지중인 갱신형 주계약(전환형 계약 제외)과 갱신계약을 체결하는 시점에 유지중인 주계약에 부가된 갱신형 특약(이 특약 포함)입니다. 다만, 「보험료납입면제대상계약」은 ""이 특약의 보험기간 및 보험료 납입기간""과 ""각 '보험료납입면제대상계약'의 보험료 납입기간""이 동일한 경우에 한하며, 제2-2조의2(보험료 납입면제사유) 이외의 사유로 보험료납입을 면제하는 특약, 제2-2조의2(보험료 납입면제사유)의 사유 중 어느 한 가지를 보험료납입면제사유로 하는 주계약 및 부가특약(다만, 이 특약은 제외합니다), 보험료납입면제사유 발생 시 소멸되는 주계약 및 부가특약, 중도부가특약은 포함되지 않습니다.",확정,"1. 보험료납입면제대상계약 : 다음을 보험료납입면제대상계약으로 하며, ""이 특약의 보험기간 및 보험료 납입기간""과 ""각 '보험료납입면제대상계약'의 보험료 납입기간""이 동일한 경우에 한합니다.

가. 이 특약의 부가시에 비갱신형 주계약(전환형 계약 제외)

나. 이 특약의 부가시에 주계약에 부가된 비갱신형 특약(이 특약 포함)

다만, 다음의 경우는 「보험료납입면제대상계약」에 포함되지 않으며, 제2-8조(특약내용의 변경 등)에 따라 변경될 수 있습니다.

가. 제2-2조의2(보험료 납입면제사유) 이외의 사유로 보험료납입을 면제하는 특약(다만, 이 특약의 보험종목 중에 한합니다)

나. 제2-2조의2(보험료 납입면제사유)의 사유 중 어느 한 가지를 보험료납입면제사유로 하는 주계약 및 부가특약(다만, 이 특약은 제외합니다)

다. 제2-2조의2(보험료 납입면제사유)에 따른 보험료납입면제사유 발생 시 소멸되는 주계약 및 부가특약

라. 중도부가특약
---
제1-2조(용어의 정의) 외에 이 특약에서 사용되는 용어의 정의는, 특약의 다른 조항에서 달리 정의되지 않는 한 다음과 같습니다.

1. 보험료납입면제대상계약 : 다음을 보험료납입면제대상계약으로 하며, ""이 특약의 보험기간 및 보험료 납입기간""과 ""각 '보험료납입면제대상계약'의 보험료 납입기간""이 동일한 경우에 한합니다.

[최초계약의 경우]

가. 최초계약을 체결하는 시점의 갱신형 주계약(전환형 계약 제외)

나. 최초계약을 체결하는 시점의 주계약에 부가된 갱신형 특약(이 특약 포함)

[갱신계약의 경우]

다. 갱신계약을 체결하는 시점에 유지중인 갱신형 주계약(전환형 계약 제외)

라. 갱신계약을 체결하는 시점에 유지중인 주계약에 부가된 갱신형 특약(이 특약 포함)

다만, 다음의 경우는 「보험료납입면제대상계약」에 포함되지 않으며, 제2-8조(특약내용의 변경 등)에 따라 변경될 수 있습니다.

가. 제2-2조의2(보험료 납입면제사유) 이외의 사유로 보험료납입을 면제하는 특약(다만, 이 특약의 보험종목 중에 한합니다)
",250212원문재검증(v3정화),v3-offline-0066,multi_evidence,False
4,고객상담,보장개시일전 진단되면 뭐 보장해줘? 청구방법 알려줘,"보장개시일 전일 이전에 해당 질병으로 진단확정된 경우 보험금은 지급되지 않으며, 해당 (특약)계약을 무효로 하여 계약자에게 실제 납입한 보험료 누계액(다만, 감액 등으로 회사가 실제 지급한 금액을 차감한 금액)을 돌려드립니다. 청구방법: 보험수익자 또는 계약자는 1) 청구서(회사양식), 2) 사고증명서(사망진단서, 병명 및 분류코드가 기입된 진단서, 진료기록부(검사기록지 포함), 각종 사고 증명서류 등), 3) 신분증(주민등록증·운전면허증 등 사진이 붙은 정부기관 발행 신분증, 본인이 아닌 경우 본인의 인감증명서·본인서명사실확인서 등 포함), 4) 기타 청구에 필요한 서류를 제출하고 청구해야 하며, 사고증명서는 의료기관, 국민건강보험공단, 경찰서 등에서 발급한 것이어야 합니다. 회사는 서류를 접수한 때 접수증을 드리고 휴대전화 문자메시지 또는 전자우편 등으로도 송부하며, 접수한 날부터 3영업일 이내(지급사유의 조사나 확인이 필요한 때에는 접수 후 10영업일 이내)에 보험금을 지급합니다.",확정,"① 보험수익자 또는 계약자는 다음의 서류 중 해당서류를 제출하고 보험금 또는 보험료 납입면제를 청구하여야 합니다.

1. 청구서 (회사양식)

2. 사고증명서 (사망진단서, 진단서(병명 및 분류코드 기입), 진료기록부 (검사기록지 포함), 각종사고 증명서류 등)

3. 신분증 (주민등록증이나 운전면허증 등 사진이 붙은 정부기관발행 신분증, 본인이 아닌 경우에는 본인의 인감증명서 또는 본인서명사 실확인서 포함)

4. 기타 보험수익자 또는 계약자가 보험금 수령 또는 보험료 납입면제 청구에 필요하여 제출하는 서류

② 제1항 제2호의 사고증명서는 의료기관, 국민건강보험공단, 경찰서 등에서 발급한 것이어야 합니다.
---
② 제1항 제2호의 사고증명서는 의료기관, 국민건강보험공단, 경찰서 등에서 발급한 것이어야 합니다.

제7조 보험금의 지급절차

① 회사는 제5조(보험금의 청구)에서 정한 서류를 접수한 때에는 접수증을 드리고 휴대전화 문자메시지 또는 전자우편 등으로도 송부하며, 그 서류를 접수한 날부터 3영업일 이내에 보험금을 지급합니다. 다만, 보험금 지급사유의 조사나 확인이 필요한 때에는 접수후 10영업일 이내에 보험금을 지급합니다.

② 회사는 제1항에 따라 보험금을 지급할 때 보험금 지급일까지의 기간에 대한 이자는 <부표1> ""보험금을 지급할 때의 적립이율 계산""과 같습니다.

제3관 특약의 성립과 유지
---
⑧ 제2-2조(보험금의 지급사유)의 경우 계속 입원이란 중도 퇴원 없이 계속하여 입원하는 것을 뜻합니다.

⑨ 제8항에도 불구하고 피보험자가 의료기관을 이전하여 입원한 경우에도 동일한 질병으로 인한 직접적인 치료를 목적으로 입원한 때에는 계속 하여 입원한 것으로 봅니다.

⑩ 피보험자가 보험기간 중 ""암보장개시일"" 전일 이전에 ""암""으로 진단확정 된 경우 계약자는 진단일부터 그 날을 포함하여 90일 이내에 이 특약약을 취소할 수 있으며, 계약자가 취소할 경우 이 계약은 그때부터 효력이 없습니다. 이 경우 회사는 계약자에게 실제 납입한 보험료 누계액(다만, ""감액 등으로 회사가 실제 지급한 금액""을 차감한 금액)을 돌려드립니다.

⑪ 제10항에도 불구하고 계약자가 계약의 취소를 선택하지 않은 때에는 계약일[부활(효력회복)일]부터 ""암보장개시일"" 전일 이전에 진단확정 된 ""암""과 동일하거나 다른 신체기관에 재발 또는 전이되어 ""암""으로 진단 확정되고 그 ""암""의 직접적인 치료를 목적으로 ""중환자실 입원""을 하더라도 회사는 제2-2조(보험금의 지급사유)에 해당하는 ""6대질병 중환자 실입원급여금""을 지급하지 않습니다. 다만, 계약일[부활(효력회복)일]부터 ""암보장개시일"" 전일 이전에 ""암""으로 진단확정 되더라도 ""암보장개

22121522000000071228",기존3단계검수+250212원문재앵커링,v3-offline-0108,multi_evidence,False
5,챗봇,"통합건강보장원, 소멸되는 특약이 있나요?","네, 특약별로 소멸 조항이 있습니다. 예를 들어 (간편)[기본]남녀특정암진단특약(무배당, 해약환급금 미지급형)의 경우 다음 각 호의 사유가 발생한 경우 이 특약은 그때부터 효력이 없습니다. 1. 주계약이 해지, 무효, 취소 또는 철회된 경우(다만, 주계약의 보험금 지급으로 인하여 주계약이 소멸하는 경우 또는 이 특약의 보험료 납입이 완료된 이후에 주계약의 보험료를 납입하지 않아 주계약이 해지되었으나 해약환급금을 받지 않은 경우에는 이 특약은 소멸되지 않습니다), 2. 이 특약의 피보험자가 특약보험기간 중 사망하였을 경우, 3. 이 특약의 보험금 지급사유가 더 이상 발생할 수 없는 경우. 또한 (간편)뇌혈관·허혈심장질환주요치료비특약(무배당, 갱신형)의 경우에도 「이 특약의 피보험자가 특약보험기간 또는 ""보험금 지급기간"" 중 사망하거나 이 특약의 보험금 지급사유가 더 이상 발생할 수 없는 경우」 또는 「주계약이 해지, 무효, 취소 또는 철회된 경우」 이 특약은 그때부터 효력이 없습니다. 다만, 특약보험기간 또는 ""보험금 지급기간"" 중 피보험자가 사망한 경우에는 산출방법서에서 정하는 바에 따라 회사가 적립한 사망당시의 계약자적립액을 계약자에게 지급합니다.",확정,"제2-9조 특약의 소멸

① 다음 각 호의 사유가 발생한 경우 이 특약은 그때부터 효력이 없습니다.

1. 주계약이 해지, 무효, 취소 또는 철회된 경우.

다만, 주계약의 보험금 지급으로 인하여 주계약이 소멸하는 경우 또는 이 특약의 보험료 납입이 완료된 이후에 주계약의 보험료를 납입하지 않아 주계약이 해지되었으나 해약환급금을 받지 않은 경우(보험계약대출 등에 따라 해약환급금이 차감되었으나 받지 않은 경우 또는 해약환급금이 없는 경우를 포함합니다)에는 이 특약은 소멸되지 않습니다.

2. 이 특약의 피보험자가 특약보험기간 중 사망하였을 경우

3. 이 특약의 보험금 지급사유가 더 이상 발생할 수 없는 경우
---
| 구분 | 지급사유 | 지급금액 |
|------|---------|----------|
| ""뇌혈관질환 또는 허혈심장질환"" 주요치료급여금 | 특약보험기간 중 피보험자가 ""뇌혈관질환 또는 허혈심장질환""으로 최초 진단확정 되고, ""보험금 지급기간"" 이내에 ""뇌혈관질환 또는 허혈심장질환""의 직접적인 치료를 목적으로 ""뇌혈관질환 또는 허혈심장질환 주요치료""를 받았을 때<br>[다만, 최초 진단확정일로부터 ""뇌혈관질환 또는 허혈심장질환 주요치료""를 합하여 최대 10년간, 연간 1회에 한하여 지급함(최대 10회 지급)] | 특약보험가입금액의 100% |

주) 1. 「이 특약의 피보험자가 특약보험기간 또는 ""보험금 지급기간"" 중 사망하거나 이 특약의 보험금 지급사유가 더 이상 발생할 수 없는 경우」 또는 「주계약이 해지, 무효, 취소 또는 철회된 경우」 이 특약은 그때부터 효력이 없습니다. 다만, 특 약보험기간 또는 ""보험금 지급기간"" 중 피보험자가 사망한 경우에는 산출방법 서에서 정하는 바에 따라 회사가 적립한 사망당시의 계약자적립액을 계약자에게 지급합니다.

2. 특약보험료 납입기간 중 다음 중 어느 한 가지에 해당될 경우 이 특약의 차회 이후 보험료 납입을 면제합니다.

① 주계약의 보험료 납입이 면제되었을 경우",250212원문재검증(v3정화),v3-offline-0284,multi_evidence,False
6,상품,"특약의 지급사유, 보장구조, 삭감, 납면사유 등 비교해줘","이 약관에서 확인되는 특약별 지급사유·보장구조·삭감·납입면제 관련 내용은 다음과 같습니다.

(간편)요양병원암입원특약(무배당, 해약환급금 미지급형): 회사는 특약보험기간 중 『피보험자가 보장개시일(암의 경우 암보장개시일) 이후 「암, 대장점막내암 또는 비침습방광암」, 기타피부암, 갑상선암, 제자리암 또는 경계성종양으로 진단확정 되고, 특약보험기간 중 그 치료를 위하여 요양병원에 1일이상 계속하여 입원』하였을 때 약정한 요양병원 암입원급여금을 지급합니다(다만, 입원일수 1일당, 1회 입원당 90일 한도). 삭감 관련하여 ""간편심사형""에 한하여, 계약일부터 1년 미만에 보험금 지급사유가 발생하였을 때에는 <부표2-1> ""보험금 지급기준표""에서 정한 바에 따라 삭감하여 지급합니다. 납입면제 관련하여 특약보험료 납입기간 중 주계약의 보험료 납입이 면제된 경우 이 특약의 차회 이후 보험료 납입을 면제합니다. 다만, 주계약의 보험료 납입 면제가 ""보험료의 납입을 면제하는 특약""에 의해 납입면제가 된 경우 그 ""보험료의 납입을 면제하는 특약""의 약관에서 정한 바를 따르며, 이 특약이 해당 약관의 「보험료납입면제대상계약」에 해당되지 않는 경우 보험료 납입면제가 되지 않습니다.

(간편)중증질환자[암]산정특례대상보장특약(무배당, 갱신형): 회사는 특약보험기간 중 피보험자가 중증질환자[암]산정특례대상보장개시일 이후에 ""중증질환자[암] 본인일부부담금 산정특례 대상 질병""으로 진단확정되고, 특약보험기간 중 그 ""중증질환자[암] 본인일부부담금 산정특례 대상 질병""을 직접적인 원인으로 ""중증질환자[암] 산정특례대상""에 ""중증질환자[암] 산정특례 신규암 등록""되는 경우 보험금을 지급합니다.

(간편)중증질환자[뇌혈관질환]산정특례대상보장특약(무배당, 갱신형): 회사는 특약보험기간 중 피보험자가 ""중증질환자[뇌혈관질환]산정특례대상""으로 적용되는 경우 약정한 중증질환자[뇌혈관질환]산정특례보장급여금을 지급합니다(다만, 연간 1회를 한도로 함).

(간편)간호간병통합서비스사용입원특약(무배당, 해약환급금 미지급형): 특약보험기간 중 「피보험자가 질병 또는 재해로 인한 그 직접적인 치료를 목적으로 1일 이상 계속하여 요양병원을 제외한 병원급의료기관에 입원하며 간호·간병통합서비스를 사용」하였을 때 급여금을 지급하며(다만, 1회 입원당 사용일수 30일 한도), 지급금액은 간호·간병통합서비스사용일수 1일당 특약보험가입금액의 1%(다만, ""간편심사형""에 한하여 계약일부터 2년 미만에 재해 이외의 원인으로 지급사유가 발생한 경우 ""특약보험가입금액의 0.5%""를 지급함)입니다. 「이 특약의 피보험자가 특약보험기간 중 사망하였을 경우」 또는 「주계약이 해지, 무효, 취소 또는 철회된 경우」 이 특약은 그때부터 효력이 없습니다.",확정,"회사는 특약보험기간 중 『피보험자가 보장개시일(암의 경우 암보장개시일) 이후 「암, 대장점막내암 또는 비침습방광암」, 기타피부암, 갑상선암, 제자리암 또는 경계성종양으로 진단확정 되고, 특약보험기간 중 그 「암, 대장점막내암 또는 비침습방광암」, 기타피부암, 갑상선암, 제자리암 또는 경계성종양으로 인한 치료를 위하여 요양병원에 1일이상 계속하여 입원』하였을 때 보험수익자에게 약정한 요양병원 암입원급여금(<부표2-1> ""보험금 지급기준표"" 참조)을 지급합니다. (다만, 입원일수 1일당, 1회 입원당 90일 한도)

제2-3조 보험금 지급에 관한 세부규정

① 특약보험료 납입기간 중 주계약의 보험료 납입이 면제된 경우 이 특약의 차회 이후 보험료 납입을 면제합니다. 다만, 주계약의 보험료 납입 면제가 ""보험료의 납입을 면제하는 특약""에 의해 납입면제가 된 경우 그 ""보험료의 납입을 면제하는 특약""의 약관에서 정한 바를 따르며, 이 특약이 해당 약관의 「보험료납입면제대상계약」에 해당되지 않는 경우 보험료 납입면제가 되지 않습니다.

② 제2-2조(보험금의 지급사유)의 경우 ""간편심사형""에 한하여, 계약일부터 1년 미만에 보험금 지급사유가 발생하였을 때에는 <부표2-1> ""보험금 지급기준표""에서 정한 바에 따라 삭감하여 지급합니다.

보험금 삭감지급 도해
---
제2관 보험금의 지급

제2-2조 보험금의 지급사유

① 회사는 특약보험기간 중 피보험자가 중증질환자[암]산정특례대상보장개시일 이후에 ""중증질환자[암] 본인일부부담금 산정특례 대상 질병""으로진단확정되고, 특약보험기간 중 그 ""중증질환자[암] 본인일부부담금 산정특례 대상 질병""을 직접적인 원인으로 ""중증질환자[암] 산정특례대상""에 ""중증질환자[암] 산정특례 신규암 등록""되는 경우 보험수익자에

SHINHAN LIFE

2698
---
S

| 구분 | 지급사유 | 지급금액 |
| --- | --- | --- |
| 간호·간병통합서비스사용입원(요양병원제외)급여금 | 특약보험기간 중 「피보험자가 질병 또는 재해로 인한 그 직접적인 치료를 목적으로 1일 이상 계속하여 요양병원을 제외한 병원급의료기관에 입원하며 간호·간병통합서비스를 사용」하였을 때(다만, 1회 입원당 사용일수 30일 한도) | 【간호·간병통합서비스사용일수 1일당】특약보험가입금액의 1%(다만, “간편심사형”에 한하여 계약일부터 2년 미만에 재해 이외의 원인으로 지급사유가 발생한 경우 “특약보험가입금액의 0.5%”를 지급함) |

※ 2년 미만 : 계약일부터 2년이 되는 시점의 계약해당일의 전날까지

주) 1. 「이 특약의 피보험자가 특약보험기간 중 사망하였을 경우」 또는 「주계약이 해지, 무효, 취소 또는 철회된 경우」 이 특약은 그때부터 효력이 없습니다.
---
회사는 특약보험기간 중 피보험자가 ""중증질환자[뇌혈관질환]산정특례대상""으로 적용되는 경우 보험수익자에게 약정한 중증질환자[뇌혈관질환]산정특례보장급여금(<부표2-1> ""보험금 지급기준표"" 참조)을 지급합니다.(다만, 연간 1회를 한도로 함)",250212원문재검증(v3정화),v3-offline-0319,comparison,False
7,상품,진단/입원/수술 기준 처럼 지급판정에 필요한 의학적/행정적 조건을 정리해줘,"지급판정과 관련한 의학적 기준(정의)은 다음과 같습니다.

[진단 기준] 예를 들어 ""뇌혈관질환""의 진단확정은 의료기관의 의사(치과의사 제외)에 의하여 내려져야 하며, 이 진단은 병력·신경학적 검진과 함께 뇌전산화단층찰영(brain CT scan), 자기공명영상(MRI), 뇌혈관조영술, 양전자방출단층술(PET), 단일광자방출 전산화단층술(SPECT), 뇌척수액 검사 등을 기초로 합니다. 그러나 피보험자가 사망하여 상기 검사방법을 진단의 기초로 할 수 없는 경우에 한하여 피보험자가 ""뇌혈관질환""으로 진단 또는 치료를 받고 있었음을 증명할 수 있는 문서화된 기록 또는 증거를 진단확정의 기초로 할 수 있습니다.

[입원 기준] ""중환자실 입원""이라 함은 의사에 의하여 ""6대질병""으로 인한 직접적인 치료를 목적으로 필요하다고 인정된 경우로서 자택 등에서의 치료가 곤란하여 ""중환자실(Intensive Care Unit, 집중치료실 또는 집중강화치료실)""에 입실하여 의사의 관리 하에 치료에 전념하는 것을 말하며, ""중환자실""이라 함은 의료법 제36조(준수사항) 제1호 및 동법 시행규칙 제34조(의료기관의 시설기준 및 규격)에 따른 중환자실의 시설기준과 시설규격에 부합하는 입원치료실을 말합니다.

[수술 기준] ""수술""이라 함은 의사에 의하여 직접적인 치료를 목적으로 필요하다고 인정된 경우로서 의료기관에서 의사의 관리 하에 기구를 사용하여 생체(生體)에 절단(切斷, 특정부위를 잘라내는 것), 절제(切除, 특정부위를 잘라 없애는 것) 등의 조작을 가하는 것을 말합니다. 다만, 흡인(吸 引, 주사기 등으로 발아들이는 것), 천자(穿 刺, 바늘 또는 관을 꽃아 체액·조직을 뽑아내거나 약물을 주입하는 것) 등의 조치 및 신경(神經) BLOCK(신경의 차단), 미용 성형상의 수술, 피임(避妊) 목적의 수술, 피임 및 불임술 후 가임목적의 수술, 검사 및 진단을 위한 수술[생검(生檢), 복강경 검사(腹 腔鏡檢査) 등]은 ""수술""에서 제외됩니다.",확정,"· 종양의 발생부위 및 피보험자의 신체상태 등의 이유로 조직을 추출하는 경우 생명의 위험을 초래할 수 있어 병리학적 검사를 시행할 수 없는 경우

제2-1조의6 ""수술""의 정의와 장소

① 이 특약에 있어서 ""수술""이라 함은 의사에 의하여 ""전립선암"", ""전립선암이외의 암"", ""기타피부암"", ""갑상선암"", ""대장점막내암"" 또는 ""비침습방광암""으로 인한 직접적인 치료를 목적으로 필요하다고 인정된 경우로서 의료기관에서 의사의 관리 하에 기구를 사용하여 생체(生體)에 절단(切斷, 특정부위를 잘라내는 것), 절제(切除, 특정부위를 잘라 없애는 것) 등의 조작을 가하는 것(보건복지부 산하 신의료기술평가위원회(향후 제도 변경 시에는 동 위원회와 동일한 기능을 수행하는 기관)로부터 안전성과 치료효과를 인정받은 최신 수술기법도 포함됩니다)]를 말합니다.

다만, 흡인(吸 引, 주사기 등으로 발아들이는 것), 천자(穿 刺, 바늘 또는 관을 꽃아 체액·조직을 뽑아내거나 약물을 주입하는 것) 등의 조치 및 신경(神經) BLOCK(신경의 차단), 미용 성형상의 수술, 피임(避妊) 목적의 수술, 피임 및 불임술 후 가임목적의 수술, 검사 및 진단을 위한 수술[생검(生檢), 복강경 검사(腹 腔鏡檢査) 등]은 ""수술""에서 제외됩니다.

신의료기술평가위원회
---
⑧ ""간질환"", ""폐질환"" 또는 ""신장질환""의 진단확정은 의사가 작성한 문서화된 기록 또는 검사결과를 기초로 하여 내려져야 합니다.

제2-1조의6 “중환자실 입원”의 정의와 장소

① 이 특약에 있어서 ""중환자실 입원""이라 함은 의사에 의하여 ""6대질병""으로 인한 직접적인 치료를 목적으로 필요하다고 인정된 경우로서 자택 등에서의 치료가 곤란하여 ""중환자실(Intensive Care Unit, 집중치료실 또는 집중강화치료실)""(이하 ""중환자실""이라 합니다)에 입실하여 의사의 관리 하에 치료에 전념하는 것을 말합니다.

② ""중환자실""이라 함은 의료법 제36조(준수사항) 제1호 및 동법 시행규칙 제34조(의료기관의 시설기준 및 규격)에 따른 중환자실의 시설기준과 시설규격(<부표2-4> 참조)에 부합하는 입원치료실을 말합니다.

제2관 보험금의 지급
---
② ""뇌혈관질환""의 진단확정은 의료기관의 의사(치과의사 제외)에 의하여 내려져야 하며, 이 진단은 병력·신경학적 검진과 함께 뇌전산화단층찰영(brain CT scan), 자기공명영상(MRI), 뇌혈관조영술, 양전자방출단층술(PET), 단일광자방출 전산화단층술(SPECT), 뇌척수액 검사 등을 기초로 합니다. 그러나 피보험자가 사망하여 상기 검사방법을 진단의 기초로 할 수 없는 경우에 한하여 피보험자가 ""뇌혈관질환""으로 진단 또는 치료를 받고 있었음을 증명할 수 있는 문서화된 기록 또는 증거를 진단확정의 기초로 할 수 있습니다.",250212원문재검증(v3정화),v3-offline-0262,multi_evidence,False
8,상품,"각 특약에서 사고 발생 시 제출해야 할 사고증명서 종류와, 그 서류들이 왜 필요한지 알려줘","이 약관에서 사고증명서 조항이 확인되는 특약별 내용은 다음과 같습니다.

(간편)간호간병통합서비스사용입원특약(무배당, 해약환급금 미지급형): 이 특약의 사고증명서는 ""사망진단서, 진료비계산서, 진료비세부내역서, 입원치료확인서, 진단서(병명 및 분류코드 기입), 진료기록부(검사기록지 포함), 각종사고 증명서류 등""을 말합니다. 이 사고증명서는 의료기관, 국민건강보험공단, 경찰서 등에서 발급한 것이어야 하며, 간호·간병통합서비스 사용여부 및 사용일자를 판단할 수 있는 서류이어야 합니다. 즉, 보험금 지급사유(입원 및 서비스 사용 사실) 확인을 위해 필요합니다.

(간편)표적항암약물허가치료특약(무배당, 갱신형): 이 특약의 사고증명서는 ""사망진단서, 진단서(병명 및 분류코드 기입), 표적항암약물허가치료 증명서, 진료기록부(검사기록지 포함), 각종사고 증명서류 등""을 말합니다. 여기서 ""표적항암약물허가치료 증명서""는 표적항암약물허가치료 진단서 또는 표적항암약물허가치료 확인서(회사양식)를 말하며, 표적항암약물허가치료 사실 확인을 위해 필요합니다.",확정,"제2-5조 사고증명서

① 제1-5조(보험금 등의 청구) 제2호에서 말하는 이 특약의 사고증명서는 ""사망진단서, 진료비계산서, 진료비세부내역서, 입원치료확인서, 진단서 (병명 및 분류코드 기입), 진료기록부(검사기록지 포함), 각종사고 증명 서류 등""을 말합니다.

② 제1항의 사고증명서는 의료기관, 국민건강보험공단, 경찰서 등에서 발급한 것이어야 하며, 간호·간병통합서비스 사용여부 및 사용일자를 판단할 수 있는 서류이어야 합니다.

제2-6조 보험금 받는 방법의 변경

이 특약은 보험금 받는 방법의 변경을 적용하지 않습니다.
---
의식은 있으나 심신장애의 정도가 심해 자신의 행위 결과를 합리적으로 판단할 능력을 갖지 못한 상태

제2-5조 사고증명서

① 제1-5조(보험금 등의 청구) 제2호에서 말하는 이 특약의 사고증명서는 ""사망진단서, 진단서(병명 및 분류코드 기입), 표적항암약물허가치료 증 명서, 진료기록부(검사기록지 포함), 각종사고 증명서류 등""을 말합니다.

② 제1항의 “표적항암약물허가치료 증명서”는 다음의 서류를 말합니다.

가. 표적항암약물허가치료 진단서 또는 표적항암약물허가치료 확인서 (회사양식) (이하의 내용이 포함되어야 합니다)",250212원문재검증(v3정화),v3-offline-0035,multi_evidence,False
9,고객상담,납면특약에 가입되었어도 납면되지 않는 특약 알려줘,"납입면제특약에 가입하였더라도 다음의 경우는 「보험료납입면제대상계약」에 포함되지 않습니다. 가. 제2-2조의2(보험료 납입면제사유) 이외의 사유로 보험료납입을 면제하는 특약(다만, 이 특약의 보험종목 중에 한합니다), 나. 제2-2조의2(보험료 납입면제사유)의 사유 중 어느 한 가지를 보험료납입면제사유로 하는 주계약 및 부가특약(다만, 이 특약은 제외합니다), 다. 제2-2조의2(보험료 납입면제사유)에 따른 보험료납입면제사유 발생 시 소멸되는 주계약 및 부가특약, 라. 중도부가특약. 이 내용은 제2-8조(특약내용의 변경 등)에 따라 변경될 수 있습니다.",확정,"다만, 다음의 경우는 「보험료납입면제대상계약」에 포함되지 않으며, 제2-8조(특약내용의 변경 등)에 따라 변경될 수 있습니다.

가. 제2-2조의2(보험료 납입면제사유) 이외의 사유로 보험료납입을 면제하는 특약(다만, 이 특약의 보험종목 중에 한합니다)

나. 제2-2조의2(보험료 납입면제사유)의 사유 중 어느 한 가지를 보험료납입면제사유로 하는 주계약 및 부가특약(다만, 이 특약은 제외합니다)

다. 제2-2조의2(보험료 납입면제사유)에 따른 보험료납입면제사유 발생 시 소멸되는 주계약 및 부가특약

라. 중도부가특약",250212원문재검증(v3정화),v3-offline-0065,single_lookup,True
10,고객상담,뇌혈관질환의 진단확정 기준은 어떤 근거로 체크하면 되나요? 외상성 두개내 출혈도 뇌혈관질환에 해당되는지?,"뇌혈관질환의 진단확정은 의료기관의 의사(치과의사 제외)가 병력·신경학적 검진과 함께 뇌전산화단층촬영(CT), 자기공명영상(MRI), 뇌혈관조영술, 양전자방출단층술(PET), 단일광자방출 전산화단층술(SPECT), 뇌척수액 검사 등을 기초로 내려야 합니다. 피보험자가 사망하여 이러한 검사방법을 사용할 수 없는 경우에는 뇌혈관질환으로 진단 또는 치료를 받고 있었음을 증명할 수 있는 문서화된 기록 또는 증거로 진단확정할 수 있습니다. 외상성 두개내 출혈로 분류되는 경우에는 뇌혈관질환에 해당하지 않아 보장하지 않습니다.",확정,"제2-1조의9 ""뇌혈관질환""의 정의 및 진단확정

① 이 특약에 있어서 ""뇌혈관질환""이라 함은 제8차 개정 한국표준질병·사인분류 중 <부표2-5> ""뇌혈관질환 분류표""에 해당하는 항목을 말합니다. 다만, 혈관성 치매 또는 외상성 두개내 출혈로 분류되는 경우에는 보장하지 않습니다.

② ""뇌혈관질환""의 진단확정은 의료기관의 의사(치과의사 제외)에 의하여 내려져야 하며, 이 진단은 병력·신경학적 검진과 함께 뇌전산화단층촬영(brain CT scan), 자기공명영상(MRI), 뇌혈관조영술, 양전자방출단층술(PET), 단일광자방출 전산화단층술(SPECT), 뇌척수액 검사 등을 기초로 합니다. 그러나 피보험자가 사망하여 상기 검사방법을 진단의 기초로 할 수 없는 경우에 한하여 피보험자가 ""뇌혈관질환""으로 진단 또는 치료를 받고 있었음을 증명할 수 있는 문서화된 기록 또는 증거를 진단확정의 기초로 할 수 있습니다.

전산화단층촬영(CT)

Computed Tomography. 정밀도가 높은 X선으로 인체를 360도 방향에서 전체투사하여 나온 데이터를 컴퓨터로 조합하여 인체의 단면 영상을 그려내는 촬영기술",기존3단계검수+250212원문재앵커링,v3-offline-0083,single_lookup,True
11,고객상담,뇌심 주요치료비 청구시 구비서류 알려줘,"(간편)뇌혈관·허혈심장질환주요치료비특약(무배당, 갱신형)의 사고증명서는 ""사망진단서, 수술증명서, 입원증명서, 진단서(병명 및 분류코드 기입, 혈전용해치료 일자 및 내용 기입), 진료비세부내역서, 진료비계산서, 진료기록부(검사기록지, 혈전용해치료 기록지 포함), 중환자실 기록지, 각종사고 증명서류 등""을 말하며, 이 사고증명서는 의료기관, 국민건강보험공단, 경찰서 등에서 발급한 것이어야 합니다.",확정,"제2-5조 사고증명서

① 제1-5조(보험금 등의 청구) 제2호에서 말하는 이 특약의 사고증명서는 ""사망진단서, 수술증명서, 입원증명서, 진단서(병명 및 분류코드 기입, 혈전용해치료 일자 및 내용 기입), 진료비세부내역서, 진료비계산서, 진료기록부(검사기록지, 혈전용해치료 기록지 포함), 중환자실 기록지, 각 종사고 증명서류 등""을 말합니다.

② 제1항의 사고증명서는 의료기관, 국민건강보험공단, 경찰서 등에서 발급한 것이어야 합니다.",250212원문재검증(v3정화),v3-offline-0072,single_lookup,True
12,챗봇,신한통합건강보험 One 담보중 특정부정맥이란?,"'특정부정맥'이란 (간편)특정부정맥진단특약(무배당, 갱신형)에서 제8차 개정 한국표준질병·사인분류 중 <부표2-2> '특정부정맥 분류표'에 해당하는 항목을 말합니다. 진단확정은 의료기관의 의사(치과의사 제외)에 의해 증상·병력과 함께 심전도검사, 심장초음파, 관상동맥(심장동맥)촬영술, 혈액 중 심장 효소검사 등을 기초로 내려져야 합니다.",확정,"제2-1조의3 ""특정부정맥""의 정의 및 진단확정

① 이 특약에 있어서 ""특정부정맥""이라 함은 제8차 개정 한국표준질병·사인분류 중 <부표2-2> ""특정부정맥 분류표""에 해당하는 항목을 말합니다.

② ""특정부정맥""의 진단확정은 의료기관의 의사(치과의사 제외)에 의하여 내려져야 하며, 이 진단은 증상·병력과 함께 심전도검사, 심장초음파, 관상동맥(심장동맥)촬영술, 혈액 중 심근 효소검사 등을 기초로 하여야 합니다. 또한, 회사가 「특정부정맥」의 조사나 확인을 위하여 필요하다고 인정하는 경우 검사결과, 진료기록부의 사본 제출을 요청할 수 있습니다. 그러나 피보험자가 사망하여 상기 검사방법을 진단의 기초로 할 수 없는 경우에 한하여 피보험자가 ""특정부정맥""으로 진단 또는 치료를 받고 있었음을 증명할 수 있는 문서화된 기록 또는 증거를 진단확정의 기초로 할 수 있습니다.
---
제2-1조의4 ""허혈심장질환""의 정의 및 진단확정

① 이 특약에 있어서 ""허혈심장질환""이라 함은 제8차 개정 한국표준질병·사인분류 중 <부표2-3> ""허혈심장질환 분류표""에 해당하는 항목을 말합니다.

② ""허혈심장질환""의 진단확정은 의료기관의 의사(치과의사 제외)에 의하여 내려져야 하며, 이 진단은 병력과 함께 심전도, 심장초음파, 관상동맥(심장동맥)촬영술, 혈액중 심장 효소검사, 핵의학 검사 등을 기초로 하여야 합니다. 그러나 피보험자가 사망하여 상기 검사방법을 진단의 기초로 할 수 없는 경우에 한하여 다음 각 호의 어느 하나에 해당하는 경우에는 제1호 또는 제2호를 진단확정의 기초로 할 수 있습니다.

2212152200000007807

(간편)뇌혈관·허혈심장질환주요치료비특약(무배당, 갱신형)",기존3단계검수+250212원문재앵커링,v3-offline-0151,multi_evidence,False
13,Claim,고혈압(원발성)약물치료특약의 무효 사유는 무엇인가요?,"고혈압(원발성)약물치료특약은 피보험자가 고혈압보장개시일 전일 이전에 ""고혈압(원발성)""으로 진단이 확정되는 경우 무효로 하며, 계약자에게 실제 납입한 보험료 누계액(회사가 실제 지급한 금액 차감)을 돌려줍니다.",확정,"제1-10조(특약의 무효) 제1항 이외에 다음에 해당되는 경우에는 이 특약을 무효로 하며 계약자에게 실제 납입한 보험료 누계액(다만, ""감액 등으로 회사가 실제 지급한 금액""을 차감한 금액)을 돌려 드립니다.

1. 피보험자가 고혈압보장개시일 전일 이전에 제2-1조의2[""고혈압(원발성)"" 및 ""고혈압(원발성) 약물치료""의 정의 및 진단확정] 제1항에서 정한 ""고혈압(원발성)""으로 진단이 확정되는 경우",기존3단계검수+250212원문재앵커링,v3-offline-0054,single_lookup,True
14,Claim,(뇌졸중진단특약) 뇌졸중 중 보장하지 않는 경우는 무엇인가요?,"(간편)뇌졸중진단특약(무배당, 해약환급금 미지급형)에서 ""뇌졸중""이라 함은 제8차 개정 한국표준질병·사인분류 중 <부표2-2> ""뇌졸중 분류표""에 해당하는 항목을 말합니다. 다만, 혈관성 치매 또는 외상성 두개내 출혈로 분류되는 경우에는 보장하지 않습니다.",확정,"제2-1조의2 “뇌졸중” 정의 및 진단확정

① 이 특약에 있어서 ""뇌졸중""이라 함은 제8차 개정 한국표준질병·사인분류 중 <부표2-2> ""뇌졸중 분류표""에 해당하는 항목을 말합니다. 다만, 혈관성 치매 또는 외상성 두개내 출혈로 분류되는 경우에는 보장하지

SHINHAN LIFE

1292

---

$$ \therefore $$

않습니다.",250212원문재검증(v3정화),v3-offline-0006,single_lookup,True
15,LICO,같은날여러수술을받으면중복지급되나요?,동시에 두 종류 이상의 수술을 받은 경우 가장 높은 급여금에 해당하는 한 종류만 지급합니다. 다만 동일한 신체부위가 아닌 경우로서 의학적으로 치료목적이 다른 독립적인 수술은 각 보장계약의 수술급여금을 각각 지급합니다.,확정,"⑤ 회사는 피보험자가 동시에 두 종류 이상의 수술을 받은 경우에는 그 수술 중 가장 높은 급여금에 해당하는 한 종류의 수술에 대하여 해당 보장계약의 수술급여금을 지급합니다. 다만, 동시에 두 종류 이상의 수술을 받은 경우라 하더라도 동일한 신체부위가 아닌 경우로서 의학적으로 치료목적이 다른 독립적인 수술을 받은 경우에는 각 보장계약의 수술급여금을 지급합니다.",기존3단계검수+250212원문재앵커링,v3-offline-0046,single_lookup,True
16,고객상담,주계약 및 특약별 납입면제 조건을 알려줘,"주계약 및 특약별 보험료 납입면제 관련 조건은 다음과 같습니다.

[주계약 연동] 특약보험료 납입기간 중 주계약의 보험료 납입이 면제된 경우 이 특약의 차회 이후 보험료 납입을 면제합니다. 다만, 주계약의 보험료 납입면제가 ""보험료의 납입을 면제하는 특약""에 의해 납입면제가 된 경우 그 ""보험료의 납입을 면제하는 특약""의 약관에서 정한 바를 따르며, 이 특약이 해당 약관의 「보험료납입면제대상계약」에 해당되지 않는 경우 보험료 납입면제가 되지 않습니다.

(간편)[50%장해납입면제형]보험료납입면제특약(무배당, 해약환급금 미지급형): 회사는 특약보험기간 중 피보험자가 「장해분류표(<부표2-2> 참조) 중 동일한 재해 또는 재해 이외의 동일한 원인으로 여러 신체부위의 장해지급률을 더하여 50% 이상인 장해상태」가 되었을 때 차회 이후의 ""보험료납입면제대상계약""의 보험료(다만, 추가납입보험료 제외) 납입을 면제하여 드립니다.

[중등도이상치매납입면제형]보험료납입면제특약(무배당, 해약환급금 미지급형): 회사는 특약보험기간 중 피보험자가 치매보장개시일 이후에 중등도이상치매상태로 최종 진단확정되었을 때 차회 이후의 ""보험료납입면제대상계약""의 보험료(다만, 추가납입보험료 제외) 납입을 면제하여 드립니다.

(간편)[허혈심장질환납입면제형]보험료납입면제특약(무배당, 갱신형): 회사는 특약보험기간 중 피보험자가 허혈심장질환으로 진단 확정되었을 때 차회 이후의 ""보험료납입면제대상계약""의 보험료(다만, 추가납입보험료 제외) 납입을 면제합니다.",확정,"이 특약은 보험금의 지급사유가 없습니다.

제2-2조의2 보험료 납입면제사유

회사는 특약보험기간 중 피보험자가 「장해분류표(<부표2-2> 참조) 중 동일한 재해 또는 재해 이외의 동일한 원인으로 여러 신체부위의 장해지급률을 더하여 50% 이상인 장해상태」가 되었을 때 차회 이후의 “보험료납입면제대상계약”의 보험료(다만, 추가납입보험료 제외) 납입을 면제하여 드립니다.

___

22121522000000071433
---
회사는 특약보험기간 중 피보험자가 치매보장개시일 이후에 중등도이상치매상태로 최종 진단확정되었을 때 차회 이후의 ""보험료납입면제대상계약""의 보험료(다만, 추가납입보험료 제외) 납입을 면제하여 드립니다.
---
회사는 특약보험기간 중 피보험자가 「동일한 재해를 직접적인 원인으로 장해분류표(<부표2-2> 참조)에서 정한 장해지급률 중 50%이상에 해당하는 장해상태가 되었을 때」 또는 「동일한 재해를 직접적인 원인으로 장해분류표(<부표2-2> 참조)에서 정한 장해지급률 중 80%이상에 해당하는 장해상태가 되었을 때」 보험수익자에게 약정한 재해장해생활비(<부표2-1> ""보험금 지급기준표"" 참조)를 지급합니다. (다만, 각각 최초 1회에 한함)

제2-3조 보험금 지급에 관한 세부규정

① 특약보험료 납입기간 중 주계약의 보험료 납입이 면제된 경우 이 특약의 차회 이후 보험료 납입을 면제합니다. 다만, 주계약의 보험료 납입면제가 ""보험료의 납입을 면제하는 특약""에 의해 납입면제가 된 경우 그 ""보험료의 납입을 면제하는 특약""의 약관에서 정한 바를 따르며, 이 특약이 해당 약관의 「보험료납입면제대상계약」에 해당되지 않는 경우 보험료 납입면제가 되지 않습니다.

② 재해는 특약보험기간 중 발생한 재해에 한하며, 특약보험기간 중 발생한 재해가 아닌 경우에는 보험금 지급사유 중 해당 재해와 관련한 보험금을 지급하지 않습니다.

③ 제2-2조(보험금의 지급사유)에서 장해지급률이 재해일부터 180일 이내에 확정되지 않는 경우에는 재해일부터 180일이 되는 날의 의사의 진단에 기초하여 고정될 것으로 인정되는 상태를 장해지급률로 결정합니다. 다만, 장해분류표(<부표2-2> 참조)에 장해판정시기를 별도로 정한 경우에는 그에 따릅니다.
---
이 특약은 보험금의 지급사유가 없습니다.

제2-2조의2 보험료 납입면제사유

회사는 특약보험기간 중 피보험자가 허혈심장질환으로 진단 확정되었을 때 차회 이후의 ""보험료납입면제대상계약""의 보험료(다만, 추가납입보험료

22121522000000071528

(간편)[허혈심장질환납입면제형]보험료납입면제특약(무배당, 갱신형) 3053",250212원문재검증(v3정화),v3-offline-0257,multi_evidence,False
17,고객상담,알릴의무 위반했을때 규정 찾아줘,"계약 전 알릴 의무 위반의 효과(제14조)에 따라, 계약자 또는 피보험자가 고의 또는 중대한 과실로 중요한 사항을 사실과 다르게 알린 경우 회사는 별도로 정하는 방법에 따라 계약을 해지하거나 보장을 제한할 수 있습니다(일정 요건에 해당하면 해지·보장제한 불가).",확정,"제14조 계약 전 알릴 의무 위반의 효과

① 회사는 계약자 또는 피보험자가 제13조(계약 전 알릴 의무)에도 불구하고 고의 또는 중대한 과실로 중요한 사항에 대하여 사실과 다르게 알린 경우에는 회사가 별도로 정하는 방법에 따라 계약을 해지하거나 보장을 제한할 수 있습니다. 그러나 다음 중 한 가지에 해당되는 때에는 계약을 해지하거나 보장을 제한할 수 없습니다.",기존3단계검수+250212원문재앵커링,v3-offline-0167,single_lookup,True
18,Claim,"재해장해특약에서 기지급된 재해장해급여금이 있는 경우, 동일부위에 추가로 재해장해가 발생하면 추가보험금은 어떻게 지급하나요?","이미 (3-100%)재해장해급여금을 지급받은 동일부위에 다른 재해로 장해가 가중된 때에는, 최종 장해상태에 해당하는 (3-100%)재해장해급여금에서 이미 지급받은 재해장해급여금을 뺀 차액만 지급합니다.",확정,"⑪ 제2-2조(보험금의 지급사유)에서 다른 재해로 장해가 2회 이상 발생하였을 경우에는 그 때마다 이에 해당하는 장해지급률을 결정합니다. 그러나 그 장해가 이미 (3~100%)재해장해급여금을 지급받은 동일부위에 가중된 때에는 최종장해상태에 해당하는 (3~100%)재해장해급여금에서 이미 지급받은 (3~100%)재해장해급여금을 뺀 금액을 지급합니다. 다만, 장해분류표(<부표2-2> 참조)의 각 신체부위별 판정기준에서 별도로 정한 경우에는 그 기준을 따릅니다.",기존3단계검수+250212원문재앵커링,v3-offline-0244,single_lookup,True
19,LICO,갑상선암도일반암인가요?,"갑상선암은 원칙적으로 이 특약의 ""암""에서 제외됩니다. (간편)[기본]일반암진단특약(무배당, 갱신형)에서 이 특약의 ""암""은 「기타피부암, 갑상선암, 대장점막내암 및 비침습방광암」을 제외하며, 다만 이 특약의 ""중증 갑상선암""은 ""갑상선암""에 해당하는 질병 중 ""수질성암 (Medullary carcinoma)"" 또는 ""역형성암(Anaplastic carcinoma)""에 해당하는 질병을 말하고, ""중증 이외 갑상선암""이라 함은 ""갑상선암""에 해당하는 질병 중 ""중증 갑상선암""을 제외한 나머지 갑상선암을 말합니다. ""암"" 및 ""중증 갑상선암"" 보장개시일은 최초계약의 계약일부터 그날을 포함하여 90일이 지난날의 다음 날로 합니다. 한편 (간편)[기본]소액암진단특약(무배당, 갱신형)의 소액암진단급여금은 특약보험기간 중 피보험자가 보장개시일 이후에 ""기타피부암"", ""중증이외갑상선암"", ""제자리암"", ""경계성종양"", ""대장점막내암"" 또는 ""비침습방광암""으로 진단확정 되었을 때(다만, 각각 최초1회의 진단확정에 한함) 특약보험가입금액의 100%(다만, 최초계약의 계약일부터 1년 미만에 지급사유가 발생한 경우 특약보험가입금액의 50%를 지급함)를 지급합니다.",확정,"※ 1년 미만 : 최초계약의 계약일부터 1년이 되는 시점의 계약해당일의 전날까지

주) 1. 「이 특약의 피보험자가 특약보험기간 중 사망하거나 이 특약의 보험금 지급사유가 더 이상 발생할 수 없는 경우」 또는 「주계약이 해지, 무효, 취소 또는 철회된 경우」 이 특약은 그때부터 효력이 없습니다. 다만, 특약보험기간 중 피보험자가 사망한 경우에는 산출방법서에서 정하는 바에 따라 회사가 적립한 사망당시의 계약자적립액을 계약자에게 지급합니다.
2. ""암"" 및 ""중증 갑상선암"" 보장개시일은 최초계약의 계약일부터 그날을 포함하여 90일이 지난날의 다음 날로 하며 갱신계약의 경우 갱신일로 합니다. 다만, 부활(효력회복)계약의 경우 최초계약 및 갱신계약의 부활(효력회복)일부터 그날을 포함하여 90일이 지난날의 다음 날로 합니다.
3. 이 특약의 ""암""은 「기타피부암, 갑상선암, 대장점막내암 및 비침습방광암」을 제외하며, 「여성유방암 및 전립선암, 이외의 암」이라 함은 ""암"" 중에서 ""여성유방암"" 및 ""전립선암""을 제외한 ""암""을 말합니다.
4. 이 특약의 ""중증 갑상선암""은 ""갑상선암""에 해당하는 질병 중 ""수질성암 (Medullary carcinoma)"" 또는 ""역형성암(Anaplastic carcinoma)""에 해당하는 질병을 말하며, ""중증 이외 갑상선암""이라 함은 ""갑상선암""에 해당하는 질병 중 ""중증 갑상선암""을 제외한 나머지 갑상선암을 말합니다.

___

---
| 소액암진단급여금 | 특약보험기간 중 피보험자가 보장개시일 이후에 ""기타피부암"", ""중증이외갑상선암"", ""제자리암"", ""경계성종양"", ""대장점막내암"" 또는 ""비침습방광암""으로 진단확정 되었을 때 (다만, 각각 최초1회의 진단확정에 한함) | 특약보험가입금액의 100% (다만, 최초계약의 계약일부터 1년 미만에 지급사유가 발생한 경우 특약보험가입금액의 50%를 지급함) |",250212원문재검증(v3정화),v3-offline-0043,multi_evidence,False
20,Claim,고혈압(원발성)약물치료특약의 지급요건은 무엇인가요?,"고혈압보장개시일 이후에 ""고혈압(원발성)""으로 진단확정되고, 그 직접적인 치료를 목적으로 특약보험기간 중 180일 이상의 기간 동안 ""고혈압(원발성)약물치료""를 받았을 때 고혈압(원발성)약물치료급여금을 지급합니다(최초 1회 한). 약물치료는 의약품 분류번호 214(혈압강하제) 의약품을 누적 180일 이상 처방·치료한 것을 말합니다.",확정,"회사는 특약보험기간 중 피보험자가 고혈압보장개시일 이후에 ""고혈압(원발성)""으로 진단확정되고 특약보험기간 중 그 직접적인 치료를 목적으로 180일 이상의 기간 동안 ""고혈압(원발성)약물치료""를 받았을 때, 보험수익자에게 약정한 고혈압(원발성)약물치료급여금(<부표2-1> ""보험금 지급기준표"" 참조)을 지급합니다. (다만, 최초 1회에 한함)
---
2. 특약보험기간 중 피보험자의 사망으로 이 특약이 소멸하는 경우에는 계약 자적립액 등을 지급하지 않습니다.

3. ""고혈압보장개시일""은 계약일[부활(효력회복)일]부터 그날을 포함하여 1년이 지난날의 다음 날로 합니다.

4. ""고혈압(원발성)약물치료""라 함은 의사가 피보험자의 ""고혈압(원발성)""의 직접적인 치료를 목적으로 하는 약물(식품의약품안전처 예규「의약품 등 분류번호에 관한 규정」에 의하여 의약품 분류번호 '214(혈압강하제)'(예규 개정에 따라 분류번호가 변경되는 경우 '혈압강하제'에 준하는 분류번호)로 분류되는 의약품을 180일 이상의 기간에 대해 처방하여 치료하는 것을 말합니다. 다만, ""고혈압(원발성)""이 동반되지 않고 기타질환의 증상관리나 합병증 예방을 목적으로 혈압강하제가 투여된 경우에는 보상하지 않습니다.

5. 약물을 180일 이상의 기간에 대해 처방하여 치료하는 것이라 함은 약물 처방일수의 합이 누적하여 180일 이상 처방하여 치료하는 것을 의미합니다.

_____________________________________________________________",기존3단계검수+250212원문재앵커링,v3-offline-0056,multi_evidence,False
21,LICO,수술 1종부터 5종까지차이가뭔가요?,"(간편)1-5종수술특약(무배당, 갱신형)은 ""1~5종 수술분류표""(<부표2-2> 참조)에서 정하는 수술종류에 따라 ""1종 보장계약"", ""2종 보장계약"", ""3종 보장계약"", ""4종 보장계약"", ""5종 보장계약""으로 이루어지며, 계약자는 각 보장계약을 동시에 체결하여야 하고, 각 보장계약의 보험가입금액은 별도로 설정할 수 있습니다. 회사는 특약보험기간 중 피보험자가 질병 또는 재해로 인한 그 직접적인 치료를 목적으로 ""1~5종 수술분류표""(<부표2-2> 참조)에서 정하는 수술을 받았을 때 보험수익자에게 약정한 각 보장계약에 해당하는 수술급여금(<부표2-1> ""보험금 지급기준표"" 참조)을 지급합니다(수술 1회당). 즉, 1종부터 5종까지의 차이는 받은 수술이 ""1~5종 수술분류표""상 어느 보장계약에 해당하는지에 따른 것이며, 각 보장계약별 보장내용, 유지, 감액 등이 다릅니다.",확정,"이 특약은 ""1~5종 수술분류표""(<부표2-2> 참조)에서 정하는 수술종류에 따라 ""1종 보장계약"", ""2종 보장계약"", ""3종 보장계약"", ""4종 보장계약"", ""5종 보장계약""으로 이루어집니다. 계약자는 각 보장계약을 동시에 체결하여야 하며, 각 보장계약의 보험가입금액은 별도로 설정할 수 있습니다. (이하 각 보장계약을 합하여 ""특약""이라 합니다)
---
---

5. 5종 보장계약: 특약보험기간 중 피보험자가 제2-2조(보험금의 지급사유)에서 정한 5종 수술급여금을 보장받기 위한 계약

※ 각 보장계약별 보장내용, 유지, 감액 등이 다르므로 각 조항을 꼭 확인하시기 바랍니다.

제2관 보험금의 지급

제2-2조 보험금의 지급사유
---
제2관 보험금의 지급

제2-2조 보험금의 지급사유

회사는 특약보험기간 중 피보험자가 질병 또는 재해로 인한 그 직접적인 치료를 목적으로 ""1~5종 수술분류표""(<부표2-2> 참조)에서 정하는 수술을 받았을 때 보험수익자에게 약정한 각 보장계약에 해당하는 수술급여금(<부표2-1> ""보험금 지급기준표"" 참조)을 지급합니다. (수술 1회당)

2212152200000007936

(간편)1-5종수술특약(무배당, 갱신형)",250212원문재검증(v3정화),v3-offline-0132,comparison,False
22,고객상담,경피적수술의 의미가 무엇인가요?,"약관상 '경피적(經皮的, Percutaneous) 수술'은 피부에 절개를 가해 병변을 직접 노출시켜 수술하는 관혈적 수술과 달리, 내시경(Fiberscope) 또는 카테터(Catheter)·고주파 전극 등을 이용하여 피부를 통해 시행하는 수술을 말합니다. 1~5종 수술분류표에서 이러한 경피적 수술은 '88항'을 적용합니다(다만 복강경·흉강경에 의한 수술은 해당부위 1~87항의 수술로 적용).",확정,"(주) 상기 1 ~ 87항의 수술 중 내시경(Fiberscope)을 이용한 내시경 수술 또는 카테터(Catheter) 등에 의한 경피적(經皮的, Percutaneous) 수술은 88항을 적용합니다. 다만, 복강경·흉강경에 의한 수술은 해당부위(1 ~ 87항)의 수술로 적용합니다.
---
1. ""수술""이라 함은 의사, 치과의사 또는 한의사의 자격을 가진 자가 피보험자의 질병 또는 재해로 인한 직접적인 치료를 목적으로 필요하다고 인정한 경우로서 의료기관에서 의사의 관리하에 <1∼5종 수술분류표>에 정한 행위를 말합니다. ""수술""은 기구를 사용하여 생체에 절단(切斷, 특정부위를 잘라내는 것), 절제(切除, 특정부위를 잘라 없애는 것) 등의 조작을 가하는 것(보건복지부 산하 신의료기술평가위원회【향후 제도변경시에는 동 위원회와 동일한 기능을 수행하는 기관】로부터 안전성과 치료효과를 인정받은 최신 수술기법도 포함됩니다.)을 말합니다. 다만, 흡인(吸引, 주사기 등으로 빨아들이는 것), 천자(穿刺, 바늘 또는 관을 꽂아 체액·조직을 뽑아내거나 약물을 주입하는 것) 등의 조치 및 신경(神経) BLOCK(신경의 차단), 미용 성형상의 수술, 피임(避妊) 목적의 수술, 피임 및 불임술 후 가임목적의 수술, 검사 및 진단을 위한 수술[생검(生檢), 복강경 검사(腹鏡檢査) 등]은 ""수술""에서 제외합니다.

2. '관혈(觀血)' 수술이라 함은 병변 부위를 육안으로 직접 보면서 수술적 조작을 하기 위해 피부에 절개를 가하고 병변부위를 노출시켜서 수술하는 것을 말합니다.

3. '근본(根本)' 혹은 '근치(根治)' 수술이라 함은 일회의 수술로 해당 질병을 완전히 치유할 수 있는 수술을 말합니다.

4. '관혈적 악성신생물 근치수술'이라 함은 관혈적 방법을 통해 악성신생물의 원발 병소를 완전히 절제, 적제, 적출하고 혹은 곽청술을 함께 실시한 경우입니다.

5. <1 ~ 5종 수술분류표> 상에 열거되지 않은 선진의료적 첨단 수술에 대한 인정 및 적용 기준<1 ~ 5종 수술분류표> 에서의 선진의료적 첨단 수술은 상기 ""수술""의 정의에 해당하여야 하고 약물 투여치료, 방사선조사치료 또는 기타의 보존적 치료로 분류될 수 없는 경우이어야 합니다.
---
2) 단, 이 선진의료적 첨단 수술이 본질적으로 내시경(Fiberscope)에 의한 내시경 수술 또는 카테터(Catheter)-고주파 전극 등에 의한 경피적 수술인 경우에는 <1 ~ 5종 수술분류표> 중 '일반 질병 및 재해치료 목적의 수술' 88항 (약성신생물의 경우는 '약성신생물 치료목적의 수술' 2항)을 우선 적용합니다.",기존3단계검수+250212원문재앵커링,v3-offline-0051,multi_evidence,False
23,챗봇,통합건강보험 원 특약 중  여성 12대 주요암,"'(간편)여성12대주요암진단특약(무배당, 해약환급금 미지급형)'은 위암, 간암, 폐암, 담낭암, 담도암, 후두암, 식도암, 구강암, 자궁암, 난소암, 뼈암, 심장암을 여성 12대 주요암으로 정의합니다. 이 특약은 보험기간 중 피보험자가 여성12대주요암보장개시일(계약일[부활일] 포함 90일 경과 다음날) 이후에 여성12대주요암으로 진단 확정될 때 최초 1회에 한해 여성12대주요암진단급여금을 지급합니다. 지급금액은 특약보험가입금액의 100%이며, 계약일부터 1년 미만에 지급사유가 발생한 경우 50%만 지급합니다.",확정,"|------|---------|----------|
| 여성12대주요암진단급여금 | 특약보험기간 중 피보험자가 여성12대주요암보장개시일 이후에 ""여성12대주요암""으로 진단 확정되었을 때 (다만, 최초 1회의 진단확정에 한함) | 특약보험가입금액의 100% (다만, 계약일부터 1년 미만에 지급사유가 발생한 경우 ""특약보험가입금액의 50%""를 지급함) |

※ 1년미만 : 계약일부터 1년이 되는 시점의 계약해당일의 전날까지
※ 여성12대주요암 : 위암, 간암, 폐암, 담낭암, 담도암, 후두암, 식도암, 구강암, 자궁암, 난소암, 뼈암, 심장암 (세부사항은 <부표2-3> 참조)

주) 1. 「이 특약의 피보험자가 특약보험기간 중 사망하거나 이 특약의 보험금 지급사유가 더 이상 발생할 수 없는 경우」 또는 「주계약이 해지, 무효, 취소 또는 철회된 경우」 이 특약은 그때부터 효력이 없습니다.
2. 특약보험기간 중 피보험자의 사망으로 이 특약이 소멸하는 경우에는 계약자적립액 등을 지급하지 않습니다.
3. ""여성12대주요암보장개시일""은 계약일[부활(효력회복)일]부터 그날을 포함하여 90일이 지난날의 다음 날로 합니다.
---
- 일반심사형의 경우: “(간편)” 부분이 없습니다.

- 일반형의 경우: “(무배당, 해약환급금 미지급형)” 부분이 “(무배당)”으로 변경됩니다. ※ “간편심사형”과 “일반심사형” 모두 이 약관을 적용합니다.

※ 이 특약명 “(간편)여성12대주요암진단특약(무배당, 해약환급금 미지급형)”에서 여성 12대주요암이라 함은 “위암, 간암, 폐암, 담낭암, 담도암, 후두암, 식도암, 구강암, 자궁암, 난소암, 뼈암, 심장암 [세부사항은 여성12대주요암 분류표(<부표2-3> 참조)]”을 말합니다.

제1편 일반사항

[특약 약관] 제1편 일반사항 제1-1조부터 제1-13조까지를 이 특약 ""제1편 일반사항""으로 합니다.
---
S

| 구분 | 지급사유 | 지급금액 |
|------|---------|----------|
| 항암양성자 방사선 치료급여금 | 특약보험기간 중 피보험자가 보장개시일 (""암""의 경우 암보장개시일) 이후에 ""암"", ""기타피부암"", ""갑상선암"", ""대장점막내암"" 또는 ""비침습방광암""으로 진단확정 되고, 특약보험기간 중 그 ""암"", ""기타피부암"", ""갑상선암"", ""대장점막내암"" 또는 ""비침습방광암""의 직접적인 치료를 목적으로 ""항암양성자방사선치료""를 받았을 때 (다만, 최초 1회에 한함) | 특약보험가입금액의 100% (다만, 최초계약의 계약일부터 1년 미만에 지급사유가 발생한 경우 ""특약보험가입금액의 50%""를 지급함) |

※ 1년 미만 : 최초계약의 계약일부터 1년이 되는 시점의 계약해당일의 전날까지

주) 1. 「이 특약의 피보험자가 특약보험기간 중 사망하거나 이 특약의 보험금 지급사유가 더 이상 발생할 수 없는 경우」 또는 「주계약이 해지, 무효, 취소 또는 철회된 경우」 이 특약은 그때부터 더 이상 효력이 없습니다. 다만, 특약보험기간 중 피보험자가 사망한 경우에는 산출방법서에서 정하는 바에 따라 회사가 적립한 사망당시의 계약자적립액을 계약자에게 지급합니다.",기존3단계검수+250212원문재앵커링,v3-offline-0291,multi_evidence,False
24,고객상담,"항암방사선, 양성자방사선등 보장기준 알려줘","항암방사선치료특약은 방사선종양학과 전문의가 피보험자의 암, 기타피부암, 갑상선암, 대장점막내암, 비침습방광암, 제자리암, 경계성종양의 직접적인 치료를 목적으로 고에너지 전리 방사선을 조사하는 치료를 받을 때 보장합니다. 보험금은 각 암 종류별 최초 1회에 한해 지급됩니다(간편심사형: 기타피부암, 갑상선암, 제자리암, 경계성종양 각각 1회 한도, 일반심사형: 동일). 양성자방사선치료는 별도의 항암양성자방사선치료특약에서 보장하며, 국내 허가된 양성자치료센터에서 수소 원자핵(양성자)을 이용해 암, 기타피부암, 갑상선암, 대장점막내암, 비침습방광암의 직접 치료를 받을 때 최초 1회에 한해 지급합니다.",확정,"④ 식품의약품안전처 예규「의약품 등 분류번호에 관한 규정」에서 표적항 암제의 분류번호를 특정하여 발령하는 경우, 제1항에서 정한 ""표적항암제"" 이외에 추가로 해당하는 의약품 또한 포함하는 것으로 합니다.

제2-1조의11 ""항암방사선치료""의 정의

이 특약에 있어서 ""항암방사선치료""라 함은 방사선종양학과 전문의 자격증을 가진 자가 피보험자의 암, 기타피부암, 갑상선암, 대장점막내암, 비침습방광암, 제자리암 또는 경계성종양의 직접적인 치료를 목적으로 고에너지전리 방사선(ionizing radiation)을 조사(照射)하여 암세포를 죽이는 치료법을 말합니다.

제2-1조의12 ""항암양성자방사선치료""의 정의

이 특약에 있어서 ""항암양성자방사선치료""라 함은 제2-1조의11(""항암방사선치료""의 정의)에서 정한 ""항암방사선치료"" 중, 방사선종양학과 전문의 자격증을 가진 자가 국내에 허가된 양성자치료센터에서 피보험자의 암, 기타
---
[일반심사형의 경우]

1. 특약보험기간 중 피보험자가 보장개시일(암의 경우 암보장개시일) 이후에 ""암"", ""대장점막내암"" 또는 ""비침습방광암""으로 진단확정 되고, 특약보험기간 중 그 ""암"", ""대장점막내암"" 또는 ""비침습방광암""의 직접적인 치료를 목적으로 ""항암방사선치료""를 받았을 때에는 보험수익자에게 약정한 항암방사선치료급여금을 지급합니다. (다만, 최초 1회에 한함)

2. 특약보험기간 중 피보험자가 보장개시일 이후에 ""기타피부암"", ""갑상선암"", ""제자리암"", ""경계성종양""으로 진단확정 되고, 특약보험기간 중 그 ""기타피부암"", ""갑상선암"", ""제자리암"", ""경계성종양""의 직접적인 치료를 목적으로 ""항암방사선치료""를 받았을 때에는 보험수익자에게 약정한 항암방사선치료급여금을 지급합니다. (다만, ""기타피부암"", ""갑상선암"", ""제자리암"", ""경계성종양"" 각각 최초 1회에 한함)

제2-3조 보험금 지급에 관한 세부규정

① 특약보험료 납입기간 중 주계약의 보험료 납입이 면제된 경우 이 특약의 차회 이후 보험료 납입을 면제합니다. 다만, 주계약의 보험료 납입 면제가 ""보험료의 납입을 면제하는 특약""에 의해 납입면제가 된 경우 그 ""보험료의 납입을 면제하는 특약""의 약관에서 정한 바를 따르며, 이 특약이 해당 약관의 「보험료납입면제대상계약」에 해당되지 않는 경우 보험료 납입면제가 되지 않습니다.",기존3단계검수+250212원문재앵커링,v3-offline-0334,multi_evidence,False
25,고객상담,뇌출혈로 진단되어 치료중인데 질병장해급여금은 언제 청구할수있어?,"뇌출혈 진단만으로 바로 청구할 수 있는 것은 아닙니다. (간편)[3~100%장해형]질병장해특약은 특약보험기간 중 피보험자가 질병을 직접적인 원인으로 장해분류표에서 정한 장해지급률 중 3% 이상 100% 이하에 해당하는 장해상태가 되었을 경우에 보험수익자에게 약정한 (3~100%)질병장해급여금을 지급합니다. 청구 시점과 관련하여, 장해지급률이 질병의 진단확정일부터 180일 이내에 확정되지 않는 경우에는 질병의 진단확정일부터 180일이 되는 날의 의사의 진단에 기초하여 고정될 것으로 인정되는 상태를 장해지급률로 결정합니다. 다만, 장해분류표에 장해판정시기를 별도로 정한 경우에는 그에 따릅니다. 따라서 장해상태 해당 여부와 장해지급률이 확정된 후에 청구하실 수 있습니다.",확정,"① 특약보험료 납입기간 중 주계약의 보험료 납입이 면제된 경우 이 특약의 차회 이후 보험료 납입을 면제합니다. 다만, 주계약의 보험료 납입 면제가 ""보험료의 납입을 면제하는 특약""에 의해 납입면제가 된 경우 그 ""보험료의 납입을 면제하는 특약""의 약관에서 정한 바를 따르며, 이 특약이 해당 약관의 「보험료납입면제대상계약」에 해당되지 않는 경우 보험료 납입면제가 되지 않습니다.

② 제2-2조(보험금의 지급사유)에서 장해지급률이 질병의 진단확정일부터 180일 이내에 확정되지 않는 경우에는 질병의 진단확정일부터 180일 이 되는 날의 의사의 진단에 기초하여 고정될 것으로 인정되는 상태를 장해지급률로 결정합니다. 다만, 장해분류표(<부표2-4> 참조)에 장해판 정시기를 별도로 정한 경우에는 그에 따릅니다.

③ 제2항 및 제7항에 따라 장해지급률이 결정되었으나 그 이후 보장받을 수 있는 기간(특약의 효력이 없어진 경우에는 보험기간이 10년 이상인 특약은 질병의 진단확정일부터 2년 이내로 하고, 보험기간이 10년 미 만인 특약은 질병의 진단확정일부터 1년 이내)에 장해상태가 더 악화된 때에는 그 악화된 장해상태를 기준으로 장해지급률을 결정합니다.

④ 장해분류표(<부표2-4> 참조)에 해당되지 않는 장해는 신체의 장해정도에 따라 장해분류표(<부표2-4> 참조)의 구분에 준하여 장해지급률을 결정합니다.

⑤ 제1항 및 제2-2조(보험금의 지급사유)의 경우 하나의 장해가 관찰방법에 따라서 장해분류표(<부표2-4> 참조)상 두 가지 이상의 신체부위에서 장해로 평가되는 경우에는 그 중 높은 장해지급률을 적용합니다. 또한, 하나의 장해가 다른 장해와 통상 파생하는 관계에 있는 경우에는 그 중 높은 장해지급률만을 적용하며, 하나의 장해로 둘 이상의 파생장해가 발생하는 경우 각 파생장해의 장해지급률을 더한 장해지급률과 최초 장해의 장해지급률을 비교하여 그 중 높은 장해지급률을 적용합니다.
---
회사는 특약보험기간 중 피보험자가 질병을 직접적인 원인으로 장해분류표 (<부표2-2> 참조) 에서 정한 장해지급률 중 3% 이상 100% 이하에 해당하는 장해상태가 되었을 경우에는 보험수익자에게 약정한 (3~100%)질병장해급여금(<부표2-1> ""보험금 지급기준표"" 참조)을 지급합니다.",250212원문재검증(v3정화),v3-offline-0077,multi_evidence,False
26,고객상담,(간편)표적항암약물허가치료특약에서 보장 가능한 약물 알려줘,"(간편)표적항암약물허가치료특약에 있어서 ""표적항암제""란 식품의약품안전처 예규「의약품 등 분류번호에 관한 규정」에 의하여 의약품 분류번호 ""421(항악성종양제)""로 분류되는 의약품에 해당하는 치료제를 말합니다. 다만, 호르몬 관련 치료제는 ""표적항암제""의 범위에서 제외됩니다. 호르몬 관련 치료제란, 항암치료에 사용되는 호르몬제제, 암세포에 있는 호르몬 수용체에 작용하는 약제, 암을 성장시키는데 기여하는 호르몬이 생성되는 해당 장기에 작용하는 약제 등을 말합니다. 2019년 8월 기준 ""표적항암제""에 해당하는 의약품명 및 성분명은 <부표2-3> ""표적항암제 해당 의약품명 및 성분명""에 기재하고 있으므로 자세한 사항은 해당 내용을 확인하시기 바랍니다.",확정,"① 이 특약에 있어서 ""표적항암제""란 식품의약품안전처 예규「의약품 등 분류번호에 관한 규정」에 의하여 의약품 분류번호 ""421(항악성종양제)""(예규 개정에 따라 분류번호가 변경되는 경우 ""항악성종양제""에 준하는 분류번호)로 분류되는 의약품 중, 종양의 성장, 진행 및 확산에 직접 관여하여 특정한 분자의 기능을 방해함으로써 암세포의 성장과 확산

SHINHAN LIFE

902

---

을 억제하는 치료제를 말합니다. 다만, 호르몬 관련 치료제는 “표적항암제”의 범위에서 제외됩니다.

호르몬 관련 치료제

호르몬 관련 치료제란, 항암치료에 사용되는 호르몬제제, 암세포에 있는 호르몬 수용체에 작용하는 약제, 암을 성장시키는데 기여하는 호르몬이 생성되는 해당 장기에 작용하는 약제 등을 말합니다.

""표적항암제"" 해당 의약품명 및 성분명 안내

""표적항암제""에 대한 보험가입자의 이해를 돕기 위하여, 2019년 8월 기준 ""표적항암제""에 해당하는 의약품명 및 성분명을 <부표2-3> ""표적항암제 해당 의약품명 및 성분명""에 기재하고 있습니다. 자세한 사항은 해당 내용을 확인하시기 바랍니다.",250212원문재검증(v3정화),v3-offline-0327,single_lookup,True
27,고객상담,암 진단되면 특약 갱신불가한지 알려줘,"(간편)암주요치료비특약(무배당, 갱신형)은 갱신형 특약으로, 보장개시일(암의 경우 암보장개시일) 이후에 「암, 대장점막내암 또는 비침습방광암」으로 최초 진단확정된 경우 [암, 대장점막내암 및 비침습방광암 주요치료 보장계약]을 갱신할 수 없습니다. 마찬가지로 「기타피부암 또는 갑상선암」으로 최초 진단확정된 경우 [기타피부암 및 갑상선암 주요치료 보장계약]을 갱신할 수 없습니다.",확정,"---

④ 제2항에 따라 갱신된 특약에 대해서는 갱신전 특약의 약관을 준용하며, 갱신 시점의 유효한 보장계약을 동시에 갱신하여야 합니다.

⑤ 제2항에도 불구하고 제2-2조(보험금의 지급사유) [암, 대장점막내암 및 비침습방광암 주요치료 보장계약]에서 피보험자가 특약보험기간 중 보장개시일(""암""의 경우 암보장개시일) 이후에 「암, 대장점막내암 또는 비침습방광암」으로 최초 진단확정된 경우 [암, 대장점막내암 및 비침습방광암 주요치료 보장계약]을 갱신할 수 없습니다.

⑥ 제2항에도 불구하고 제2-2조(보험금의 지급사유) [기타피부암 및 갑상선암 주요치료 보장계약]에서 피보험자가 특약보험기간 중 보장개시일 이후에 「기타피부암 또는 갑상선암」으로 최초 진단확정된 경우 [기타피부암 및 갑상선암 주요치료 보장계약]을 갱신할 수 없습니다.

⑦ 제2항에도 불구하고 다음 중 어느 한 가지에 해당하는 경우에는 이 특 약을 갱신할 수 없습니다.",기존3단계검수+250212원문재앵커링,v3-offline-0172,single_lookup,True
28,챗봇,통합건강보험원에서 일반암진단특약 가입시 기본과 삭감없음용 보장개시일,"질문의 '기본'과 '삭감없음용'은 (간편)[기본]일반암진단특약과 (간편)[삭감없음용]일반암진단특약을 말합니다. 두 특약 모두 ""암"" 및 ""중증 갑상선암"" 보장개시일은 최초계약의 계약일부터 그날을 포함하여 90일이 지난날의 다음 날로 하며 갱신계약의 경우 갱신일로 합니다. 다만, 부활(효력회복)계약의 경우 최초계약 및 갱신계약의 부활(효력회복)일부터 그날을 포함하여 90일이 지난날의 다음 날로 합니다. 즉 보장개시일 기준은 두 특약이 동일합니다.",확정,"2. ""암"" 및 ""중증 갑상선암"" 보장개시일은 최초계약의 계약일부터 그날을 포함하여 90일이 지난날의 다음 날로 하며 갱신계약의 경우 갱신일로 합니다. 다만, 부활(효력회복)계약의 경우 최초계약 및 갱신계약의 부활(효력회복)일부터 그날을 포함하여 90일이 지난날의 다음 날로 합니다.
---
| 암진단<br>급여금 | 특약보험기간 중 피보험자가 ""암"" 및 ""중증 갑상선암"" 보장개시일 이후에 ""여성유방암 및 전립선암"" 이외의 암""또는 ""중증 갑상선암""으로 진단확정 되었을 때<br>(다만, 최초 1회의 진단확정에 한함) | 특약보험가입금액의 100% |

주) 1. 「이 특약의 피보험자가 특약보험기간 중 사망하거나 이 특약의 보험금 지급사유가 더 이상 발생할 수 없는 경우」 또는 「주계약이 해지, 무효, 취소 또는 철회된 경우」 이 특약은 그때부터 효력이 없습니다. 다만, 특약보험기간 중 피보험자가 사망한 경우에는 산출방법서에서 정하는 바에 따라 회사가 적립한 사망당시의 계약자적립액을 계약자에게 지급합니다.

2. ""암"" 및 ""중증 갑상선암"" 보장개시일은 최초계약의 계약일부터 그날을 포함하여 90일이 지난날의 다음 날로 하며 갱신계약의 경우 갱신일로 합니다. 다만, 부활(효력회복)계약의 경우 최초계약 및 갱신계약의 부활(효력회복)일부터 그날을 포함하여 90일이 지난날의 다음 날로 합니다.

3. 이 특약의 ""암""은 「기타피부암, 갑상선암, 대장점막내암 및 비침습방광암」을 제외하며, ""「여성유방암 및 전립선암」이외의 암""이라 함은 ""암"" 중에서 ""여성유방암"" 및 ""전립선암""을 제외한 ""암""을 말합니다.

4. 이 특약의 ""중증 갑상선암""은 ""갑상선암""에 해당하는 질병 중 ""수질성암(Medullary carcinoma)"" 또는 ""역형성암(Anaplastic carcinoma)""에 해당하는 질병을 말하며, ""중증 이외 갑상선암""이라 함은 ""갑상선암""에 해당하는 질병 중 ""중증 갑상선암""을 제외한 나머지 갑상선암을 말합니다.",250212원문재검증(v3정화),v3-offline-0306,multi_evidence,False
29,고객상담,(3~100%) 재해장해 특약 보험금 지급 기준 알려줘,특약보험기간 중 피보험자가 재해를 직접적인 원인으로 장해분류표에서 정한 장해지급률 중 3% 이상 100% 이하에 해당하는 장해상태가 되었을 때 (3-100%)재해장해급여금을 지급합니다.,확정,"회사는 특약보험기간 중 피보험자가 재해를 직접적인 원인으로 장해분류표 (<부표2-2> 참조)에서 정한 장해지급률 중 3%이상 100%이하에 해당하는 장해상태가 되었을 경우 보험수익자에게 약정한 (3~100%)재해장해급여금(<부표2-1> ""보험금 지급기준표"" 참조)을 지급합니다.",기존3단계검수+250212원문재앵커링,v3-offline-0004,single_lookup,True
30,고객상담,재해로 척추골절되어 후유장해 청구하려는데 청구 가능한가요?,"네, 청구 가능합니다. (간편)[3~100%장해형]재해장해특약은 특약보험기간 중 피보험자가 재해를 직접적인 원인으로 장해분류표에서 정한 장해지급률 중 3%이상 100%이하에 해당하는 장해상태가 되었을 경우 보험수익자에게 약정한 (3~100%)재해장해급여금을 지급합니다. 따라서 재해로 인한 척추골절로 위 장해상태에 해당하게 되면 청구하실 수 있습니다. 다만, 재해는 특약보험기간 중 발생한 재해에 한하며, 장해지급률이 재해일부터 180일 이내에 확정되지 않는 경우에는 재해일부터 180일이 되는 날의 의사의 진단에 기초하여 고정될 것으로 인정되는 상태를 장해지급률로 결정합니다. 또한 장해분류표에 장해판정시기를 별도로 정한 경우에는 그에 따릅니다.",확정,"① 특약보험료 납입기간 중 주계약의 보험료 납입이 면제된 경우 이 특약의 차회 이후 보험료 납입을 면제합니다. 다만, 주계약의 보험료 납입면제가 ""보험료의 납입을 면제하는 특약""에 의해 납입면제가 된 경우 그 ""보험료의 납입을 면제하는 특약""의 약관에서 정한 바를 따르며, 이 특약이 해당 약관의 「보험료납입면제대상계약」에 해당되지 않는 경우 보험료 납입면제가 되지 않습니다.

② 재해는 특약보험기간 중 발생한 재해에 한하며, 특약보험기간 중 발생한 재해가 아닌 경우에는 보험금 지급사유 중 해당 재해와 관련한 보험금을 지급하지 않습니다.

③ 제2-2조(보험금의 지급사유)에서 장해지급률이 재해일부터 180일 이내에 확정되지 않는 경우에는 재해일부터 180일이 되는 날의 의사의 진단에 기초하여 고정될 것으로 인정되는 상태를 장해지급률로 결정합니다. 다만, 장해분류표(<부표2-2> 참조)에 장해판정시기를 별도로 정한 경우에는 그에 따릅니다.

④ 제3항 및 제8항에 따라 장해지급률이 결정되었으나 그 이후 보장받을 수 있는 기간(특약의 효력이 없어진 경우에는 보험기간이 10년 이상인 특약은 재해일부터 2년 이내로 하고, 보험기간이 10년 미만인 특약은 재해일부터 1년 이내)에 장해상태가 더 악화된 때에는 그 악화된 장해 상태를 기준으로 장해지급률을 결정합니다.

⑤ 장해분류표(<부표2-2> 참조)에 해당되지 않는 장해는 신체의 장해정도
---
회사는 특약보험기간 중 피보험자가 재해를 직접적인 원인으로 장해분류표 (<부표2-2> 참조)에서 정한 장해지급률 중 3%이상 100%이하에 해당하는 장해상태가 되었을 경우 보험수익자에게 약정한 (3~100%)재해장해급여금(<부표2-1> ""보험금 지급기준표"" 참조)을 지급합니다.",250212원문재검증(v3정화),v3-offline-0241,multi_evidence,False
31,고객상담,암주요치료비)는 보장기준일이 어떻게돼? 계약일기준이야? 진단일기준이야?,"(간편)암주요치료비특약은 계약일 기준이 아닌 진단확정일 기준입니다. 이 특약에서 ""연간""이라 함은 「암, 대장점막내암 또는 비침습방광암」최초 진단확정일부터 그 날을 포함하여 매 1년 단위로 도래하는 진단확정일(매년 진단확정일)의 전날까지의 기간을 의미합니다. 다만, 해당 년도의 진단확정일이 없는 경우에는 해당 월의 마지막 날을 진단확정일로 합니다. 또한 이 특약의 ""암, 대장점막내암 및 비침습방광암 보험금 지급기간""은 「암, 대장점막내암 또는 비침습방광암」최초 진단확정일로부터 10년까지의 기간입니다.",확정,"[다음 제1항부터 제5항은 암, 대장점막내암 및 비침습방광암 주요치료 보장계약에 한합니다.]

① 제2-2조(보험금의 지급사유) [암, 대장점막내암 및 비침습방광암 주요치료 보장계약]의 ""암, 대장점막내암 및 비침습방광암 주요치료""는 제2-1조의9(""암, 대장점막내암 및 비침습방광암 주요치료"" 및 ""기타피부암 및 갑상선암 주요치료""의 정의) 제1항에서 정한 진료행위를 말하며, 최초로 진단된「암, 대장점막내암 또는 비침습방광암」과 상이한「암, 대장점막내암 또는 비침습방광암」의 직접적인 치료를 위한 진료행위도 포함합니다.

② 제2-2조(보험금의 지급사유) [암, 대장점막내암 및 비침습방광암 주요 치료 보장계약]에서 ""연간""이라 함은 「암, 대장점막내암 또는 비침습방광암」최초 진단확정일부터 그 날을 포함하여 매 1년 단위로 도래하는 진단확정일(이하 ""매년 진단확정일"" 이라 합니다)의 전날까지의 기간을 의미합니다. 다만, 해당 년도의 진단확정일이 없는 경우에는 해당 월의 마지막 날을 진단확정일로 합니다.

""연간"" 예시

계약일
---
4. 이 특약의 ""암""은 「기타피부암, 갑상선암, 대장점막내암 및 비침습방광암」을 제외한 ""암""을 말합니다.

5. 이 특약의 ""암, 대장점막내암 및 비침습방광암 주요치료""는 「암, 대장점막내암 또는 비침습방광암」의 직접적인 치료를 목적으로 수술, 항암약물치료 또는 항암방사선치료를 받은 경우를 말하며, 최초로 진단된「암, 대장점막내암 또는 비침습방광암」과 상이한「암, 대장점막내암 또는 비침습방광암」의 직접적인 치료를 위한 수술, 항암약물치료 또는 항암방사선치료도 포함합니다.

6. ""연간""이라 함은 「암, 대장점막내암 또는 비침습방광암」최초 진단확정일부터 그 날을 포함하여 매년 진단확정일의 전날까지의 기간을 의미합니다. 다만, 해당 년도의 진단확정일이 없는 경우에는 해당 월의 마지막 날을 진단확정일로 합니다.

7. 이 특약의 ""암, 대장점막내암 및 비침습방광암 보험금 지급기간""이라 함은 「암, 대장점막내암 또는 비침습방광암」최초 진단확정일로부터 10년까지의 기간으로 보험금 지급 대상이 되는 기간을 말합니다. 다만, 10차년도에 ""암, 대장점막내암 및 비침습방광암 주요치료""를 받은 경우에는「암, 대장 점막내암 또는 비침습방광암」최초 진단확정일로부터 그 치료를 받은 날까지를 ""암, 대장점막내암 및 비침습방광암 보험금 지급기간""으로 합니다.

_____________________________________________________________",250212원문재검증(v3정화),v3-offline-0179,multi_evidence,False
32,고객상담,암 보장개시일 이전 진단되어도 유지가능한 특약알려줘,"암 보장개시일 전일 이전에 암으로 진단 확정되어도 계약자가 진단일부터 90일 이내에 특약 취소를 선택하지 않으면 유지되는 특약은 다음과 같습니다: (간편)[50%이상장해형]6대질병장해특약, (간편)첫날부터6대질병중환자실입원특약, (간편)급여6대질병진단검사지원특약, (간편)3대질병간병인사용입원특약. 이들 특약은 암보장개시일 전 진단된 암이 있는 경우 90일 내 취소하지 않으면 계약은 유지되나, 암보장개시일 전 진단된 암과 동일하거나 재발·전이된 암에 대해서는 보험금 지급(또는 보험료 납입면제)이 되지 않습니다. 단, 암보장개시일부터 5년이 지나는 동안 그 암으로 추가 진단(단순 건강검진 제외) 또는 치료 사실이 없으면 5년 경과 후부터는 약관에 따라 보장(납입면제)됩니다.",확정,"피보험자가 상급종합병원에 입원하여 간병인을 사용하던 중 해당 상급종합병원이 상급종합병원 지정이 취소된 경우라도, 최초 퇴원일까지 계속 중인 입원기간에 대하여는 제10항 및 제2-2조(보험금의 지급사유) 제1호에 따라 ""3대질병 간병인 사용 입원급여금(상급종합병원)""을 지급합니다.

⑲ 피보험자가 정당한 이유없이 입원기간 중 의사의 지시에 따르지 않은 때에는 회사는 제2-2조(보험금의 지급사유) 보험금의 전부 또는 일부를 지급하지 않습니다.

20 피보험자가 특약보험기간 중 ""암보장개시일"" 전일 이전에 ""암""으로 진단 확정된 경우 계약자는 진단일부터 그 날을 포함하여 90일 이내에 이 특약을 취소할 수 있으며, 계약자가 취소할 경우 이 특약은 그때부터 효력이 없습니다. 이 경우 회사는 계약자에게 실제 납입한 보험료 누계액(다만, ""감액 등으로 회사가 실제 지급한 금액""을 차감한 금액)을 돌려 드립니다.

㉑ 제20항에도 불구하고 계약자가 계약의 취소를 선택하지 않은 때에는 최초계약의 계약일[부활(효력회복)일]부터 ""암보장개시일"" 전일 이전에 진단 확정된 ""암""과 동일하거나 다른 신체기관에 재발 또는 전이되어 ""암""으로 진단 확정 된 경우라도 회사는 보험금을 지급하지 않습니다. 다만, 최초계약의 계약일[부활(효력회복)일]부터 ""암보장개시일"" 전일 이전에 ""암""으로 진단 확정 되더라도 ""암보장개시일""부터 5년이 지나는 동안 그 암으로 인하여 추가적인 진단(단순 건강검진 제외) 또는 치료사실이 없을 경우, ""암보장개시일""부터 5년이 지난 이후에는 이 약관에 따라 보장하여 드립니다.

② 제21항의 「“암보장개시일”부터 5년이 지나는 동안」이라 함은 제1-12조[보험료의 납입이 연체되는 경우 납입최고(독촉)와 특약의 해지]에서 정한 특약의 해지가 발생하지 않은 경우를 말합니다.
---
⑨ 제8항에도 불구하고 피보험자가 의료기관을 이전하여 입원한 경우에도 동일한 질병으로 인한 직접적인 치료를 목적으로 입원한 때에는 계속 하여 입원한 것으로 봅니다.

⑩ 피보험자가 보험기간 중 ""암보장개시일"" 전일 이전에 ""암""으로 진단확정 된 경우 계약자는 진단일부터 그 날을 포함하여 90일 이내에 이 특약약을 취소할 수 있으며, 계약자가 취소할 경우 이 계약은 그때부터 효력이 없습니다. 이 경우 회사는 계약자에게 실제 납입한 보험료 누계액(다만, ""감액 등으로 회사가 실제 지급한 금액""을 차감한 금액)을 돌려드립니다.

⑪ 제10항에도 불구하고 계약자가 계약의 취소를 선택하지 않은 때에는 계약일[부활(효력회복)일]부터 ""암보장개시일"" 전일 이전에 진단확정 된 ""암""과 동일하거나 다른 신체기관에 재발 또는 전이되어 ""암""으로 진단 확정되고 그 ""암""의 직접적인 치료를 목적으로 ""중환자실 입원""을 하더라도 회사는 제2-2조(보험금의 지급사유)에 해당하는 ""6대질병 중환자 실입원급여금""을 지급하지 않습니다. 다만, 계약일[부활(효력회복)일]부터 ""암보장개시일"" 전일 이전에 ""암""으로 진단확정 되더라도 ""암보장개

22121522000000071228

(간편)첫날부터6대질병중환자실입원특약(무배당, 해약환급금 미지급형)
---
재해로 오른쪽 눈의 교정시력이 0.1이하(장해지급률15%)가 된 피보험자가 이후에 질병으로 그 오른쪽 눈의 교정시력이 0.02이하(장해지급률35%)가 된 경우에는 장해지급률 35%에서 재해로 인한 장해지급률 15%를 차감한 20%에 해당하는 장해지급률에 해당하는 장해상태가 발생한 것으로 판단합니다. (이 계약은 질병으로 인한 장해를 보장하며 재해로 인한 장해는 보장하지 않습니다)

⑪ 피보험자가 보험기간 중 ""암보장개시일"" 전일 이전에 ""암""으로 진단확정 된 경우 계약자는 진단일부터 그 날을 포함하여 90일 이내에 이 특약약을 취소할 수 있으며, 계약자가 취소할 경우 이 계약은 그때부터 효력이 없습니다. 이 경우 회사는 계약자에게 실제 납입한 보험료 누계액(다만, ""감액 등으로 회사가 실제 지급한 금액""을 차감한 금액)을 돌려드립니다.

⑫ 제11항에도 불구하고 계약자가 계약의 취소를 선택하지 않은 때에는 계약일[부활(효력회복)일]부터 ""암보장개시일"" 전일 이전에 진단확정 된 ""암""과 동일하거나 다른 신체기관에 재발 또는 전이되어 ""암""을 직접적인 원인으로 장해분류표(<부표2-4> 참조)에서 정한 장해지급률 중 50%이상에 해당하는 장해가 되더라도 회사는 제2-2조(보험금의 지급사유)에 해당하는 ""(50%이상)6대질병장해급여금""을 지급하지 않습니다. 다만, 계약일[부활(효력회복)일]부터 ""암보장개시일"" 전일 이전에 ""암""으로 진단확정 되더라도 ""암보장개시일""부터 5년이 지나는 동안 그 암으로 인하여 추가적인 진단(단순 건강검진 제외) 또는 치료사실이

2212152200000007152

(간편)[50%이상장해형]6대질병장해특약(무배당, 해약환급금 미지급형)
---
4. 보험계약 청약일부터 5년(갱신형 계약의 경우에는 최초계약의 청약일부터 5년)이 지나는 동안 제2항 제1호 또는 제2호에서 정한 질병으로 추가진 단(단순건강검진 제외) 또는 치료사실이 없고, 청약일로부터 5년이 지난 이후 제2항 제1호 또는 제2호에서 정한 질병으로 ""해당계약""에서 정한 ""보험금 지급사유"" 또는 ""보험료 납입면제사유""가 발생한 경우

5. 사망을 원인으로 하는 “보험금 지급사유” 또는 “보험료 납입면제사유”가 발생한 경우

⑥ 제5항 제4호에서 ""면책기간을 「주계약의 보험기간」으로 적용한"" 유사계약이 다음 중 어느 하나인 경우 유사계약 청약일과 ""해당계약"" 청약일 사이에 제2 항 제1호 또는 제2호에서 정한 질병으로 추가진단(단순 건강검진 제외) 또는 치료 사실이 없는 경우 ""해당계약""의 청약일은 유사계약의 청약일로 봅니다.

- ""해당계약""의 청약일 현재 유지 중인 경우

- ""해당계약""의 청약일 이전 6개월 이내에 계약자 및 피보험자의 요구 또는 보험료 납입 연체로 해지된 경우",기존3단계검수+250212원문재앵커링,v3-offline-0168,multi_evidence,False
33,챗봇,신한통합건강보험 원(무배당.해약환급금 미지급형)납입면제 조건과 납입면제되는 부분이 어디까지야?,"(간편)[일반암납입면제형]보험료납입면제특약 기준으로 안내드립니다. 납입면제 조건은, 특약보험기간 중 피보험자가 ""암"" 및 ""중증 갑상선암"" 보장개시일 이후에 ""「여성유방암 및 전립선암」 이외의 암"" 또는 ""중증 갑상선암""으로 진단 확정 되었을 때이며, 이 경우 차회 이후의 ""보험료납입면제대상계약""의 보험료(다만, 추가납입보험료 제외) 납입을 면제하여 드립니다. 납입면제되는 범위인 ""보험료납입면제대상계약""은 「이 특약의 부가시에 비갱신형 주계약(전환형 계약 제외)」과 「이 특약의 부가시에 주계약에 부가된 비갱신형 특약(이 특약 포함)」으로 하며, ""이 특약의 보험기간 및 보험료 납입기간""과 ""각 '보험료납입면제대상계약'의 보험료 납입기간""이 동일한 경우에 한합니다. 다만, 「보험료 납입면제사유 이외의 사유로 보험료납입을 면제하는 특약」, 「보험료 납입면제사유 중 어느 한 가지를 보험료납입면제사유로 하는 주계약 및 부가특약(이 특약은 제외)」, 「보험료납입면제사유 발생 시 소멸되는 주계약 및 부가특약」, 「중도부가특약」은 「보험료납입면제대상계약」에 포함되지 않습니다. 보험료 납입이 면제된 이후에는 차회 이후 보험료납입면제대상계약의 보험료가 정상적으로 납입된 것으로 봅니다.",확정,"회사는 특약보험기간 중 피보험자가 ""암"" 및 ""중증 갑상선암"" 보장개시일 이후에 ""「여성유방암 및 전립선암」 이외의 암"" 또는 ""중증 갑상선암""으로 진단 확정 되었을 때 차회 이후의 ""보험료납입면제대상계약""의 보험료(다만, 추가납입보험료 제외) 납입을 면제하여 드립니다.
---
1. 보험료납입면제대상계약 : 다음을 보험료납입면제대상계약으로 하며, ""이 특약의 보험기간 및 보험료 납입기간""과 ""각 '보험료납입면제대상계약'의 보험료 납입기간""이 동일한 경우에 한합니다.

가. 이 특약의 부가시에 비갱신형 주계약(전환형 계약 제외)

나. 이 특약의 부가시에 주계약에 부가된 비갱신형 특약(이 특약 포함)

다만, 다음의 경우는 「보험료납입면제대상계약」에 포함되지 않으며, 제2-8조(특약내용의 변경 등)에 따라 변경될 수 있습니다.

가. 제2-2조의2(보험료 납입면제사유) 이외의 사유로 보험료납입을 면제하는 특약(다만, 이 특약의 보험종목 중에 한합니다)

나. 제2-2조의2(보험료 납입면제사유)의 사유 중 어느 한 가지를 보험료납입면제사유로 하는 주계약 및 부가특약(다만, 이 특약은 제외합니다)

22121522000000071441

(간편)[일반암납입면제형]보험료납입면제특약(무배당, 해약환급금 미지급형)

2879

---

다. 제2-2조의2(보험료 납입면제사유)에 따른 보험료납입면제사유 발생 시 소멸되는 주계약 및 부가특약

라. 중도부가특약
---
제2-3조의2 보험료 납입면제에 관한 세부규정

제2-2조의2(보험료 납입면제사유)에 따라 보험료 납입이 면제된 이후에는 차회 이후 보험료납입면제대상계약의 보험료가 정상적으로 납입된 것으로 봅니다.",250212원문재검증(v3정화),v3-offline-0154,multi_evidence,False
34,Claim,[30일한도형]첫날부터입원특약의 보험금 지급한도는 어떻게 되나요?,"질병 또는 재해로 1일 이상 계속 입원 시 입원 첫날(1일)부터 입원급여금을 지급하되, 입원일수 1일당 지급하며 1회 입원당 30일을 최고 한도로 합니다.",확정,"④ 제3항에도 불구하고 최초계약의 계약일부터 1년 미만에 재해 이외의 원인으로 해당 보험금 지급사유가 발생하고 계속 입원 중에 1년 이상이 될 경우에는 최초계약의 계약일부터 1년 이상이 된 날부터 삭감하지 않습니다.

⑤ 재해는 특약보험기간 중 발생한 재해에 한하며, 특약보험기간 중 발생한 한 재해가 아닌 경우에는 보험금 지급사유 중 해당 재해와 관련한 보험금을 지급하지 않습니다.

⑥ 제2-2조(보험금의 지급사유)의 경우 지급일수는 1회 입원당 30일을 최고 한도로 합니다.

⑦ 제2-2조(보험금의 지급사유)의 경우 피보험자가 동일한 질병 또는 재해로 인한 직접적인 치료를 목적으로 2회 이상 입원한 경우에는 「1회 입원」으로 보아 각 입원일수를 더하여 제6항을 적용합니다.

⑧ 제7항에도 불구하고 동일한 질병 또는 재해로 인한 입원이라도 입원급 여금이 지급된 최종 입원의 퇴원일부터 180일이 지난 후 개시한 입원은 새로운 입원으로 봅니다. 다만, 아래와 같이 입원급여금이 지급된 최종 입원일부터 180일이 경과하도록 퇴원 없이 계속 입원중인 경우에는 입원급여금이 지급된 최종입원일의 그 다음날을 퇴원일로 봅니다.
---
회사는 특약보험기간 중 「피보험자가 질병 또는 재해로 인한 그 직접적인 치료를 목적으로 1일 이상 계속 입원」하였을 때 보험수익자에게 약정한 입원급여금(<부표2-1> ""보험금 지급기준표"" 참조)을 지급합니다. (다만, 입원일수 1일당, 1회 입원당 30일 한도)",기존3단계검수+250212원문재앵커링,v3-offline-0028,multi_evidence,False
35,LICO,뇌경색 진단만받아도지급되나요?,"네. (간편)[삭감없음용]뇌혈관질환진단특약은 특약보험기간 중 피보험자가 ""뇌혈관질환""으로 진단확정 되었을 경우에는 보험수익자에게 약정한 뇌혈관질환진단급여금을 지급합니다(다만, 최초 1회의 진단확정에 한함). 이 특약에 있어서 ""뇌혈관질환""이라 함은 제8차 개정 한국표준질병·사인분류 중 <부표2-2> ""뇌혈관질환 분류표""에 해당하는 항목을 말하므로, 뇌경색증이 이 분류표에 해당하면 진단확정만으로 지급됩니다. 다만, 혈관성 치매 또는 외상성 두개내 출혈로 분류되는 경우에는 보장하지 않으며, ""뇌혈관질환""의 진단확정은 의료기관의 의사(치과의사 제외)에 의하여 내려져야 하고 이 진단은 병력·신경학적 검진과 함께 뇌전산화단층찰영(brain CT scan), 자기공명영상(MRI), 뇌혈관조영술 등을 기초로 합니다.",확정,"제2-1조의3 ""뇌혈관질환""의 정의 및 진단확정

① 이 특약에 있어서 ""뇌혈관질환""이라 함은 제8차 개정 한국표준질병·사인분류 중 <부표2-2> ""뇌혈관질환 분류표""에 해당하는 항목을 말합니다. 다만, 혈관성 치매 또는 외상성 두개내 출혈로 분류되는 경우에는 보장하지 않습니다.

② ""뇌혈관질환""의 진단확정은 의료기관의 의사(치과의사 제외)에 의하여 내려져야 하며, 이 진단은 병력·신경학적 검진과 함께 뇌전산화단층찰영(brain CT scan), 자기공명영상(MRI), 뇌혈관조영술, 양전자방출단층술(PET), 단일광자방출 전산화단층술(SPECT), 뇌척수액 검사 등을 기초로 합니다. 그러나 피보험자가 사망하여 상기 검사방법을 진단의 기초로 할 수 없는 경우에 한하여 피보험자가 ""뇌혈관질환""으로 진단 또는 치료를 받고 있었음을 증명할 수 있는 문서화된 기록 또는 증거를 진단확정의 기초로 할 수 있습니다.
---
제2-2조 보험금의 지급사유

회사는 특약보험기간 중 피보험자가 ""뇌혈관질환""으로 진단확정 되었을 경우에는 보험수익자에게 약정한 뇌혈관질환진단급여금(<부표2-1> ""보험금 지급기준표"" 참조)을 지급합니다.(다만, 최초 1회의 진단확정에 한함)",250212원문재검증(v3정화),v3-offline-0069,multi_evidence,False
36,LICO,대학병원외래진료도보장되나요?,"단순히 대학병원(상급종합병원) 외래진료라는 이유만으로 보장되는 것은 아닙니다. (간편)암직접치료상급종합병원통원특약 기준으로, 특약보험기간 중 피보험자가 보장개시일(암의 경우 암보장개시일) 이후에 ""암"", ""대장점막내암"", ""비침습방광암"", ""기타피부암"", ""갑상선암"", ""제자리암"", ""경계성종양""으로 진단확정 되고, 특약보험기간 중 그 ""암"", ""대장점막내암"", ""비침습방광암"", ""기타피부암"", ""갑상선암"", ""제자리암"", ""경계성종양""의 직접적인 치료를 목적으로 상급종합병원에 통원하였을 때 암직접치료 상급종합병원 통원급여금(통원 1회당, 1일 1회에 한함)을 지급합니다.",확정,"1회당, 1일 1회에 한함)

[일반심사형]

특약보험기간 중 피보험자가 보장개시일(암의 경우 암보장개시일) 이후에 ""암"", ""대장점막내암"", ""비침습방광암"", ""기타피부암"", ""갑상선암"", ""제자리암"", ""경계성종양""으로 진단확정 되고, 특약보험기간 중 그 ""암"", ""대장점막내암"", ""비침습방광암"", ""기타피부암"", ""갑상선암"", ""제자리암"", ""경계성종양""의 직접적인 치료를 목적으로 상급종합병원에 통원하였을 때 : 암직접치료 상급종합병원 통원급여금 (통원 1회당, 1일 1회에 한함)

제2-3조 보험금 지급에 관한 세부규정

① 특약보험료 납입기간 중 주계약의 보험료 납입이 면제된 경우 이 특약의 차회 이후 보험료 납입을 면제합니다. 다만, 주계약의 보험료 납입면제가 ""보험료의 납입을 면제하는 특약""에 의해 납입면제가 된 경우 그 ""보험료의 납입을 면제하는 특약""의 약관에서 정한 바를 따르며, 이 특약이 해당 약관의 「보험료납입면제대상계약」에 해당되지 않는 경우 보험료 납입면제가 되지 않습니다.",250212원문재검증(v3정화),v3-offline-0095,single_lookup,False
37,LICO,대상포진걸리면진단금이나오나요?,"네. (간편)대상포진·통풍진단특약 기준으로, 특약보험기간 중 피보험자가 ""대상포진""으로 진단확정 되었을 때(다만, 최초 1회의 진단확정에 한함) 대상포진 진단급여금으로 특약보험가입금액의 10%를 지급합니다. 다만, 계약일부터 1년 미만에 지급사유가 발생한 경우에는 ""특약보험가입금액의 5%""를 지급합니다.",확정,"| 대상포진 진단급여금 | 특약보험기간 중 피보험자가 ""대상 포진""으로 진단확정 되었을 때 (다만, 최초 1회의 진단확정에 한함) | 특약보험가입금액의 10% (다만, 계약일부터 1년 미만에 지급사유가 발생한 경우 ""특약보험가입금액의 5%""를 지급함) |",250212원문재검증(v3정화),v3-offline-0090,single_lookup,True
38,Claim,대상포진진단 특약의 보험금 지급사유는 무엇인가요?,"특약보험기간 중 피보험자가 ""대상포진""으로 진단확정 되었을 때(다만, 최초 1회의 진단확정에 한함) 대상포진 진단급여금을 지급합니다. 지급금액은 특약보험가입금액의 10%이며, 계약일부터 1년 미만에 지급사유가 발생한 경우에는 ""특약보험가입금액의 5%""를 지급합니다.",확정,"| 대상포진 진단급여금 | 특약보험기간 중 피보험자가 ""대상 포진""으로 진단확정 되었을 때 (다만, 최초 1회의 진단확정에 한함) | 특약보험가입금액의 10% (다만, 계약일부터 1년 미만에 지급사유가 발생한 경우 ""특약보험가입금액의 5%""를 지급함) |",250212원문재검증(v3정화),v3-offline-0091,single_lookup,True
39,상품,갱신형특약이기 때문에 비갱신형특약과 다르게 약관상 반영되는부분을 정리해줘,"갱신형 특약은 약관상 다음과 같은 내용이 반영됩니다. ① 특약의 보험기간은 10년 또는 20년만기 갱신으로 하며, 특약이 갱신된 경우 갱신되기 직전 계약(갱신 전 계약)과 동일한 보험기간으로 갱신합니다. 다만, 갱신일부터 최종 갱신계약의 보험기간 만료일까지가 ""10년만기의 경우 10년"", ""20년만기의 경우 20년"" 미만일 경우에는 갱신일부터 최종 갱신계약의 보험기간 만료일까지를 이 특약의 보험기간으로 합니다. ② 계약자가 특약의 보험기간 만료일 15일 전까지 특약을 계속 유지하지 않는다는 뜻을 회사에 통지하지 않으면 특약은 갱신되어 계속 유지되는 것으로 합니다. 다만, 납입최고(독촉)기간 내에 갱신 전 계약의 보험료 및 갱신계약의 제1회 보험료를 납입하지 않으면 특약은 갱신되지 않습니다. ③ 최종 갱신계약의 보험기간 만료일은 주계약의 보험기간 만료일로 하며, 주계약의 보험기간 만료일이 피보험자의 100세 계약해당일 이후인 경우에는 100세 계약해당일로 합니다. 비갱신형 특약에는 이러한 갱신 관련 조항이 적용되지 않습니다.",확정,"<암보장개시일>

제2-1조의2 특약의 보험기간 및 갱신

① 이 특약의 보험기간은 10년 또는 20년만기 갱신으로 하며, 제2항에 따라 이 특약이 갱신된 경우 이 특약이 갱신되기 직전 계약(이하 ""갱신 전 계약""이라 합니다)과 동일한 보험기간으로 갱신합니다. 다만, 갱신일부터 제3항에서 정한 최종 갱신계약의 보험기간 만료일까지가 ""10년만기의 경우 10년"", ""20년만기의 경우 20년"" 미만일 경우에는 갱신일부터 최종 갱신계약의 보험기간 만료일까지를 이 특약의 보험기간으로 합니다.

② 제1-9조(특약의 성립)에도 불구하고 계약자가 이 특약의 보험기간 만료일 15일 전까지 이 특약을 계속 유지하지 않는다는 뜻을 회사에 통지하지 않으면 이 특약은 갱신되어 계속 유지되는 것으로 합니다. 다만, 제1-12조[보험료의 납입이 연체되는 경우 납입최고(독촉)와 특약의 해지]에서 정한 납입최고(독촉)기간 내에 갱신 전 계약의 보험료 및 갱신계약의 제1회 보험료를 납입하지 않으면 이 특약은 갱신되지 않습니다.

③ 최종 갱신계약의 보험기간 만료일은 주계약의 보험기간(다만, 주계약 체결시점에 계약자가 선택한 보험기간으로 하며, 주계약이 갱신형 보험인 경우에는 주계약의 최종 갱신계약 보험기간, 이하 같습니다) 만료일로 합니다. 다만, 주계약의 보험기간 만료일이 피보험자의 100세 계약해당일 이후인 경우에는 100세 계약해당일로 합니다.",250212원문재검증(v3정화),v3-offline-0049,single_lookup,True
40,상품,재해 이외의 원인이 질병/재해/질병및재해 분류표상에 어떻게 매칭할수있는지 확인해줘.,"약관상 매칭 기준은 다음과 같습니다. 입원 보장에서 보장대상이 되는 질병 또는 재해는 ""질병 및 재해분류표""(<부표2-2> 참조)에서 정하는 질병 또는 재해를 말합니다. 따라서 ""재해 이외의 원인""은 이 분류표상 재해에 해당하지 않는 원인을 의미합니다. 또한 ""간편심사형""에 한하여, 계약일부터 1년 미만에 재해 이외의 원인으로 ""입원급여금"" 지급사유가 발생하였을 때에는 <부표2-1> ""보험금 지급기준표""에서 정한 바에 따라 삭감하여 지급합니다. 다만, 계약일부터 1년 미만에 재해 이외의 원인으로 해당 보험금 지급사유가 발생하고 계속 입원 중에 1년 이상이 될 경우에는 계약일부터 1년 이상이 된 날부터 삭감하지 않습니다. 재해는 특약보험기간 중 발생한 재해에 한하며, 특약보험기간 중 발생한 재해가 아닌 경우에는 보험금 지급사유 중 해당 재해와 관련한 보험금을 지급하지 않습니다.",확정,"
※ 1년 미만 : 최초계약의 계약일부터 1년이 되는 시점의 계약해당일의 전날까지

주) 1. 「이 특약의 피보험자가 특약보험기간 중 사망하였을 경우」 또는 「주계약이 해지, 무효, 취소 또는 철회된 경우」 이 특약은 그때부터 더 이상 효력이 없습니다. 다만, 특약보험기간 중 피보험자가 사망한 경우에는 산출방법서에서 정하는 바에 따라 회사가 적립한 사망당시의 계약자적립액을 계약자에게 지급합니다.
2. “간편심사형”의 경우 최초계약의 계약일부터 1년 미만에 재해 이외의 원인으로 “입원급여금” 지급사유가 발생하고 계속 입원 중에 1년 이상이 될 경우에는 계약일부터 1년 이상이 된 날부터 삭감하지 않습니다.
3. “입원급여금”의 지급일수는 1회 입원당 180일을 최고한도로 합니다. 다만, 특약이 갱신되어 입원이 갱신 전후에 계속되는 경우에 그 지급일수는 갱신 전후에 계속되는 총 입원일을 기준으로 1회 입원당 180일을 최고한도로 하여 계산합니다.
4. 상기 질병 또는 재해는 “질병 및 재해분류표”(<부표2-2> 참조)에서 정하는 질병 또는 재해를 말합니다.

___
---
① 특약보험료 납입기간 중 주계약의 보험료 납입이 면제된 경우 이 특약의 차회 이후 보험료 납입을 면제합니다. 다만, 주계약의 보험료 납입면제가 ""보험료의 납입을 면제하는 특약""에 의해 납입면제가 된 경우 그 ""보험료의 납입을 면제하는 특약""의 약관에서 정한 바를 따르며, 이 특약이 해당 약관의 「보험료납입면제대상계약」에 해당되지 않는 경우 보험료 납입면제가 되지 않습니다.

② 제2-2조(보험금의 지급사유)의 경우 ""간편심사형""에 한하여, 계약일부터 1년 미만에 재해 이외의 원인으로 ""입원급여금"" 지급사유가 발생하였을 때에는 <부표2-1> ""보험금 지급기준표""에서 정한 바에 따라 삭감하여 지급합니다.

③ 제2항에도 불구하고 계약일부터 1년 미만에 재해 이외의 원인으로 해당 보험금 지급사유가 발생하고 계속 입원 중에 1년 이상이 될 경우에는 계약일부터 1년 이상이 된 날부터 삭감하지 않습니다.

④ 재해는 특약보험기간 중 발생한 재해에 한하며, 특약보험기간 중 발생한 한 재해가 아닌 경우에는 보험금 지급사유 중 해당 재해와 관련한 보험금을 지급하지 않습니다.

⑤ 제2-2조(보험금의 지급사유)의 경우 지급일수는 1회 입원당 180일을",250212원문재검증(v3정화),v3-offline-0239,multi_evidence,False
41,고객상담,체외충격파치료술(ESWT) 보장 가능한가요?,"보장되지 않습니다. 수술분류표상 87항 체외충격파쇄석술(E.S.W.L)은 2종 수술로 보장되지만, 체외충격파치료술(E.S.W.T)은 수술분류표에서 명시적으로 제외되어 수술급여금 지급 대상이 아닙니다.",확정,"| | 87. 체외충격파쇄석술(體外衝擊破硡萭術, E.S.W.L)<br>[수술개시일부터 60일 이내 2회 이상의 수술은 1회의 수술로 간주하여 1회의 수술보험금을 지급하며 이후 동일한 기준으로 반복지급이 가능합니다.] | 2 |
| | *체외충격파치료술(E.S.W.T)은 제외 | |
---
제2관 보험금의 지급

제2-2조 보험금의 지급사유

회사는 특약보험기간 중 피보험자가 질병 또는 재해로 인한 그 직접적인 치료를 목적으로 ""1~5종 수술분류표""(<부표2-2> 참조)에서 정하는 수술을 받았을 때 보험수익자에게 약정한 각 보장계약에 해당하는 수술급여금(<부표2-1> ""보험금 지급기준표"" 참조)을 지급합니다. (수술 1회당)

제2-3조 보험금 지급에 관한 세부규정

① 특약보험료 납입기간 중 주계약의 보험료 납입이 면제된 경우 이 특약의 차회 이후 보험료 납입을 면제합니다. 다만, 주계약의 보험료 납입면제가 ""보험료의 납입을 면제하는 특약""에 의해 납입면제가 된 경우 그 ""보험료의 납입을 면제하는 특약""의 약관에서 정한 바를 따르며, 이 특약이 해당 약관의 「보험료납입면제대상계약」에 해당되지 않는 경우 보험료 납입면제가 되지 않습니다.
---
제2-9조의2 ""특약의 무효""에 대한 특칙

제1-10조(특약의 무효) 제1항 이외에 다음에 해당되는 경우에는 이 특약을 무효로 하며 계약자에게 실제 납입한 보험료 누계액(다만, ""감액 등으로 회사가 실제 지급한 금액""을 차감한 금액)을 돌려 드립니다.

1. 타인의 사망을 보험금 지급사유로 하는 특약에서 특약을 체결할 때까지 피보험자의 서면(전자서명법 제2조 제2호(<별첨1> 참조)에 따른 전자서명이 있는 경우로서 상법 시행령 제44조의2(<별첨1> 참조)에 정하는 바에 따라 본인 확인 및 위조·변조 방지에 대한 신뢰성을 갖춘 전자문서를 포함)에 의한 동의를 얻지 않은 경우. 다만, 단체가 규약에 따라 구성원의 전부 또는 일부를 피보험자로 하는 특약을 체결하는 경우에는 이를 적용하지 않습니다. 이 때 단체보험의 보험수익자를 피보험자 또는 그 상속인이 아닌 자로 지정할 때에는 단체의 규약에서 명시적으로 정한 경우가 아니면 이를 적용합니다.

2. 만15세 미만자, 심신상실자 또는 심신박약자를 피보험자로 하여 사망을 보험금 지급사유로 한 계약의 경우. 다만, 심신박약자가 특약을 체결하거나 소속 단체의 규약에 따라 단체보험의 피보험자가 될 때에 의사능력이 있는 경우에는 특약이 유효합니다.

3. 특약을 체결할 때 특약에서 정한 피보험자의 나이에 미달되었거나 초과되었을 경우. 다만, 회사가 나이의 착오를 발견하였을 때 이미 계약나이에 도달한 경우에는 유효한 계약으로 보나, 제2호의 만15세 미만자에 관한 예외가 인정되는 것은 아닙니다.",기존3단계검수+250212원문재앵커링,v3-offline-0272,multi_evidence,False
42,LICO,통풍도진단만받으면되나요?,"네. (간편)대상포진·통풍진단특약 기준으로, 특약보험기간 중 피보험자가 ""통풍""으로 진단확정 되었을 때(다만, 최초 1회의 진단확정에 한함) 통풍 진단급여금으로 특약보험가입금액의 10%를 지급합니다. 다만, 계약일부터 1년 미만에 지급사유가 발생한 경우에는 ""특약보험가입금액의 5%""를 지급합니다.",확정,"| 통풍 진단급여금 | 특약보험기간 중 피보험자가 ""통풍""으로 진단확정 되었을 때 (다만, 최초 1회의 진단확정에 한함) | 특약보험가입금액의 10% (다만, 계약일부터 1년 미만에 지급사유가 발생한 경우 ""특약보험가입금액의 5%""를 지급함) |",250212원문재검증(v3정화),v3-offline-0275,single_lookup,True
43,고객상담,악성신생물 치료 목적의 수술에 해당되지 않는 경우 알려줘,'악성신생물 치료 목적의 수술'에 해당하지 않는 대표적 경우는 다음과 같습니다. ▲카테터(Catheter)를 이용한 흡인·천자·약물주입요법 ▲약물 등을 투여하기 위한 시술(예: 중심정맥삽관술)만 시행한 경우 ▲제자리암·경계성종양에 대한 수술(이는 'I. 일반 질병 및 재해치료 목적의 수술' 항목 적용) ▲관혈적 악성신생물 근치수술에서 내시경 수술·카테터·고주파 전극 등에 의한 경피적 수술은 제외됩니다.,확정,"(주) 1. 제자리암·경계성종양에 대한 수술은 'I. 일반 질병 및 재해치료 목적의 수술' 항목의 적용을 받습니다.

2. 카테터(Catheter)를 이용한 흡인·천자·약물주입요법은 포함하지 않습니다.

3. 비고형암에 대한 비관혈적 근치수술은 관혈적 악성신생물 근치수술에 준하여 5종 수술로 인정합니다.

- 조혈모세포이식술(일련의 과정 ‘추출, 필터링, 배양, 제거, 주입’을 모두 포함하여 1회의 수술로 인정)을 제외한 근치수술의 경우 수술개시일부터 60일 이내 2회 이상의 수술은 1회의 수술로 간주하여 1회의 수술급여금을 지급하며 이후 동일한 기준으로 반복지급이 가능합니다.

- 다만, 약물 등을 투여하기 위한 시술(예: 중심정맥삽관술)만 시행할 경우에는 5종으로 인정하지 않습니다.
---
5. <1 ~ 5종 수술분류표> 상에 열거되지 않은 선진의료적 첨단 수술에 대한 인정 및 적용 기준<1 ~ 5종 수술분류표> 에서의 선진의료적 첨단 수술은 상기 ""수술""의 정의에 해당하여야 하고 약물 투여치료, 방사선조사치료 또는 기타의 보존적 치료로 분류될 수 없는 경우이어야 합니다.

1) 1 ~ 5종 수술분류표상의 수술 이외에 보건복지부 산하 신의료기술평가위원회(향후 제도 변경시에는 동 위원회와 동일한 기능을 수행하는 기관)로부터 안전성과 치료효과를 인정받은 최신 수술기법으로 치료한 경우 1 ~ 5종 수술분류표상의 동일부위 수술로 봅니다. 이 때에 해당 최신 수술기법은 수술개시일부터 60일 이내 2회 이상의 수술은 1회의 수술로 간주하여 1회의 수술 보험금을 지급하며 이후 동일한 기준으로 반복 지급이 가능합니다.

2) 단, 이 선진의료적 첨단 수술이 본질적으로 내시경(Fiberscope)에 의한 내시경 수술 또는 카테터(Catheter)-고주파 전극 등에 의한 경피적 수술인 경우에는 <1 ~ 5종 수술분류표> 중 '일반 질병 및 재해치료 목적의 수술' 88항 (약성신생물의 경우는 '약성신생물 치료목적의 수술' 2항)을 우선 적용합니다.

6. '악성 신생물 근치 사이버 나이프(Cyberknife) 정위적 방사선 치료'라 함은 선형가속기(LINAC)에서 발생되는 가는 방사선(Pencil beam)들을 다양한 각도에서 악성 신생물을 향해 집중적으로 조사하면서 동시에 악성신생물의 움직임을 병변 추적 장치를 이용하여 실시간으로 추적하면서 치

# SHINHAN LIFE
---
신의료기술평가위원회

의료법 제54조(신의료기술평가위원회의 설치 등)에 의거 설치된 위원회로서 신의료기술에 관한 최고의 심의기구를 말합니다.

다만, 흡인(吸引, 주사기 등으로 빌아들이는 것), 천자(穿刺, 바늘 또는 관을 꽃아 체액·조직을 뽑아내거나 약물을 주입하는 것) 등의 조치 및 신경(神經) BLOCK(신경의 차단), 미용 성형상의 수술, 피임(避妊) 목적의 수술, 피임 및 불임술 후 가임목적의 수술, 검사 및 진단을 위한 수술[생검(生檢), 복강경 검사(腹腔鏡檢査) 등]은 ""수술""에서 제외됩니다.

1. 이 특약에 있어서 ""관혈수술""이라 함은 병변 부위를 육안으로 직접 보면서 수술적 조작을 하기 위해 피부에 절개를 가하고 병변 부위를 노출시켜서 수술하는 것을 말하며, ""대뇌내시경"", ""복강경하수술"", ""흉강경하수술""은 관혈수술에 준하여 보상합니다.

2. 이 특약에 있어서 ""비관혈수술""이라 함은 ""내시경수술"", ""카테터수",기존3단계검수+250212원문재앵커링,v3-offline-0165,multi_evidence,False
44,고객상담,암주요치료비가 무엇이야?,"암주요치료비란 암, 대장점막내암 또는 비침습방광암을 제거하거나 그 증식을 억제하는 치료로서, 의학적으로 안전성과 유효성이 입증되어 임상적으로 통용되는 치료(수술, 항암약물치료, 항암방사선치료)를 받은 경우 지급하는 급여금이다. 말기환자에 대한 호스피스·완화의료 치료도 포함된다. 단, 식이요법, 명상요법 등 안전성과 유효성이 입증되지 않은 치료, 면역력 강화 치료, 후유증 또는 합병증 치료, 호르몬 관련 치료제 등은 포함되지 않는다.",확정,"② 이 특약에 있어서 ""기타피부암 및 갑상선암 주요치료""라 함은 「기타피부암 또는 갑상선암」을 제거하거나 「기타피부암 또는 갑상선암」의 증식을 억제하는 치료로서, 의학적으로 그 안전성과 유효성이 입증되어 임상적으로 통용되는 치료로서 다음 각 호의 사항을 말합니다.

1. 「기타피부암 또는 갑상선암」의 직접적인 치료를 목적으로 제2-1조의 6(“수술”의 정의와 장소)에서 정한 수술을 받은 경우

2. 「기타피부암 또는 갑상선암」의 직접적인 치료를 목적으로 제2-1조의 7(「항암약물치료」의 정의)에서 정한 항암약물치료 또는 제2-1조의 8(「항암방사선치료」의 정의)에서 정한 항암방사선치료를 받은 경우

3. 제2항 제1호 및 제2호에도 불구하고, 「기타피부암 또는 갑상선암」으로 인하여 「호스피스·완화의료 및 임종과정에 있는 환자의 연명의료 결정에 관한 법률」제2조 제3호에 해당하는 말기환자에 대한 호스피스·완화의료 치료는 「기타피부암 및 갑상선암 주요치료」로 봅니다.

③ ""암, 대장점막내암 및 비침습방광암 주요치료"" 및 ""기타피부암 및 갑상선암 주요치료""에는 다음 각 호의 사항은 포함되지 않습니다.
---
② ""암, 대장점막내암 또는 비침습방광암, 기타피부암, 갑상선암, 제자리암 또는 경계성종양의 직접적인 치료""에는 항암방사선치료, 항암화학치료, '암, 대장점막내암 또는 비침습방광암, 기타피부암, 갑상선암, 제자리암 또는 경계성종양을 제거하거나 '암, 대장점막내암 또는 비침습방광암, 기타피부암, 갑상선암, 제자리암 또는 경계성종양의 증식을 억제하는 수술 또는 이들을 병합한 복합치료 등이 포함됩니다.

③ ""암, 대장점막내암 또는 비침습방광암, 기타피부암, 갑상선암, 제자리암 또는 경계성종양의 직접적인 치료""에는 다음 각 호의 사항은 포함되지 않습니다.

1. 식이요법, 명상요법 등 「암, 대장점막내암 또는 비침습방광암」, 기타피부암, 갑상선암, 제자리암 또는 경계성종양의 제거 또는 「암, 대장점막내암 또는 비침습방광암」, 기타피부암, 갑상선암, 제자리암 또는 경계성종양의 증식 억제를 위하여 의학적으로 안전성과 유효성이 입증되지 않은 치료

2. 면역력 강화 치료

3. 「암, 대장점막내암 또는 비침습방광암」, 기타피부암, 갑상선암, 제자리암 또는 경계성종양이나 「암, 대장점막내암 또는 비침습방광암」, 기타피부암, 갑상선암, 제자리암 또는 경계성종양 치료로 인하여 발생한 후유증 또는 합병증의 치료
---
2. 면역력 강화 치료

3. 「암, 대장점막내암 또는 비침습방광암」 또는 「기타피부암 또는 갑상선암」이나 「암, 대장점막내암 또는 비침습방광암」 또는 「기타피부암 또는 갑상선암」의 치료로 인하여 발생한 후유증 또는 합병증의 치료

4. 호르몬 관련 치료제

5. 제1호 내지 제4호 이외의 ""암, 대장점막내암 및 비침습방광암 주요치료"" 및 ""기타피부암 및 갑상선암 주요치료""에 해당되지 않는 비용(진

22121522000000007391",기존3단계검수+250212원문재앵커링,v3-offline-0181,multi_evidence,False
45,LICO,뇌경색도포함되나요?,"네, 분류표에 해당하면 포함됩니다. 이 특약에 있어서 ""뇌혈관질환""이라 함은 제8차 개정 한국표준질병·사인분류 중 <부표2-2> ""뇌혈관질환 분류표""에 해당하는 항목을 말합니다. 따라서 뇌경색증이 이 분류표에 해당하는 경우 보장 대상에 포함됩니다. 다만, 혈관성 치매 또는 외상성 두개내 출혈로 분류되는 경우에는 보장하지 않습니다.",확정,"제2-1조의3 ""뇌혈관질환""의 정의 및 진단확정

① 이 특약에 있어서 ""뇌혈관질환""이라 함은 제8차 개정 한국표준질병·사인분류 중 <부표2-2> ""뇌혈관질환 분류표""에 해당하는 항목을 말합니다. 다만, 혈관성 치매 또는 외상성 두개내 출혈로 분류되는 경우에는 보장하지 않습니다.

② ""뇌혈관질환""의 진단확정은 의료기관의 의사(치과의사 제외)에 의하여 내려져야 하며, 이 진단은 병력·신경학적 검진과 함께 뇌전산화단층찰영(brain CT scan), 자기공명영상(MRI), 뇌혈관조영술, 양전자방출단층술(PET), 단일광자방출 전산화단층술(SPECT), 뇌척수액 검사 등을 기초로 합니다. 그러나 피보험자가 사망하여 상기 검사방법을 진단의 기초로 할 수 없는 경우에 한하여 피보험자가 ""뇌혈관질환""으로 진단 또는 치료를 받고 있었음을 증명할 수 있는 문서화된 기록 또는 증거를 진단확정의 기초로 할 수 있습니다.",250212원문재검증(v3정화),v3-offline-0070,single_lookup,True
46,챗봇,뇌혈관질환진단특약에서 뇌경색 포함되나요,"네, 포함됩니다. 이 특약에 있어서 ""뇌혈관질환""이라 함은 제8차 개정 한국표준질병·사인분류 중 <부표2-2> ""뇌혈관질환 분류표""에 해당하는 항목을 말하며, 뇌혈관질환 분류표의 대상 질병에는 뇌경색증(분류 코드 I63)이 포함되어 있습니다. 다만, 혈관성 치매 또는 외상성 두개내 출혈로 분류되는 경우에는 보장하지 않습니다.",확정,"① 이 특약에 있어서 ""뇌혈관질환""이라 함은 제8차 개정 한국표준질병·사인분류 중 <부표2-2> ""뇌혈관질환 분류표""에 해당하는 항목을 말합니다. 다만, 혈관성 치매 또는 외상성 두개내 출혈로 분류되는 경우에는 보장하지 않습니다.
---
| 대상 질병 명 | 분류 코드 |
| --- | --- |
| 거미막하출혈 | I60 |
| 뇌내출혈 | I61 |
| 기타 비외상성 두개내출혈 | I62 |
| 뇌경색증 | I63 |
| 출혈 또는 경색증으로 명시되지 않은 뇌졸중 | I64 |
| 뇌경색증을 유발하지 않은 뇌전동맥의 폐쇄 및 협착 | I65 |
| 뇌경색증을 유발하지 않은 대뇌동맥의 폐쇄 및 협착 | I66 |
| 기타 뇌혈관질환 | I67 |
| 달리 분류된 질환에서의 뇌혈관장애 | I68 |
| 뇌혈관질환의 후유증 | I69 |",250212원문재검증(v3정화),v3-offline-0085,multi_evidence,False
47,챗봇,신한통합건강보장보험 원 주보장 감액이 가능한가요?,"네, 간편심사형에 한하여 계약일부터 2년 미만에 재해 이외의 원인으로 보험금 지급사유가 발생하면 <부표1> 보험금 지급기준표에서 정한 바에 따라 삭감(감액)하여 지급합니다.",확정,"② 제3조(보험금의 지급사유)의 경우 ""간편심사형""에 한하여, 계약일부터 2년 미만에 재해 이외의 원인으로 보험금 지급사유가 발생하였을 때에는 <부표2-1> ""보험금 지급기준표""에서 정한 바에 따라 삭감하여 지급합니다.",기존3단계검수+250212원문재앵커링,v3-offline-0144,single_lookup,True
48,고객상담,악성신생물 근치 사이버 나이프 정위적 방사선 치료가 어떤 치료야?,"악성신생물 근치 사이버 나이프(Cyberknife) 정위적 방사선 치료는 선형가속기(LINAC)에서 발생하는 가는 방사선을 다양한 각도에서 악성신생물에 집중적으로 조사하고, 병변 추적 장치로 신생물의 움직임을 실시간 추적하며 치료하는 방법입니다. 약관상 5,000Rad 이상의 방사선을 조사하는 경우에 한해 '악성신생물 근치 방사선 조사'로 인정되며, 3종 수술로 분류됩니다.",확정,"4. '관혈적 악성신생물 근치수술'이라 함은 관혈적 방법을 통해 악성신생물의 원발 병소를 완전히 절제, 적제, 적출하고 혹은 곽청술을 함께 실시한 경우입니다.

5. <1 ~ 5종 수술분류표> 상에 열거되지 않은 선진의료적 첨단 수술에 대한 인정 및 적용 기준<1 ~ 5종 수술분류표> 에서의 선진의료적 첨단 수술은 상기 ""수술""의 정의에 해당하여야 하고 약물 투여치료, 방사선조사치료 또는 기타의 보존적 치료로 분류될 수 없는 경우이어야 합니다.

1) 1 ~ 5종 수술분류표상의 수술 이외에 보건복지부 산하 신의료기술평가위원회(향후 제도 변경시에는 동 위원회와 동일한 기능을 수행하는 기관)로부터 안전성과 치료효과를 인정받은 최신 수술기법으로 치료한 경우 1 ~ 5종 수술분류표상의 동일부위 수술로 봅니다. 이 때에 해당 최신 수술기법은 수술개시일부터 60일 이내 2회 이상의 수술은 1회의 수술로 간주하여 1회의 수술 보험금을 지급하며 이후 동일한 기준으로 반복 지급이 가능합니다.

2) 단, 이 선진의료적 첨단 수술이 본질적으로 내시경(Fiberscope)에 의한 내시경 수술 또는 카테터(Catheter)-고주파 전극 등에 의한 경피적 수술인 경우에는 <1 ~ 5종 수술분류표> 중 '일반 질병 및 재해치료 목적의 수술' 88항 (약성신생물의 경우는 '약성신생물 치료목적의 수술' 2항)을 우선 적용합니다.

6. '악성 신생물 근치 사이버 나이프(Cyberknife) 정위적 방사선 치료'라 함은 선형가속기(LINAC)에서 발생되는 가는 방사선(Pencil beam)들을 다양한 각도에서 악성 신생물을 향해 집중적으로 조사하면서 동시에 악성신생물의 움직임을 병변 추적 장치를 이용하여 실시간으로 추적하면서 치
---
- 조혈모세포이식술(일련의 과정 ‘추출, 필터링, 배양, 제거, 주입’을 모두 포함하여 1회의 수술로 인정)을 제외한 근치수술의 경우 수술개시일부터 60일 이내 2회 이상의 수술은 1회의 수술로 간주하여 1회의 수술급여금을 지급하며 이후 동일한 기준으로 반복지급이 가능합니다.

- 다만, 약물 등을 투여하기 위한 시술(예: 중심정맥삽관술)만 시행할 경우에는 5종으로 인정하지 않습니다.

III. 악성신생물 근치·두개내신생물 근치 방사선 조사 분류표

| 방사선 조사 분류항목 | 수술종류 |
| --- | --- |
| 1. 악성신생물 근치 방사선 조사 [5,000Rad 이상의 조사(照)를 하는 경우로 한정하며, 악성신생물 근치 사이버 나이프(Cyberknife) 정위적 방사선 치료(定位의 射線 治療, Stereotactic radiotherapy)를 포함함] | 3 |",기존3단계검수+250212원문재앵커링,v3-offline-0164,multi_evidence,False
49,챗봇,신한통합건강원보험 납입면제대상계약,"이 상품의 보험료납입면제특약에서 「보험료납입면제대상계약」은 보험료 납입면제의 대상이 되는 계약을 말합니다. 다음 제1호 및 제2호의 사유에 해당하는 계약은 「보험료납입면제대상계약」에서 제외하며, 다음 제3호의 사유에 해당하는 계약은 「보험료납입면제대상계약」이 변경됩니다. 1. 보험료납입면제대상계약(주계약 제외)이 약관에서 정하는 보험금 지급사유로 인해 더 이상 효력이 없어진 경우 (다만, 한 특약 내 여러 보장계약이 있을 경우, 각 보장계약별 효력이 없어진 보장계약에 한합니다) 2. 보험료납입면제대상계약(주계약 제외)이 해지된 경우 3. 보험료납입면제대상계약 내용의 변경으로 인한 보험료납입면제대상계약 보험료가 변경된 경우. 또한, 회사는 계약자가 「보험료납입면제대상계약」의 보험가입금액을 감액하고자 할 때에는 그 감액된 「보험료납입면제대상계약」의 보험료만큼 이 특약의 보험가입금액도 감액된 것으로 보며, 보험료납입면제대상계약(주계약 제외)의 무효, 취소 또는 철회가 발생한 경우에는 해당 계약은 「보험료납입면제대상계약」에서 제외합니다.",확정,"① 계약자는 특약의 보험기간 중 회사의 승낙을 얻어 주계약의 내용을 변경할 때 이 특약을 변경할 수 있습니다. 이 경우 승낙을 서면으로 알리거나 보험증권의 뒷면에 기재하여 드립니다.

② 회사는 특약의 보험기간 중 「제1호의 사유」로 회사가 지급해야 할 계약 자적립액이 있을 경우 또는 「제2호 및 제3호의 사유」로 회사가 지급해야 할 해약환급금이 있을 경우에는 「보험료 및 책임준비금 산출방법서」(이하 “산출방법서”라 합니다)에서 정하는 바에 따라 계산된 해당 금액을 계약자에게 지급합니다. 또한, 다음 제1호 및 제2호의 사유에 해당하는 계약은 「보험료납입면제대상계약」에서 제외하며, 다음 제3호의 사유에 해당하는 계약은 「보험료납입면제대상계약」이 변경됩니다.

1. 보험료납입면제대상계약(주계약 제외)이 약관에서 정하는 보험금 지급사유로 인해 더 이상 효력이 없어진 경우 (다만, 한 특약 내 여러 보장계약이 있을 경우, 각 보장계약별 효력이 없어진 보장계약에 한합니다)

2. 보험료납입면제대상계약(주계약 제외)이 해지된 경우

3. 보험료납입면제대상계약 내용의 변경으로 인한 보험료납입면제대상 계약 보험료가 변경된 경우
---
감액

보험료, 보험금, 계약자적립액 등을 산정하는 기준이 되는 가입금액을 계약시 선택한 금액보다 적은 금액으로 줄이는 것 (이에 따라 보험료, 보험금 및 계약자적립액(해약환급금)도 줄어듭니다.)

④ 회사는 계약자가 「보험료납입면제대상계약」의 보험가입금액을 감액하고자 할 때에는 그 감액된 「보험료납입면제대상계약」의 보험료만큼 이 특약의 보험가입금액도 감액된 것으로 봅니다. 이 때 감액된 부분은 해지된 것으로 보며, 이로써 회사가 지급하여야 할 해약환급금이 있을 때에는 제2-11조(해약환급금) 제1항에 따른 해약환급금을 계약자에게 지급

22121522000000071435

(간편)[50%장해납입면제형]보험료납입면제특약(무배당, 해약환급금 미지급형)
---
보험약관에서 보장하는 위험에 대하여 보험료, 해약환급금 등이 적정 하게 계산될 수 있도록 산출기초율$^{(주)}$을 사용하여 계산한 방법을 기재하는 서류입니다.

(주) 산출기초율 : 계약체결비용, 계약관리비용, 이율 및 위험률 등

③ 회사는 보험료납입면제대상계약(주계약 제외)의 무효, 취소 또는 철회가 발생한 경우에는 해당 계약은 「보험료납입면제대상계약」에서 제외하며, 실제 납입한 보험료 누계액(다만, “감액 등으로 회사가 실제 지급한 금액”을 차감한 금액) 중 해당 계약에 대한 보험료는 계약자에게 돌려 드립니다.

감액

보험료, 보험금, 계약자적립액 등을 산정하는 기준이 되는 가입금액을 계약시 선택한 금액보다 적은 금액으로 줄이는 것 (이에 따라 보험료, 보험금 및 계약자적립액(해약환급금)도 줄어듭니다.)",250212원문재검증(v3정화),v3-offline-0159,multi_evidence,False
50,고객상담,위암 진단받았는데 납입면제 가능한지? 납입면제되면 갱신이 되는지?,"위암은 ""「여성유방암 및 전립선암」 이외의 암""에 해당합니다. 회사는 특약보험기간 중 피보험자가 ""암"" 및 ""중증 갑상선암"" 보장개시일 이후에 ""「여성유방암 및 전립선암」 이외의 암"" 또는 ""중증 갑상선암""으로 진단 확정 되었을 때 차회 이후의 ""보험료납입면제대상계약""의 보험료(다만, 추가납입보험료 제외) 납입을 면제하여 드립니다. 따라서 보장개시일 이후에 위암으로 진단 확정 되었다면 납입이 면제됩니다. 갱신과 관련하여, 보험료 납입이 면제된 이후에는 차회 이후 보험료납입면제대상계약의 보험료가 정상적으로 납입된 것으로 봅니다. 다만, 보험료의 납입이 면제된 이후에 보험료납입면제대상계약이 갱신되는 경우 갱신된 보험료납입면제대상계약의 보험료를 납입하여야 합니다.",확정,"이 특약은 보험금의 지급사유가 없습니다.

제2-2조의2 보험료 납입면제사유

회사는 특약보험기간 중 피보험자가 ""암"" 및 ""중증 갑상선암"" 보장개시일 이후에 ""「여성유방암 및 전립선암」 이외의 암"" 또는 ""중증 갑상선암""으로 진단 확정 되었을 때 차회 이후의 ""보험료납입면제대상계약""의 보험료(다만, 추가납입보험료 제외) 납입을 면제하여 드립니다.

제2-3조 보험금 지급에 관한 세부규정

이 특약은 보험금 지급에 관한 세부규정이 없습니다.
---
제2-3조의2 보험료 납입면제에 관한 세부규정

① 제2-2조의2(보험료 납입면제사유)에 따라 보험료 납입이 면제된 이후에는 차회 이후 보험료납입면제대상계약의 보험료가 정상적으로 납입된 것으로 봅니다.

② 제1항에도 불구하고, 제2-2조의2(보험료 납입면제사유)에 따라 보험료의 납입이 면제된 이후에 보험료납입면제대상계약이 갱신되는 경우 갱신된 보험료납입면제대상계약의 보험료를 납입하여야 합니다. 다만, 이 특약은 제2-1조의2(특약의 보험기간 및 갱신) 제5항 제4호에 따라 갱신된 보험료의 보험료를 납입하면서야 합니다.

22121522000000071500

(간편)[일반암납입면제형]보험료납입면제특약(무배당, 갱신형)",250212원문재검증(v3정화),v3-offline-0208,multi_evidence,False
51,Claim,대장점막내암의 정의는 무엇인가요?,대장점막내암은 대장의 악성신생물(암)(C18~C20) 중에서 상피세포층에서 발생한 악성종양 세포가 기저막을 뚫고 내려가 점막고유층 또는 점막근층을 침범하였으나 점막하층까지는 침범하지 않은 상태의 질병을 말합니다(대장은 맹장·충수·결장·직장).,확정,"경우

제2-1조의3 ""대장점막내암""의 정의 및 진단확정

① 이 특약에 있어서 ""대장점막내암""이라 함은 제8차 개정 한국표준질병·사인분류 중 대장의 악성신생물(암)(C18 ~ C20)에 해당하는 질병 중에서 대장의 상피세포층(epithelium)에서 발생한 악성종양 세포가 기저막(basement membrane)을 뚫고 내려가서 점막고유층(lamina propria) 또는 점막근층(muscularis mucosa)을 침범하였으나 점막하층(submucosa)까지는 침범하지 않은 상태의 질병을 말하며, 대장은 맹장, 충수, 결장, 직장을 말합니다.

[ 대장점막내암 예시 ]

|  |  |",기존3단계검수+250212원문재앵커링,v3-offline-0094,single_lookup,True
52,Claim,주계약의 납입면제 사유는 무엇인가요?,"주계약 자체는 납입면제가 없습니다. 다만 이 주계약의 보험료를 납입면제할 수 있는 특약을 가입한 경우, 보험료 납입기간 중 피보험자가 해당 특약에서 정하는 기준에 따라 납입면제 사유에 해당되면 차회 이후 주계약 보험료 납입이 면제됩니다.",확정,"※ 2년 미만 : 계약일부터 2년이 되는 시점의 계약해당일의 전날까지

주) 1. 보험기간 중 피보험자가 사망하거나 이 약관에서 정하는 보험금 지급사유가 더 이상 발생할 수 없는 경우에는 이 계약은 그때부터 효력이 없습니다.

2. 주계약은 납입면제가 없습니다. 다만, 이 주계약의 보험료를 납입면제 할 수 있는 특약을 가입한 경우, 보험료 납입기간 중 피보험자가 해당 특약에 서 정하는 기준에 따라 납입면제 사유에 해당되는 경우에는 차회 이후 주 계약의 보험료 납입을 면제합니다.

3. 사망 당시에 이미 납입한 주계약 보험료가 주계약의 사망보험금을 초과하는 경우, 이미 납입한 주계약 보험료를 사망보험금으로 지급하여 드립니다.

$ \underline{ \text{The first question} } $",기존3단계검수+250212원문재앵커링,v3-offline-0259,single_lookup,True
53,챗봇,신한(간편가입) 통합건강보험 원(ONE)의 장점이 뭔가요,"약관 요약서상 주요 특징: ① 간편가입(간편심사형)으로 유병력자·고연령자 등 일반심사보험 가입이 어려운 피보험자도 계약심사 과정을 간소화하여 가입 가능, ② 특약가입을 통해 진단·입원·수술 등을 보장하는 건강보험, ③ 보험기간 중 피보험자가 사망하였을 때 사망보험금으로 보험가입금액의 100%를 지급(다만, 간편심사형에 한하여 계약일부터 2년 미만에 재해 이외의 원인으로 지급사유가 발생한 경우 보험가입금액의 50%를 지급). 또한 예금자보호(1인당 최고 1억원) 대상입니다. 유의사항으로, 일반심사보험보다 보험료가 다소 높을 수 있고, 해약환급금 미지급형이므로 보험료 납입기간 중 계약을 해지할 경우 해약환급금이 없습니다.",확정,"S

| 구분 | 지급사유 | 지급금액 |
| --- | --- | --- |
| 사망보험금 | 보험기간 중 피보험자가 사망하였을 때 | 보험가입금액의 100% (다만, ""간편심사형""에 한하여 계약일부터 2년 미만에 재해 이외의 원인으로 지급사유가 발생한 경우 ""보험가입금액의 50%""를 지급함) |

※ 2년 미만 : 계약일부터 2년이 되는 시점의 계약해당일의 전날까지

주) 1. 보험기간 중 피보험자가 사망하거나 이 약관에서 정하는 보험금 지급사유가 더 이상 발생할 수 없는 경우에는 이 계약은 그때부터 효력이 없습니다.
---
(①간편)신한통합건강보장보험 원(ONE)(②무배당, ③해약환급금 미지급형)

① 간편(간편심사형 가입시) :

일반심사보험에 가입하기 어려운 피보험자(유병력자 또는 고연령자 등)를 대상으로 계약심사 과정을 간소화한 상품으로, 일반심사보험보다 보험료가 다소 높을 수 있습니다.

② 무배당 : 계약자에게 배당을 하지 않는 상품입니다.

③ 해약환급금 미지급형 : 보험료 납입기간 중 계약을 해지할 경우 해약환급금은 없습니다.",기존3단계검수+250212원문재앵커링,v3-offline-0138,multi_evidence,False
54,챗봇,"신한통합건강보험 원(무배당,갱신형) 상품의 뇌혈관, 허혈성심장 질환에 대해 보장되는 KCD 코드 알려주세요",뇌혈관질환으로 분류되는 대상 질병과 분류 코드는 거미막하출혈 I60 · 뇌내출혈 I61 · 기타 비외상성 두개내출혈 I62 · 뇌경색증 I63 · 출혈 또는 경색증으로 명시되지 않은 뇌졸중 I64 · 뇌경색증을 유발하지 않은 뇌전동맥의 폐쇄 및 협착 I65 · 뇌경색증을 유발하지 않은 대뇌동맥의 폐쇄 및 협착 I66 · 기타 뇌혈관질환 I67 · 달리 분류된 질환에서의 뇌혈관장애 I68 · 뇌혈관질환의 후유증 I69 입니다. 허혈심장질환으로 분류되는 대상 질병과 분류 코드는 협심증 I20 · 급성심근경색증 I21 · 후속심근경색증 I22 · 급성심근경색증 후 특정 현존 합병증 I23 · 기타 급성 허혈심장질환 I24 · 만성 허혈심장병 I25 입니다.,확정,"| 대상 질병 명 | 분류 코드 |
| --- | --- |
| 거미막하출혈 | I60 |
| 뇌내출혈 | I61 |
| 기타 비외상성 두개내출혈 | I62 |
| 뇌경색증 | I63 |
| 출혈 또는 경색증으로 명시되지 않은 뇌졸중 | I64 |
| 뇌경색증을 유발하지 않은 뇌전동맥의 폐쇄 및 협착 | I65 |
| 뇌경색증을 유발하지 않은 대뇌동맥의 폐쇄 및 협착 | I66 |
| 기타 뇌혈관질환 | I67 |
| 달리 분류된 질환에서의 뇌혈관장애 | I68 |
| 뇌혈관질환의 후유증 | I69 |
---
| 대상 질병 명 | 분류 코드 |
| --- | --- |
| 협심증 | I20 |
| 급성심근경색증 | I21 |
| 후속심근경색증 | I22 |
| 급성심근경색증 후 특정 현존 합병증 | I23 |
| 기타 급성 허혈심장질환 | I24 |
| 만성 허혈심장병 | I25 |",250212원문재검증(v3정화),v3-offline-0153,multi_evidence,False
55,고객상담,중입자치료가 항암방사선특약에 보장되는지 알려줘,"이 약관에는 중입자(중이온) 방사선치료를 보장한다는 내용이 확인되지 않습니다. 이 약관의 (간편)항암세기조절방사선치료특약에 있어서 ""항암세기조절방사선치료(IMRT, Intensity Modulated Radiation Therapy)""라 함은 ""항암방사선치료"" 중, 방사선종양학과 전문의 자격증을 가진자가 피보험자의 ""암"", ""기타피부암"", ""갑상선암"", ""대장점막내암"" 또는 ""비침습방광암""의 직접적인 치료를 목적으로 세기조절방사선치료법을 이용하여 암세포의 성장과 확산을 억제하는 항암방사선치료를 말하며, 방사선세기조절이 없거나 입자방사선을 이용하는 치료는 포함하지 않습니다. 또한 ""항암양성자방사선치료""라 함은 국내에 허가된 양성자치료센터에서 수소 원자 핵을 가속하여 얻은 분리된 양성자를 이용하여 암세포의 성장과 확산을 억제하는 항암방사선치료를 말합니다.",확정,"이 특약에 있어서 ""항암세기조절방사선치료(IMRT, Intensity Modulated Radiation Therapy)""라 함은 제2-1조의6(""항암방사선치료""의 정의)에서 정한 ""항암방사선치료"" 중, 방사선종양학과 전문의 자격증을 가진자가 피보험자의 ""암"", ""기타피부암"", ""갑상선암"", ""대장점막내암"" 또는 ""비침습방광암""의 직접적인 치료를 목적으로 세기조절방사선치료법을 이용하여 암세포의 성장과 확산을 억제하는 항암방사선치료를 말하며, 방사선세기조절이 없거나 입자방사선을 이용하는 치료는 포함하지 않습니다.
---
이 특약에 있어서 ""항암방사선치료""라 함은 방사선종양학과 전문의 자격증을 가진자가 피보험자의 ""암"", ""기타피부암"", ""갑상선암"", ""대장점막내암"" 또는 ""비침습방광암""의 직접적인 치료를 목적으로 고에너지 전리 방사선(ionizing radiation)을 조사(照)하여 암세포를 죽이는 치료법을 말합니다.

제2-1조의7 ""항암양성자방사선치료""의 정의

이 특약에 있어서 ""항암양성자방사선치료""라 함은 제2-1조의6(""항암방사선치료""의 정의)에서 정한 ""항암방사선치료"" 중, 방사선종양학과 전문의 자격증을 가진 자가 국내에 허가된 양성자치료센터에서 피보험자의 ""암"", ""기타피부암"", ""갑상선암"", ""대장점막내암"" 또는 ""비침습방광암""의 직접적인 치료를 목적으로 수소 원자 핵을 가속하여 얻은 분리된 양성자를 이용하여 암 환자의 몸에 조사하여 암세포의 성장과 확산을 억제하는 항암방사선치료를 말합니다. 양성자는 광자나 전자와 달리 신체 표면에서 빠른 속도로 진행하고 심부에서 느린 속도로 진행하는 특성(브래그 피크)을 가지며, 이를 치료에 이용하는 것을 말합니다.

제2관 보험금의 지급

제2-2조 보험금의 지급사유",250212원문재검증(v3정화),v3-offline-0260,multi_evidence,False
56,고객상담,한시적 장해진단으로 지급받고 있다가 다른 부위 장해로 장해가 악화된 경우에는 어떻게 적용하나요?,"치료 종결 후 한시적으로 나타나는 장해(그 기간이 5년 이상인 경우 해당 장해지급률의 20% 적용)로 지급률이 결정된 이후, 보장받을 수 있는 기간 내에 장해상태가 더 악화된 때에는 그 악화된 장해상태를 기준으로 장해지급률을 다시 결정합니다.",확정,"④ 제3항 및 제7항에 따라 장해지급률이 결정되었으나 그 이후 보장받을 수 있는 기간(특약의 효력이 없어진 경우에는 보험기간이 10년 이상인 특약은 질병의 진단확정일부터 2년 이내로 하고, 보험기간이 10년 미 만인 특약은 질병의 진단확정일부터 1년 이내)에 장해상태가 더 악화된 때에는 그 악화된 장해상태를 기준으로 장해지급률을 결정합니다.

⑤ 장해분류표(<부표2-2> 참조)에 해당되지 않는 장해는 신체의 장해정도에 따라 장해분류표(<부표2-2> 참조)의 구분에 준하여 장해지급률을 결정합니다.

⑥ 제2-2조(보험금의 지급사유)의 경우 하나의 장해가 관찰방법에 따라서 장해분류표(<부표2-2> 참조)상 두 가지 이상의 신체부위에서 장해로 평가되는 경우에는 그 중 높은 장해지급률을 적용합니다.
또한, 하나의 장해가 다른 장해와 통상 파생하는 관계에 있는 경우에는 그 중 높은 장해지급률만을 적용하며, 하나의 장해로 둘 이상의 파생장해가 발생하는 경우 각 파생장해의 장해지급률을 더한 장해지급률과 최초 장해의 장해지급률을 비교하여 그 중 높은 장해지급률을 적용합니다.

⑦ 제2-2조(보험금의 지급사유)의 경우 장해상태가 영구히 고정된 증상은 아니지만 치료 종결 후 한시적으로 나타나는 장해(이하 ""한시장해""라 합니다)에 대하여는 그 기간이 5년 이상인 경우 해당 장해지급률의 20%를 한시장해의 장해지급률로 정합니다.",기존3단계검수+250212원문재앵커링,v3-offline-0332,single_lookup,True
57,상품,"약관내용 중에 ""암의 직접적인 치료""에 대한 정의를 별도조항으로 기술하는 약관이 있어?","네, 있습니다. 예를 들어 특정항암호르몬약물허가치료를 보장하는 특약에는 제2-1조의10 ""암, 대장점막내암, 비침습방광암 또는 갑상선암의 직접적인 치료""의 정의 조항이 별도로 있습니다. 또한 제2-1조의6 ""항암약물치료""의 정의에서는 ""항암약물치료""라 함은 의료법 제3조(의료기관)에서 규정한 해당 진료과목의 전문의 자격증을 가진 자가 피보험자의 암, 대장점막내암, 비침습방광암 또는 갑상선암의 직접적인 치료를 목적으로 항암화학요법 또는 항암면역요법에 의해 항암약물을 투여하여 치료하는 것을 말합니다.",확정,"· 종양의 발생부위 및 피보험자의 신체상태 등의 이유로 조직을 추출하는 경우 생명의 위험을 초래할 수 있어 병리학적 검사를 시행할 수 없는 경우

제2-1조의6 ""항암약물치료""의 정의

이 특약에 있어서 ""항암약물치료""라 함은 의료법 제3조(의료기관)에서 규정(<별첨1> 참조)한 해당 진료과목의 전문의 자격증을 가진 자가 피보험자의 암, 대장점막내암, 비침습방광암 또는 갑상선암의 직접적인 치료를 목적으로 항암화학요법 또는 항암면역요법에 의해 항암약물을 투여하여 치료하는 것을 말합니다. 다만, 항암면역요법이란 면역기전을 이용해서 암세포를 제거하는 치료를 말하며, 암세포가 없는 상태에서 면역력을 증가시키는 약물치료는 제외됩니다.

제2-1조의7 “특정항암호르몬치료제” 및 “특정항암호르몬약물허가치료”의 정의

① ""특정항암호르몬치료제""란 암의 발생과 성장에 호르몬을 이용하는 암종에서 사용되는 항암약물치료제로, 암세포의 성장과 확산을 억제하거나 진행 속도를 늦추기 위한 목적으로 호르몬을 차단하거나 호르몬 양을 감소시키는데 작용하는 호르몬 관련 치료제를 말합니다.
---
제2-1조의8 “갑상선암수술후항암호르몬치료제” 및 “갑상선암수술후항암호르몬약물허가치료”의 정의

제2-1조의9 ""수술""의 정의와 장소

제2-1조의10 “암, 대장점막내암, 비침습방광암 또는 갑상선암의 직접적인 치료”의 정의

제2-1조의11 보장계약 등의 정의

제2관 보험금의 지급",250212원문재검증(v3정화),v3-offline-0195,multi_evidence,False
58,고객상담,암진단금 수령후 갱신가능여부알려줘,암진단금(보험금) 지급사유가 발생하여 해당 보장계약이 소멸되면 그 보장계약은 갱신할 수 없습니다.,확정,⑤ 제2항에도 불구하고 피보험자에게 제2-2조(보험금의 지급사유)에서 정한 각 보장계약별 보험금 지급사유가 발생하여 해당 보장계약이 소멸된 경우 해당 보장계약을 갱신할 수 없습니다.,기존3단계검수+250212원문재앵커링,v3-offline-0184,single_lookup,True
59,LICO,입원첫날부터지급되나요?,"예. '(간편)첫날부터상급종합병원입원특약(무배당, 해약환급금 미지급형)'은 피보험자가 질병 또는 재해로 1일 이상 계속하여 상급종합병원에 입원하면 별도 면책기간 없이 입원 첫날(1일)부터 입원급여금을 지급합니다(1회 입원당 180일 한도). 단, '간편심사형'은 계약일부터 1년 미만에 재해 이외의 원인으로 지급사유가 발생하면 가입금액의 0.5%만 지급하며, 1년 이상이 되면 가입금액의 1%를 정상 지급합니다.",확정,"S

| 구분 | 지급사유 | 지급금액 |
|------|---------|----------|
| 상급종합병원 입원급여금 | 특약보험기간 중 「피보험자가 질병 또는 재해로 인한 그 직접적인 치료를 목적으로 1일이상 계속 ""상급종합병원""에 입원」하였을 때 (다만, 1회 입원당 180일 한도) | 【입원일수 1일당】 특약보험가입금액의 1% (다만, ""간편심사형""에 한하여 계약일부터 1년 미만에 재해 이외의 원인으로 지급사유가 발생한 경우 ""특약보험가입금액의 0.5%""를 지급함) |

※ 1년 미만 : 계약일부터 1년이 되는 시점의 계약해당일의 전날까지

주) 1. 「이 특약의 피보험자가 특약보험기간 중 사망하였을 경우」 또는 「주계약이 해지, 무효, 취소 또는 철회된 경우」 이 특약은 그때부터 효력이 없습니다.
---
제2-3조 보험금 지급에 관한 세부규정

① 특약보험료 납입기간 중 주계약의 보험료 납입이 면제된 경우 이 특약의 차회 이후 보험료 납입을 면제합니다. 다만, 주계약의 보험료 납입면제가 ""보험료의 납입을 면제하는 특약""에 의해 납입면제가 된 경우 그 ""보험료의 납입을 면제하는 특약""의 약관에서 정한 바를 따르며, 이 특약이 해당 약관의 「보험료납입면제대상계약」에 해당되지 않는 경우 보험료 납입면제가 되지 않습니다.

② 제2-2조(보험금의 지급사유)의 경우 ""간편심사형""에 한하여, 계약일부터 1년 미만에 재해 이외의 원인으로 ""상급종합병원 입원급여금"" 지급사유가 발생하였을 때에는 <부표2-1> ""보험금 지급기준표""에서 정한바에 따라 삭감하여 지급합니다.

22121522000000071205

(간편)첫날부터상급종합병원입원특약(무배당, 해약환급금 미지급형)
---
제가 ""보험료의 납입을 면제하는 특약""에 의해 납입면제가 된 경우 그 ""보험료의 납입을 면제하는 특약""의 약관에서 정한 바를 따르며, 이 특약이 해당 약관의 「보험료납입면제대상계약」에 해당되지 않는 경우 보험료 납입면제가 되지 않습니다.

② 제2-2조(보험금의 지급사유)의 경우 ""간편심사형""에 한하여, 계약일부터 2년 미만에 재해 이외의 원인으로 보험금 지급사유가 발생하였을 때에는 <부표2-1> ""보험금 지급기준표""에서 정한 바에 따라 삭감하여 지급합니다.

③ 제2항에도 불구하고 계약일부터 2년 미만에 재해 이외의 원인으로 해당 보험금 지급사유가 발생하고 계속 입원 중에 2년 이상이 될 경우에는 계약일부터 2년 이상이 된 날부터 해당 보험금을 삭감하지 않습니다.

④ 재해는 특약보험기간 중 발생한 재해에 한하며, 특약보험기간 중 발생한 재해가 아닌 경우에는 보험금 지급사유 중 해당 재해와 관련한 보험금을 지급하지 않습니다.

⑤ 제2-2조(보험금의 지급사유)의 경우 계속 입원이란 중도 퇴원 없이 계속하여 입원하는 것을 뜻합니다.",기존3단계검수+250212원문재앵커링,v3-offline-0232,multi_evidence,False
60,챗봇,"신한통합건강보험 원(ONE)(무배당,해약환급금 미지급형)에서 항암방사선치료비 나올까","네. (간편)항암방사선치료특약(무배당, 해약환급금 미지급형)이 부가된 경우, 피보험자가 보장개시일(암의 경우 암보장개시일) 이후 암·대장점막내암·비침습방광암 등으로 진단확정되고 그 직접적인 치료를 목적으로 '항암방사선치료'를 받으면 약정한 항암방사선치료급여금을 지급합니다.",확정,"제2관 보험금의 지급

제2-2조 보험금의 지급사유

회사는 특약보험기간 중 피보험자가 보장개시일(암의 경우 암보장개시일) 이후에 암, 기타피부암, 갑상선암, 대장점막내암 또는 비침습방광암으로 진단확정 되고, 특약보험기간 중 그 암, 기타피부암, 갑상선암, 대장점막내암 또는 비침습방광암의 직접적인 치료를 목적으로 ""항암세기조절방사선치료""를 받았을 때에는 보험수익자에게 약정한 항암세기조절방사선치료급여금(<부표2-1> ""보험금 지급기준표"" 참조)을 지급합니다. (다만, 최초 1회에

2212152200000007419

(간편)항암세기조절방사선치료특약(무배당, 갱신형)
---
[일반심사형의 경우]

1. 특약보험기간 중 피보험자가 보장개시일(암의 경우 암보장개시일) 이후에 ""암"", ""대장점막내암"" 또는 ""비침습방광암""으로 진단확정 되고, 특약보험기간 중 그 ""암"", ""대장점막내암"" 또는 ""비침습방광암""의 직접적인 치료를 목적으로 ""항암방사선치료""를 받았을 때에는 보험수익자에게 약정한 항암방사선치료급여금을 지급합니다. (다만, 최초 1회에 한함)

2. 특약보험기간 중 피보험자가 보장개시일 이후에 ""기타피부암"", ""갑상선암"", ""제자리암"", ""경계성종양""으로 진단확정 되고, 특약보험기간 중 그 ""기타피부암"", ""갑상선암"", ""제자리암"", ""경계성종양""의 직접적인 치료를 목적으로 ""항암방사선치료""를 받았을 때에는 보험수익자에게 약정한 항암방사선치료급여금을 지급합니다. (다만, ""기타피부암"", ""갑상선암"", ""제자리암"", ""경계성종양"" 각각 최초 1회에 한함)

제2-3조 보험금 지급에 관한 세부규정

① 특약보험료 납입기간 중 주계약의 보험료 납입이 면제된 경우 이 특약의 차회 이후 보험료 납입을 면제합니다. 다만, 주계약의 보험료 납입 면제가 ""보험료의 납입을 면제하는 특약""에 의해 납입면제가 된 경우 그 ""보험료의 납입을 면제하는 특약""의 약관에서 정한 바를 따르며, 이 특약이 해당 약관의 「보험료납입면제대상계약」에 해당되지 않는 경우 보험료 납입면제가 되지 않습니다.",기존3단계검수+250212원문재앵커링,v3-offline-0152,multi_evidence,False
61,고객상담,교통사고로 추간판탈출증 장해 진단된 경우 장해보험금 청구시에 어떤 서류를 제출하나요?,"장해보험금 청구 시 사고증명서로 '사망진단서, 장해진단서, 진단서(병명 및 분류코드 기입), 진료기록부(검사기록지 포함), 각종사고 증명서류 등'을 제출하며, 이 서류는 의료기관·국민건강보험공단·경찰서 등에서 발급한 것이어야 합니다.",확정,"의식은 있으나 심신장애의 정도가 심해 자신의 행위 결과를 합리적으로 판단할 능력을 갖지 못한 상태

제2-5조 사고증명서

① 제1-5조(보험금 등의 청구) 제2호에서 말하는 이 특약의 사고증명서는 ""사망진단서, 장해진단서, 진단서(병명 및 분류코드 기입), 진료기록부 (검사기록지 포함), 각종사고 증명서류 등""을 말합니다.

② 제1항의 사고증명서는 의료기관, 국민건강보험공단, 경찰서 등에서 발급한 것이어야 합니다.

제2-6조 보험금 받는 방법의 변경",기존3단계검수+250212원문재앵커링,v3-offline-0059,single_lookup,True
62,챗봇,신한통합건강보험 ONE 에서는 스쿠버다이빙으로 인한 후유장해도 보상 돼?,"재해분류표상 보장대상이 되는 재해는 ""한국표준질병·사인분류상의(S00 ~ Y84)에 해당하는 우발적인 외래의 사고""입니다. 스쿠버다이빙은 ""보험금을 지급하지 않는 재해""(고의적 자해(X60 ~ X84) 등)에 열거되어 있지 않습니다. 따라서 스쿠버다이빙 중 발생한 우발적 익사 및 익수(W65 ~ W74) 등 우발적인 외래의 사고는 재해에 해당하여 재해로 인한 장해 보장의 대상이 됩니다. 다만, ""우발적 익사 및 익수(W65 ~ W74), 호흡과 관련된 기타 불의의 위협(W75 ~ W84), 눈 또는 인체의 개구부를 통하여 들어온 이물(W44)"" 중 질병에 의한 호흡장해 및 삼킴장해는 보험금을 지급하지 않는 재해에 해당합니다.",확정,"1. 보장대상이 되는 재해

다음 각 호에 해당하는 재해는 이 보험의 약관에 따라 보험금을 지급합니다.

① 한국표준질병·사인분류상의(S00 ~ Y84)에 해당하는 우발적인 외래의 사고
---
- 물부족(X54)

- 상세불명의 결핍(X57)

- 고의적 자해(X60 ~ X84)

- ""법적 개입"" 중 법적 처형(Y35.5)

③ ""외과적 및 내과적 치료 중 환자의 재난(Y60 ~ Y69)"" 중 진료기관의 고의 또는 과실이 없는 사고 (단, 처치 당시에는 재난에 대한 언급이 없었으나 환자의 이상반응 또는 이후 합병증의 원인이 된 외과적 및 기타 내과적 처치(Y83 ~ Y84)는 보장)
---
⑤ “우발적 익사 및 익수(W65 ~ W74), 호흡과 관련된 기타 불의의 위협(W75 ~ W84), 눈 또는 인체의 개구부를 통하여 들어온 이물(W44)” 중 질병에 의한 호흡장해 및 삼킴장해

⑥ 한국표준질병·사인분류상의 (U00 ~ U99)에 해당하는 질병

주) 1. ( )안은 제8차 개정 한국표준질병·사인분류(통계청고시 제2020-175호, 2021. 1. 1 시행)상의 분류코드이며, 제9차 개정 이후 상기 “1. 보장대상이 되는 재해” 및 “2. 보험금을 지급하지 않는 재해” 해당 여부는 재해 발생 당시에 시행되고 있는 한국표준질병·사인분류에 따라 판단합니다.

2. 이 약관에서 정한 보장 여부의 판단은 재해 발생 당시의 한국표준질병·사인분류를 기준으로 하며, 이후 한국표준질병·사인분류 개정으로 분류코드가 변경되더라도 이 약관에서 보장하는 분류코드의 해당 여부를 다시 판단하지 않습니다.

3. 위 ""1. 보장대상이 되는 재해""의 ②에 해당하는 감염병은 ""2. 보험금을 지급하지 않는 재해""의 ⑥에 해당하더라도 보장대상에서 제외하지 않습니다.",250212원문재검증(v3정화),v3-offline-0150,multi_evidence,False
63,Claim,[허혈심장질환납입면제형]보험료납입면제특약의 납입면제 대상이 되는 허혈심장질환의 질병분류코드는 무엇인가요?,"약관에서 정한 ""허혈심장질환""으로 분류되는 질병은 제8차 개정 한국표준질병·사인분류 중 다음에 적은 대상질병을 말합니다.

| 대상 질병 명 | 분류 코드 |
| --- | --- |
| 협심증 | I20 |
| 급성심근경색증 | I21 |
| 후속심근경색증 | I22 |
| 급성심근경색증 후 특정 현존 합병증 | I23 |
| 기타 급성 허혈심장질환 | I24 |
| 만성 허혈심장병 | I25 |",확정,"약관에서 정한 ""허혈심장질환""으로 분류되는 질병은 제8차 개정 한국표준질병·사인분류(통계청 고시 제2020-175호, 2021. 1. 1 시행) 중 다음에 적은 대상질병을 말합니다.

| 대상 질병 명 | 분류 코드 |
| --- | --- |
| 협심증 | I20 |
| 급성심근경색증 | I21 |
| 후속심근경색증 | I22 |
| 급성심근경색증 후 특정 현존 합병증 | I23 |
| 기타 급성 허혈심장질환 | I24 |
| 만성 허혈심장병 | I25 |

주) 1. 제9차 개정 이후 이 약관에서 정한 ""허혈심장질환"" 해당 여부는 피보험자가 진단확정 받은 시점에 시행되고 있는 한국표준질병·사인분류에 따라 판단합니다.",250212원문재검증(v3정화),v3-offline-0029,single_lookup,True
64,Claim,"소액암진단특약(제자리암진단비, 경계성종양진단비) 청구시 필요한 구비서류는 무엇인가요?","소액암진단특약(제자리암·경계성종양 진단비)의 사고증명서는 사망진단서, 진단서(병명 및 분류코드 기입), 진료기록부(검사기록지 포함), 각종사고 증명서류 등이며, 의료기관·국민건강보험공단·경찰서 등에서 발급한 것이어야 합니다.",확정,"의식은 있으나 심신장애의 정도가 심해 자신의 행위 결과를 합리적으로 판단할 능력을 갖지 못한 상태

제2-5조 사고증명서

① 제1-5조(보험금 등의 청구) 제2호에서 말하는 이 특약의 사고증명서는 ""사망진단서, 진단서(병명 및 분류코드 기입), 진료기록부(검사기록지 포함), 각종사고 증명서류 등""을 말합니다.

② 제1항의 사고증명서는 의료기관, 국민건강보험공단, 경찰서 등에서 발급한 것이어야 합니다.

제2-6조 보험금 받는 방법의 변경",기존3단계검수+250212원문재앵커링,v3-offline-0130,single_lookup,True
65,LICO,허혈심장질환이심근경색보다좋은거예요?,"약관은 질병 간의 우열을 정하고 있지 않습니다. 다만, 허혈심장질환 분류표의 대상 질병은 다음과 같습니다.

| 협심증 | I20 |
| 급성심근경색증 | I21 |
| 후속심근경색증 | I22 |
| 급성심근경색증 후 특정 현존 합병증 | I23 |
| 기타 급성 허혈심장질환 | I24 |
| 만성 허혈심장병 | I25 |

급성심근경색증 분류표의 대상 질병은 다음과 같습니다.

| 급성 심근경색증 | I21 |
| 후속 심근경색증 | I22 |
| 급성 심근경색증 후 특정 현존 합병증 | I23 |

즉 허혈심장질환 분류표가 급성심근경색증 분류표의 분류코드를 포함하는 더 넓은 분류입니다.",확정,"| --- | --- |
| 협심증 | I20 |
| 급성심근경색증 | I21 |
| 후속심근경색증 | I22 |
| 급성심근경색증 후 특정 현존 합병증 | I23 |
| 기타 급성 허혈심장질환 | I24 |
| 만성 허혈심장병 | I25 |

주) 1. 제9차 개정 이후 이 약관에서 정한 ""허혈심장질환"" 해당 여부는 피보험자가 진단확정 받은 시점에 시행되고 있는 한국표준질병·사인분류에 따라 판단합니다.
---
약관에서 정한 ""급성심근경색증""으로 분류되는 질병은 제8차 개정 한국표준질병·사인분류(통계청 고시 제2020-175호, 2021. 1. 1 시행) 중 다음에 적은 대상질병을 말합니다.

| 대상 질병명 | 분류코드 |
| --- | --- |
| 급성 심근경색증 | I21 |
| 후속 심근경색증 | I22 |
| 급성 심근경색증 후 특정 현존 합병증 | I23 |",250212원문재검증(v3정화),v3-offline-0346,multi_evidence,False
66,상품,특정질병이나 사고가 보장되는지 판단할때 필요한 핵심 조건이 뭐야?,"보장제한(부담보) 인수 계약 기준으로 보장 여부 판단의 핵심 조건은 다음과 같습니다. ① 면책기간: 특정신체부위 또는 특정질병의 상태에 따라 ""해당계약""의 보험기간 이내에서 「1개월부터 5년」 또는 「주계약의 보험기간」으로 하며, 면책기간 설정에 대한 판단은 회사에서 정한 계약심사기준을 따릅니다. ② 부담보 대상: 특정신체부위에 발생한 질병 또는 특정신체부위에 발생한 질병의 전이로 인하여 특정신체부위 이외의 신체부위에 발생한 질병, 그리고 특정질병입니다. ③ 예외적으로 보장하는 경우: 특정신체부위에 발생한 질병의 합병증으로 인하여 특정신체부위 이외의 신체부위에 발생한 질병으로 ""보험금 지급사유"" 또는 ""보험료 납입면제사유""가 발생한 경우(다만, 전이는 합병증으로 보지 않습니다), 특정질병의 합병증으로 인하여 발생한 특정질병 이외의 질병인 경우, 재해를 직접적인 원인으로 하는 경우, 보험계약 청약일부터 5년이 지나는 동안 추가진단(단순건강검진 제외) 또는 치료사실이 없고 청약일로부터 5년이 지난 이후 발생한 경우, 사망을 원인으로 하는 경우입니다. ④ ""특정질병"" 해당 여부는 피보험자가 진단확정 받은 시점에 시행되고 있는 한국표준질병·사인분류에 따라 판단합니다.",확정,"1. 특정신체부위에 발생한 질병 또는 특정신체부위에 발생한 질병의 전이로 인하여 특정신체부위 이외의 신체부위에 발생한 질병

2. 특정질병

③ 제2항의 면책기간은 특정신체부위 또는 특정질병의 상태에 따라 ""해당계약""의 보험기간 이내에서 「1개월부터 5년」 또는 「주계약의 보험기간」으로 합니
다. 또한, 면책기간 설정에 대한 판단은 회사에서 정한 계약심사기준을 따르며, 개개인의 질병의 상태 등에 대한 의사의 소견에 따라서 다르게 적용할 수 있습니다.

계약심사기준
---
1. 제2항 제1호에서 지정한 특정신체부위에 발생한 질병의 합병증으로 인하여 특정신체부위 이외의 신체부위에 발생한 질병으로 ""해당계약""에서 정한 ""보험금 지급사유"" 또는 ""보험료 납입면제사유""가 발생한 경우(다만, 전이는 합병증으로 보지 않습니다.)

2. 제2항 제2호에서 지정한 특정질병의 합병증으로 인하여 발생한 특정 질병 이외의 질병으로 ""해당계약""에서 정한 ""보험금 지급사유"" 또는 ""보험료 납입면제사유""가 발생한 경우

3. 재해를 직접적인 원인으로 ""해당계약""에서 정한 ""보험금 지급사유"" 또는 ""보험료 납입면제사유""

4. 보험계약 청약일부터 5년(갱신형 계약의 경우에는 최초계약의 청약일부터 5년)이 지나는 동안 제2항 제1호 또는 제2호에서 정한 질병으로 추가진 단(단순건강검진 제외) 또는 치료사실이 없고, 청약일로부터 5년이 지난 이후 제2항 제1호 또는 제2호에서 정한 질병으로 ""해당계약""에서 정한 ""보험금 지급사유"" 또는 ""보험료 납입면제사유""가 발생한 경우

5. 사망을 원인으로 하는 “보험금 지급사유” 또는 “보험료 납입면제사유”가 발생한 경우
---
주) 1. 제9차 개정 이후 이 약관에서 규정하는 ""특정질병"" 해당 여부는 피보험자가 진단확정 받은 시점에 시행되고 있는 한국표준질병·사인분류에 따라 판단합니다.",250212원문재검증(v3정화),v3-offline-0324,multi_evidence,False
67,상품,같은 약관 안에서 서로 충돌하거나 해석이 애매한 조항이 있는지 알려줘,"서로 충돌하는 개별 조항의 목록은 약관에 명시되어 있지 않으나, 약관은 조항 간 내용이 서로 다른 경우의 해석 기준을 명시하고 있습니다. 특약 약관은 ""제1편 일반사항""과 ""제2편 개별사항""으로 구성되며, ""제1편 일반사항""의 내용과 ""제2편 개별사항""의 내용은 서로 대등하고 보완적 효력을 가지는 것이 원칙입니다. 다만, 양자의 내용이 서로 다른 경우에는 ""제2편 개별사항""의 내용이 ""제1편 일반사항""의 내용에 우선하여 적용됩니다. 또한 회사는 약관의 뜻이 명백하지 않은 경우에는 계약자에게 유리하게 해석하며, 보험금을 지급하지 않는 사유 등 계약자나 피보험자에게 불리하거나 부담을 주는 내용은 확대하여 해석하지 않습니다.",확정,"특약 약관의 구성

※ 특약 약관은 ""제1편 일반사항""과 ""제2편 개별사항""으로 구성됩니다. 따라서, 약관 해석 시에 ""제1편 일반사항""의 내용과 ""제2편 개별사항""의 내용을 함께 고려하여야 합니다.

※ ""제1편 일반사항""의 내용과 ""제2편 개별사항""의 내용은 서로 대등하고 보완적 효력을 가지는 것이 원칙입니다. 다만, 양자의 내용이 서로 다른 경우에는 ""제2편 개별사항""의 내용이 ""제1편 일반사항""의 내용에 우선하여 적용됩니다.

(80,90),(926,946)

-
---
---

② 회사는 약관의 뜻이 명백하지 않은 경우에는 계약자에게 유리하게 해석합니다.

③ 회사는 보험금을 지급하지 않는 사유 등 계약자나 피보험자에게 불리하거나 부담을 주는 내용은 확대하여 해석하지 않습니다.

제39조 설명서 교부 및 보험안내자료 등의 효력

① 회사는 일반금융소비자에게 청약을 권유하거나 일반금융소비자가 설명을 요청하는 경우 보험상품에 관한 중요한 사항을 계약자가 이해할 수 있도록 설명하고 계약자가 이해하였음을 서명(전자서명법 제2조 제2호 (<별첨1> 참조)에 따른 전자서명을 포함), 기명날인 또는 녹취 등을 통해 확인받아야 하며, 설명서를 제공하여야 합니다.",250212원문재검증(v3정화),v3-offline-0044,multi_evidence,False
68,LICO,재입원하면 다시 보장 받을수있나요?,네. 동일한 질병 또는 재해로 인한 입원이라도 입원급여금이 지급된 최종 입원의 퇴원일부터 180일이 지난 후 다시 개시한 입원은 '새로운 입원'으로 보아 다시 보장(한도가 새로 적용)됩니다. 180일 이내 재입원은 계속입원(동일 1회 입원)으로 보아 한도 내에서 합산합니다.,확정,"최고 한도로 합니다.

⑥ 제2-2조(보험금의 지급사유)의 경우 피보험자가 동일한 질병 또는 재해로 인한 직접적인 치료를 목적으로 2회 이상 입원한 경우에는 「1회 입원」으로 보아 각 입원일수를 더하여 제5항을 적용합니다.

⑦ 제6항에도 불구하고 동일한 질병 또는 재해로 인한 입원이라도 입원급 여금이 지급된 최종 입원의 퇴원일부터 180일이 지난 후 개시한 입원은 새로운 입원으로 봅니다. 다만, 아래와 같이 입원급여금이 지급된 최종 입원일부터 180일이 경과하도록 퇴원 없이 계속 입원중인 경우에는 입원급여금이 지급된 최종입원일의 그 다음날을 퇴원일로 봅니다.

[ 보상기간 예시 ]

최초입원일
---
⇒ 입원급여금 지급대상 입원일수 = (150일 + 50일) - 20일 = 180일(180일 한도 적용)

<사례 2>
동일한 질병 또는 재해로 인하여 최종입원의 퇴원일부터 180일이 지난 후 다시 개시한 입원의 경우 ""새로운 입원""에 해당하며, 새로운 입원으로 보아 입원일수를 계산합니다.

| | | | | | |
|------|------|------|------|------|--|
| 최초 입원일수 150일 | 보상 (150일) | ... | 180일 지난 후 재입원 | 재입원일 수 50일 | ... |",기존3단계검수+250212원문재앵커링,v3-offline-0237,multi_evidence,False
69,챗봇,"(355간편)신한통합건강보장보험 원(ONE)(무배당,해약환급금 미지급형)","(간편)신한통합건강보장보험 원(ONE)(무배당, 해약환급금 미지급형)은 보험기간 중 피보험자가 사망한 경우에는 보험수익자에게 약정한 사망보험금을 지급 보장합니다. 사망보험금은 보험가입금액의 100%이며, 다만 ""간편심사형""에 한하여 계약일부터 2년 미만에 재해 이외의 원인으로 지급사유가 발생한 경우 ""보험가입금액의 50%""를 지급합니다. 해약환급금 미지급형으로서 보험료 납입기간 중 계약을 해지할 경우 해약환급금은 없습니다.",확정,"보험기간 중 피보험자가 사망한 경우에는 보험수익자에게 약정한 사망보험금을 지급 보장합니다.

| 구분 | 지급사유 | 지급금액 |
| --- | --- | --- |
| 사망보험금 | 보험기간 중 피보험자가 사망하였을 때 | 보험가입금액의 100%(다만, ""간편심사형""에 한하여 계약일부터 2년 미만에 재해 이외의 원인으로 지급사유가 발생한 경우 ""보험가입금액의 50%""를 지급함) |

The following is a list of all the tables in the document. Each table is separated by a line. The first column is the column header, and the second column is the content of the table.

<table border=""1"" cellspacing=""0"">
---
③ 해약환급금 미지급형 : 보험료 납입기간 중 계약을 해지할 경우 해약환급금은 없습니다.
---
※ 「이 특약의 피보험자가 특약보험기간 중 사망하였을 경우」 또는 「주계약이 해지, 무효, 취소 또는 철회된 경우」 이 특약은 그때부터 효력이 없습니다.

※ 특약보험기간 중 피보험자의 사망으로 이 특약이 소멸하는 경우에는 계약자적립액 등을 지급하지 않습니다.

※ “간편심사형”의 경우, 계약일부터 2년 미만에 재해 이외의 원인으로 해당 보험금 지급사유가 발생하고 계속 입원 중에 2년 이상이 될 경우에는 계약일부터 2년 이상이 된 날부터 삭감하지 않습니다.

※ 이 약관에서 “질병 또는 재해”는 “질병 및 재해분류표(<부표2-2> 참조)”에서 정하는 질병 또는 재해를 말합니다.

[간병인사용입원(요양병원 제외) 보장계약]",250212원문재검증(v3정화),v3-offline-0003,multi_evidence,False
70,LICO,물리치료도 암 재활치료에 포함되나요?,"네, 포함됩니다. (간편)급여암특정재활치료특약은 재활치료를 '기본물리치료', '단순재활치료', '전문재활치료 및 기타이학요법'으로 구분하며, 이 중 급여암특정재활치료(기본물리치료)는 암 자체 또는 암 치료로 인한 구조적 손상과 기능적 장해를 치료하기 위한 물리치료(분류표 상 수가코드 해당 급여 진료행위)를 말합니다.",확정,"라 함은 암 자체 또는 암 치료로 인한 구조적 손상과 기능적 장해를 치료하기 위하여 의사에 의하여 치료가 필요하다고 인정된 경우로서 아래 ""급여암특정재활치료(전문재활치료 및 기타이학요법) 분류표""에 해당하는 진료행위('국민건강보험법에서 정한 요양급여' 또는 '의료급여법에서 정한 의료급여' 절차를 거쳐 급여 항목이 발생한 경우에 한하며, 이하 ""급여암특정재활치료(전문재활치료 및 기타이학요법) 인정기준""이라 합니다)를 말합니다.

<급여암특정재활치료(전문재활치료 및 기타이학요법) 분류표>

급여암특정재활치료(전문재활치료 및 기타이학요법)로 분류되는 항목은

「건강보험 행위 급여·비급여 목록표 및 급여 상대가치점수(보건복지부
고시 제2023-28호, 2023.3.1. 시행)」에서 정한 분류번호 및 수가코드
---
③ 제2항에도 불구하고 진료행위 당시 「건강보험 행위 급여·비급여 목록표 및 급여 상대가치점수」에 따라 보험금 지급여부가 판단된 경우, 이후 「건강보험 행위 급여·비급여 목록표 및 급여 상대가치점수」 개정으로 변경되더라도 이 특약에서 보장하는 “급여암특정재활치료(기본물리치료)” 진료행위 해당 여부를 다시 판단하지 않습니다.

제2-1조의7 ""급여암특정재활치료(단순재활치료)""의 정의

① 이 특약에 있어서 ""급여암특정재활치료(단순재활치료)""라 함은 암 자체 또는 암 치료로 인한 구조적 손상과 기능적 장해를 치료하기 위하여

2212152200000007497

(간편)급여암특정재활치료특약(무배당, 갱신형)",기존3단계검수+250212원문재앵커링,v3-offline-0104,multi_evidence,False
71,LICO,일반암진단시얼마를받을수있나요?,"일반암진단급여금은 특약보험가입금액의 100%를 지급합니다. 다만, 최초계약의 계약일부터 1년 미만에 지급사유가 발생한 경우에는 특약보험가입금액의 50%를 지급합니다.",확정,"S

| 구분 | 지급사유 | 지급금액 |
|------|----------|----------|
| 암진단 급여금 | 특약보험기간 중 피보험자가 ""암"" 및 ""중증 갑상선암"" 보장개시일 이후에 ""여성유방암 및 전립선암, 이외의 암"" 또는 ""중증 갑상선암""으로 진단확정되었을 때 (다만, 최초 1회의 진단확정에 한함) | 특약보험가입금액의 100% (다만, 최초계약의 계약일부터 1년 미만에 지급사유가 발생한 경우 특약보험가입금액의 50%를 지급함) |

※ 1년 미만 : 최초계약의 계약일부터 1년이 되는 시점의 계약해당일의 전날까지

주) 1. 「이 특약의 피보험자가 특약보험기간 중 사망하거나 이 특약의 보험금 지급사유가 더 이상 발생할 수 없는 경우」 또는 「주계약이 해지, 무효, 취소 또는 철회된 경우」 이 특약은 그때부터 효력이 없습니다. 다만, 특약보험기간 중 피보험자가 사망한 경우에는 산출방법서에서 정하는 바에 따라 회사가 적립한 사망당시의 계약자적립액을 계약자에게 지급합니다.",기존3단계검수+250212원문재앵커링,v3-offline-0228,single_lookup,True
72,LICO,양성자치료도 항암치료에 포함되나요?,"네, 양성자방사선치료는 별도의 항암양성자방사선치료특약에서 보장합니다. 방사선종양학과 전문의가 국내에 허가된 양성자치료센터에서 암 등의 직접적인 치료를 목적으로 수소 원자핵에서 얻은 양성자를 가속하여 조사하는 '항암양성자방사선치료'를 받았을 때 급여금을 지급합니다.",확정,"이 특약에 있어서 ""항암방사선치료""라 함은 방사선종양학과 전문의 자격증을 가진자가 피보험자의 ""암"", ""기타피부암"", ""갑상선암"", ""대장점막내암"" 또는 ""비침습방광암""의 직접적인 치료를 목적으로 고에너지 전리 방사선(ionizing radiation)을 조사(照)하여 암세포를 죽이는 치료법을 말합니다.

제2-1조의7 ""항암양성자방사선치료""의 정의

이 특약에 있어서 ""항암양성자방사선치료""라 함은 제2-1조의6(""항암방사선치료""의 정의)에서 정한 ""항암방사선치료"" 중, 방사선종양학과 전문의 자격증을 가진 자가 국내에 허가된 양성자치료센터에서 피보험자의 ""암"", ""기타피부암"", ""갑상선암"", ""대장점막내암"" 또는 ""비침습방광암""의 직접적인 치료를 목적으로 수소 원자 핵을 가속하여 얻은 분리된 양성자를 이용하여 암 환자의 몸에 조사하여 암세포의 성장과 확산을 억제하는 항암방사선치료를 말합니다. 양성자는 광자나 전자와 달리 신체 표면에서 빠른 속도로 진행하고 심부에서 느린 속도로 진행하는 특성(브래그 피크)을 가지며, 이를 치료에 이용하는 것을 말합니다.

제2관 보험금의 지급

제2-2조 보험금의 지급사유
---
[일반심사형의 경우]

1. 특약보험기간 중 피보험자가 보장개시일(암의 경우 암보장개시일) 이후에 ""암"", ""대장점막내암"" 또는 ""비침습방광암""으로 진단확정 되고, 특약보험기간 중 그 ""암"", ""대장점막내암"" 또는 ""비침습방광암""의 직접적인 치료를 목적으로 ""항암방사선치료""를 받았을 때에는 보험수익자에게 약정한 항암방사선치료급여금을 지급합니다. (다만, 최초 1회에 한함)

2. 특약보험기간 중 피보험자가 보장개시일 이후에 ""기타피부암"", ""갑상선암"", ""제자리암"", ""경계성종양""으로 진단확정 되고, 특약보험기간 중 그 ""기타피부암"", ""갑상선암"", ""제자리암"", ""경계성종양""의 직접적인 치료를 목적으로 ""항암방사선치료""를 받았을 때에는 보험수익자에게 약정한 항암방사선치료급여금을 지급합니다. (다만, ""기타피부암"", ""갑상선암"", ""제자리암"", ""경계성종양"" 각각 최초 1회에 한함)

제2-3조 보험금 지급에 관한 세부규정

① 특약보험료 납입기간 중 주계약의 보험료 납입이 면제된 경우 이 특약의 차회 이후 보험료 납입을 면제합니다. 다만, 주계약의 보험료 납입 면제가 ""보험료의 납입을 면제하는 특약""에 의해 납입면제가 된 경우 그 ""보험료의 납입을 면제하는 특약""의 약관에서 정한 바를 따르며, 이 특약이 해당 약관의 「보험료납입면제대상계약」에 해당되지 않는 경우 보험료 납입면제가 되지 않습니다.",기존3단계검수+250212원문재앵커링,v3-offline-0201,multi_evidence,False
73,상품,"보장개시일, 면책기간, 감액기간이 각각 언제부터 언제인지 설명해줘","""(간편)[삭감없음용]일반암진단특약(무배당, 갱신형)""을 기준으로 말씀드리면, 회사는 이 특약의 청약을 승낙하고 제1회 보험료를 받은 때부터 이 특약의 약관이 정한 바에 따라 보장을 하며, 갱신계약의 경우는 갱신일을 보장개시일로 합니다. 또한 이 특약을 부활(효력회복)하는 경우 이 특약의 보장개시일은 부활(효력회복)일로 합니다. 다만 ""암"" 및 ""중증 갑상선암"" 보장개시일은 최초계약의 계약일부터 그날을 포함하여 90일이 지난날의 다음 날로 하며 갱신계약의 경우 갱신일로 합니다. 즉 최초계약일부터 90일이 지난날까지는 ""암"" 및 ""중증 갑상선암""에 대한 보장 제외 기간에 해당합니다. 별도의 감액기간 규정은 이 발췌 범위에서 확인되지 않습니다.",확정,"① 회사는 이 특약의 청약을 승낙하고 제1회 보험료를 받은 때부터 이 특 약의 약관이 정한 바에 따라 보장을 합니다. 또한, 회사가 청약과 함께 제1회 보험료를 받은 후 승낙한 경우에도 제1회 보험료를 받은 때부터 보장이 개시됩니다. 다만, 갱신계약의 경우는 갱신일을 보장개시일로 합니다.

② 제1항에도 불구하고 제1-13조[보험료의 납입을 연체하여 해지된 특약의 부활(효력회복)]에 따라 이 특약을 부활(효력회복)하는 경우 이 특약의 보장개시일은 부활(효력회복)일로 합니다.
---
③ 제1항 및 제2항에도 불구하고 ""암"" 및 ""중증 갑상선암"" 보장개시일은 제2-1조의3(""암"" 등의 정의 및 진단확정) 제1항에서 정한 ""암"" 및 제2-1조의4(""중증 갑상선암"" 및 ""중증이외 갑상선암""의 정의 및 진단확정) 제1항에서 정한 ""중증 갑상선암""의 보장이 개시되는 날로, 최초계

SHINHAN LIFE

544

---

약의 계약일부터 그날을 포함하여 90일이 지난날의 다음 날로 하며 갱신계약의 경우 갱신일로 합니다. 다만, 부활(효력회복)계약의 경우 최초계약 및 갱신계약의 부활(효력회복)일부터 그날을 포함하여 90일이 지난날의 다음 날로 합니다.
---
※ 이 특약명 “(간편)[삭감없음용]일반암진단특약(무배당, 갱신형)”에서 “일반암”이라 함

은 ""「여성유방암 및 전립선암」이외의 암"" 및 ""중증 갑상선암""을 말합니다.",250212원문재검증(v3정화),v3-offline-0107,multi_evidence,False
74,고객상담,암진단으로 급여6대질병지원금을 지급받고 1년 후 뇌혈관질환 진단이 된 경우 보장이 가능한가요?,"가능합니다. (간편)급여6대질병진단검사지원특약의 급여6대질병진단검사지원급여금은 '연간 1회' 한도이며, '연간'은 계약일부터 매년 단위로 도래하는 계약해당일 전일까지의 기간을 말합니다. 암 진단으로 급여금을 지급받은 후 1년이 지나 새로운 연간 단위가 개시되었으므로, 뇌혈관질환의 진단 및 치료를 위한 필요소견을 토대로 급여6대질병진단검사를 받으면 다시 급여금 지급이 가능합니다.",확정,"3. 이 특약의 ""암""은 「기타피부암, 갑상선암, 대장점막내암 및 비침습방광암」을 제외한 ""암""을 말합니다.

4. 급여 특정NGS 유전자패널 검사지원급여금의 경우 암, 기타피부암, 갑상선암, 대장점막내암 또는 비침습방광암의 치료 또는 진행여부 확인을 위한 필요소견을 토대로 급여 특정NGS 유전자패널 검사를 받았을 경우에만 보험금을 지급합니다.

5. ‘연간’이란 계약일부터 매1년 단위로 도래하는 계약해당일 전일까지의 기간을 의미합니다. 다만, 해당 년도의 계약해당일이 없는 경우에는 해당 월의 마지막 날을 계약해당일로 합니다.

2212152200000007541

(간편)급여특정NGS유전자패널검사지원특약(무배당, 갱신형)
---
S

| 구분 | 지급사유 | 지급금액 |
|------|------------|----------|
| 급여 6대질병진단검사 지원 급여금 | 간편심사형 | 피보험자에게 다음의 사유가 발생한 경우 (다만, 연간 1회에 한함) 1. 특약보험기간 중 피보험자가 보장개시일(""암""의 경우 암보장개시일) 이후에 ""암, 기타피부암, 갑상선암, 대장점막내암 및 비침습방광암""으로 진단확정되고, 특약보험기간중 의료기관의 의사에 의하여 그 ""암, 기타피부암, 갑상선암, 대장점막내암 및 비침습방광암""의 진단 및 치료를 위한 필요소견을 토대로 ""급여6대질병진단검사""를 받았을 때 2. 특약보험기간 중 피보험자가 보장개시일 이후에 의료기관의 의사에 의하여, ""제자리암"", ""경계성종양"", ""뇌혈관질환"", ""허혈심장질환"", ""간질환"", ""폐질환"", ""신장질환""의 진단 및 치료를 위한 필요소견을 토대로 ""급여6대질병진단검사""를 받았을 때 |
| | 일반심사형 | 특약보험기간 중 피보험자가 보장개시일(""암""의 경우 암보장개시일) 이후 ""6대질병""으로 진단확정 되고, 특약보험기간 중 의료기관의 의사에 의하여 그 ""6대질병""의 진단 및 치료를 위한 필요소견을 토대로 ""급여6대질병진단검사""를 받았을 때 (다만 연간 1회에 한함) |

※ 1년 미만 : 최초계약의 계약일부터 1년이 되는 시점의 계약해당일의 전날까지
※ 6대질병 : ""암, 기타피부암, 갑상선암, 대장점막내암, 비침습방광암, 제자리암 및 경계성종양"", ""뇌혈관질환"", ""허혈심장질환"", ""간질환"", ""폐질환"", ""신장질환"" (세부사항은 <부표2-2> 참조)
---
---

⑨ 피보험자가 「국민건강보험법」에서 정한 “요양급여” 또는 「의료급여법」에서 정한 “의료급여”를 적용받지 못하는 사고로 인하여 수술하였으나 진단서 및 진료비 세부내역서 등을 통해 주진단범주(MDC)와 의료행위 등으로 이 보장에서 정한 수술코드를 확인할 수 있는 경우에 한하여 회사는 제2-1조의4(“급여수술”의 정의와 장소) 제1항에서 정한 “급여수술”에 포함하여 보장합니다.

⑩ 각 보장계약별 급여수술급여금은 ""수술코드당 연간 1회""를 지급한도로 합니다. 또한, ""연간""이란 계약일부터 매년 단위로 도래하는 계약해당일 전일까지의 기간을 의미합니다. 다만, 해당 년도의 계약해당일이 없는 경우에는 해당 월의 마지막 날을 계약해당일로 합니다.

⑪ 피보험자가 특약보험기간 중 ""암보장개시일"" 전일 이전에 ""암""으로 진단 확정된 경우 계약자는 진단일부터 그 날을 포함하여 90일 이내에 이 특약을 취소할 수 있으며, 계약자가 취소할 경우 이 특약은 그때부터 효력이 없습니다. 이 경우 회사는 계약자에게 실제 납입한 보험료 누계액(다만, ""감액 등으로 회사가 실제 지급한 금액""을 차감한 금액)을 돌려 드립니다.

⑫ 제11항에도 불구하고 계약자가 특약의 취소를 선택하지 않은 때에는 계약일[부활(효력회복)일]부터 “암보장개시일” 전일 이전에 진단 확정된 “암”과 동일하거나 다른 신체기관에 재발 또는 전이되어 “암”으로 진단확정되고 그 “암”의 직접적인 치료를 목적으로 “급여수술”을 받더라도 회사는 “3대 질병 급여수술급여금”을 지급하지 않습니다. 다만, 계약일[부활(효력회복)일]부터 “암보장개시일” 전일 이전에 “암”으로 진단확정 되더라도 “암보장개시일”부터 5년이 지나는 동안 그 암으로 인하여 추가적인 진단(단순 건강검진 제외) 또는 치료사실이 없을 경우, “암보장개시일”부터 5년이 지난 이후에는 이 약관에 따라 보장하여 드립니다.",기존3단계검수+250212원문재앵커링,v3-offline-0188,multi_evidence,False
75,고객상담,표적항암치료가 해외에서 보장가능해?,"이 약관에서 ""표적항암약물허가치료""라 함은 ""항암약물치료"" 중, 의료법 제3조(의료기관)에서 규정한 해당 진료과목의 전문의 자격증을 가진 자가 피보험자의 암, 기타피부암, 갑상선암, 대장점막내암 또는 비침습방광암의 치료를 목적으로 ""표적항암제""를 안전성과 유효성 인정 범위 내에서 투여하여 치료하는 것을 말합니다. ""안전성과 유효성 인정 범위""라 함은 식품의약품안전처에서 허가된 ""효능효과"" 범위 내로 사용된 경우, 또는 식품의약품안전처에서 허가된 ""효능효과"" 범위 외 사용이지만 ""암질환심의위원회를 거쳐 건강보험심사평가원이 승인한 요법(다만, 해당 의약품의 사용을 신청 또는 신고한 요양기관에 한합니다)""으로 사용된 경우를 말하며, 투약 처방 시점의 기준을 적용합니다. 이처럼 치료의 정의가 의료법 제3조(의료기관)에서 규정한 의료기관의 전문의에 의한 치료로 한정되어 있고 해외(국외) 의료기관을 포함한다는 문구는 확인되지 않으므로, 해외에서 받은 표적항암치료가 이 보장 요건을 충족한다고 보기 어렵습니다.",확정,"② 이 특약에 있어서 ""표적항암약물허가치료""라 함은 제2-1조의9(""항암약물치료""의 정의)에서 정한 ""항암약물치료"" 중, 의료법 제3조(의료기관)에서 규정(<별첨1> 참조)한 해당 진료과목의 전문의 자격증을 가진 자가 피보험자의 암, 기타피부암, 갑상선암, 대장점막내암 또는 비침습방광암의 치료를 목적으로 제1항에서 정한 ""표적항암제""를 안전성과 유효성 인정 범위 내에서 투여하여 치료하는 것을 말합니다.

③ 제2항의 ""안전성과 유효성 인정 범위""라 함은 다음 각 호에 해당하는 경우를 말하며, 투약 처방 시점의 기준을 적용합니다.

1. 식품의약품안전처에서 허가된 ""효능효과"" 범위 내로 사용된 경우

2. 식품의약품안전처에서 허가된 “효능효과” 범위 외 사용이지만, “암질 환심의위원회를 거쳐 건강보험심사평가원이 승인한 요법(다만, 해당 의약품의 사용을 신청 또는 신고한 요양기관에 한합니다)”으로 사용된 경우",250212원문재검증(v3정화),v3-offline-0330,single_lookup,False
76,고객상담,(간편)뇌혈관·허혈심장질환상급종합병원통원특약에서 하루에 여러 번 통원하면 통원급여금이 각각 지급되나요?,"(간편)뇌혈관·허혈심장질환상급종합병원통원특약(무배당, 해약환급금 미지급형)에서는 각 상급종합병원 통원급여금의 경우 지급횟수는 상급종합병원에 통원한 날만을 기준으로 계산합니다. 또한 ""뇌혈관질환""의 직접적인 치료를 목적으로 하루에 2회 이상 상급종합병원에서 통원 치료시 1회에 한하여 해당 ""뇌혈관질환상급종합병원통원급여금""을 지급하며, ""허혈심장질환""의 직접적인 치료를 목적으로 하루에 2회 이상 상급종합병원에서 통원 치료시 1회에 한하여 해당 ""허혈심장질환상급종합병원통원급여금""을 지급합니다. 각 통원급여금은 통원 1회당, 1일 1회, 연간 30회에 한하여 지급되므로 같은 날 여러 번 통원하더라도 각각 지급되지 않습니다.",확정,"③ 제2-2조(보험금의 지급사유)의 각 상급종합병원 통원급여금의 경우 지급횟수는 상급종합병원에 통원한 날만을 기준으로 계산합니다.
---
⑥ 제2-2조(보험금의 지급사유)의 경우 ""뇌혈관질환""의 직접적인 치료를 목적으로 하루에 2회 이상 상급종합병원에서 통원 치료시 1회에 한하여 해당 ""뇌혈관질환상급종합병원통원급여금""을 지급합니다. 또한, ""허혈심장질환""의 직접적인 치료를 목적으로 하루에 2회 이상 상급종합병원에서 통원 치료시 1회에 한하여 해당 ""허혈심장질환상급종합병원통원급여금""을 지급합니다.
---
회사는 피보험자에게 다음 중 어느 하나의 사유가 발생한 경우에는 보험수익자에게 약정한 보험금(<부표2-1> ""보험금 지급기준표"" 참조)을 지급합니다.

1. 특약보험기간 중 피보험자가 ""뇌혈관질환""으로 진단 확정되고, 특약보험기간 중 그 ""뇌혈관질환""의 직접적인 치료를 목적으로 상급종합병원에 통원 하였을 때에는 보험수익자에게 약정한 ""뇌혈관질환상급종합병원통원급여금""(<부표2-1> ""보험금 지급기준표""참조)을 지급합니다. (다만, 통원 1회당, 1일 1회, 연간 30회에 한함)

2. 특약보험기간 중 피보험자가 ""허혈심장질환""으로 진단 확정되고, 특약보험기간 중 그 ""허혈심장질환""의 직접적인 치료를 목적으로 상급종합병원에 통원 하였을 때에는 보험수익자에게 약정한 ""허혈심장질환상급종합병원통원급여금""(<부표2-1> ""보험금 지급기준표""참조)을 지급합니다. (다만, 통원 1회당, 1일 1회, 연간 30회에 한함)",250212원문재검증(v3정화),v3-offline-0253,multi_evidence,False
77,고객상담,"6대 질병 장해 특약 납입면제이후 갱신시 보험료 납입면제 되는거야, 아님 납입해야해?","이 약관의 ""(간편)[50%이상장해형]6대질병장해특약(무배당, 해약환급금 미지급형)""은 갱신형 특약이 아니므로 갱신 시 보험료를 다시 납입하는 문제는 발생하지 않습니다. 이 특약은 특약보험료 납입기간 중 주계약의 보험료 납입이 면제된 경우 이 특약의 차회 이후 보험료 납입을 면제합니다. 다만, 주계약의 보험료 납입면제가 ""보험료의 납입을 면제하는 특약""에 의해 납입면제가 된 경우 그 ""보험료의 납입을 면제하는 특약""의 약관에서 정한 바를 따르며, 이 특약이 해당 약관의 「보험료납입면제대상계약」에 해당되지 않는 경우 보험료 납입면제가 되지 않습니다.",확정,"회사는 특약보험기간 중 피보험자가 질병을 직접적인 원인으로 장해분류표 (<부표2-2> 참조) 에서 정한 장해지급률 중 50%이상에 해당하는 장해상태가 되었을 경우에는 보험수익자에게 약정한 (50%이상)질병장해급여금 (<부표2-1> “보험금 지급기준표” 참조)을 지급합니다. (다만, 최초 1회에 한함)

제2-3조 보험금 지급에 관한 세부규정

① 특약보험료 납입기간 중 주계약의 보험료 납입이 면제된 경우 이 특약의 차회 이후 보험료 납입을 면제합니다. 다만, 주계약의 보험료 납입면제가 ""보험료의 납입을 면제하는 특약""에 의해 납입면제가 된 경우 그 ""보험료의 납입을 면제하는 특약""의 약관에서 정한 바를 따르며, 이 특약이 해당 약관의 「보험료납입면제대상계약」에 해당되지 않는 경우 보험료 납입면제가 되지 않습니다.

② 제1항에 따라 보험료의 납입이 면제된 이후에 이 특약이 갱신되는 경우 갱신계약의 보험료를 납입하여야 합니다.

③ 제2-2조(보험금의 지급사유)에서 장해지급률이 질병의 진단확정일부터 180일 이내에 확정되지 않는 경우에는 질병의 진단확정일부터 180일 이 되는 날의 의사의 진단에 기초하여 고정될 것으로 인정되는 상태를 장해지급률로 결정합니다. 다만, 장해분류표(<부표2-2> 참조)에 장해판 정시기를 별도로 정한 경우에는 그에 따릅니다.
---
⑤ 제1항 및 제2-2조(보험금의 지급사유)의 경우 하나의 장해가 관찰방법에 따라서 장해분류표(<부표2-4> 참조)상 두 가지 이상의 신체부위에서 장해로 평가되는 경우에는 그 중 높은 장해지급률을 적용합니다. 또한, 하나의 장해가 다른 장해와 통상 파생하는 관계에 있는 경우에는 그 중 높은 장해지급률만을 적용하며, 하나의 장해로 둘 이상의 파생장해가 발생하는 경우 각 파생장해의 장해지급률을 더한 장해지급률과 최초 장해의 장해지급률을 비교하여 그 중 높은 장해지급률을 적용합니다.

2212152200000007151

(간편)[50%이상장해형]6대질병장해특약(무배당, 해약환급금 미지급형)

299

---",250212원문재검증(v3정화),v3-offline-0018,multi_evidence,False
78,챗봇,통합건강보험 원에서 뇌경색증 진단시 받을 수 있는 특약은 뭐야?,"통합건강보험 원에서 뇌경색증 진단 시 받을 수 있는 특약은 (간편)뇌혈관·허혈심장질환주요치료비특약(무배당, 갱신형)과 (간편)혈전용해치료특약(무배당, 해약환급금 미지급형)입니다. (간편)뇌혈관·허혈심장질환주요치료비특약은 뇌경색증(I63) 진단 후 보험금 지급기간(최대 10년) 내에 수술, 혈전용해치료, 종합병원 중환자실치료 등 주요치료를 받은 경우 연 1회, 최대 10회까지 특약가입금액 100%를 지급합니다. (간편)혈전용해치료특약은 '급성뇌경색증' 진단과 혈전용해치료를 모두 받은 경우에만 급여금이 지급됩니다.",확정,"③ 제2-2조(보험금의 지급사유)에서 ""보험금 지급기간""이라 함은 ""뇌혈관질환 또는 허혈심장질환"" 최초 진단확정일로부터 10년까지의 기간으로 보험금 지급 대상이 되는 기간을 말합니다. 다만, 10차년도에 ""뇌혈관질환 또는 허혈심장질환 주요치료""를 받은 경우에는 ""뇌혈관질환 또는 허혈심장질환"" 최초 진단확정일로부터 그 치료를 받은 날까지를 ""보험금 지급기간""으로 합니다.

④ 특약보험기간 중 피보험자가 ""뇌혈관질환 또는 허혈심장질환""으로 최초 진단확정 되고 특약보험기간이 만료되더라도 ""보험금 지급기간""이 만료되지 않았을 경우에는 특약보험기간 만기와 관계없이 제2-2조(보험금의 지급사유)에 따라 <부표2-1> ""보험금 지급기준표""에서 정한「""뇌혈관질환 또는 허혈심장질환"" 주요치료급여금」을 보장합니다.

⑤ 회사는 피보험자가 ""보험금 지급기간"" 이내에 ""뇌혈관질환 또는 허혈심장질환""의 직접적인 치료를 목적으로 제2-1조의8(""뇌혈관질환 또는 허혈심장질환 주요치료""의 정의)에서 정한 수술, 혈전용해치료, 종합병원중환자실치료를 각각 연간 1회 이상 이용한 경우에도 이용횟수와 관계없이 연간 1회의 이용으로 간주하여 「""뇌혈관질환 또는 허혈심장질환"" 주요치료급여금」을 연간 1회만 지급합니다.

제2-4조 보험금을 지급하지 않는 사유

회사는 다음 중 어느 한 가지로 보험금 지급사유가 발생한 때에는 보험금을 지급하지 않습니다.
---
| (간편)허혈심장질환진단특약(무배당, 갱신형) | 허혈심장질환진단급여금 | [기본]의 경우 가입 후 1년간 1년 이후에 지급하는 보험금의 50% 지급 |
| (간편)급여주요뇌심장질환특정재활치료특약(무배당, 갱신형) | [기본물리]급여주요뇌심장질환 특정재활치료 급여금 | 간편심사형의 경우 가입 후 1년간 1년이후에 지급하는 보험금의 50% 지급 |
|  | [단순재활]급여주요뇌심장질환 특정재활치료 급여금 |  |
|  | [전문재활]급여주요뇌심장질환 특정재활치료 급여금 |  |
| (간편)혈전용해치료특약(무배당, 해약환급금 미지급형) | 급성뇌경색증 혈전용해치료 급여금 | 가입 후 1년간 1년이후에 지급하는 보험금의 50% 지급 |
|  | 특정 급성심근경색증 혈전용해치료 급여금 |  |
| (간편)뇌혈관·허혈심장질환입원특약(무배당, 해약환급금 미지급형) | 뇌혈관질환입원급여금 | 간편심사형의 경우 가입 후 1년간 1년이후에 지급하는 보험금의 50% 지급 |
|  | 허혈심장질환입원급여금 |  |
| (간편)뇌혈관·허혈심장질환상급종합병원입원특약(무배당, 해약환급금 미지급형) | 뇌혈관질환 상급종합병원입원급여금 | 간편심사형의 경우 가입 후 1년간 1년이후에 지급하는 보험금의 50% 지급 |
---
| --- | --- | --- | --- | --- |
| 1차년도 | 2차년도 | ~ 8차년도 | 9차년도 | 10차년도 |
| 뇌경색증(I63) 수술 1,000만원 지급 | 뇌경색증(I63) 혈전용해치료 | 미지급 | 뇌경색증(I63) 중환자실치료 | 협심증(I20) 혈전용해치료 |
| - | 1,000만원 지급 |  | 1,000만원 지급 | 1,000만원 지급 |
|  | 협심증(I20) 수술 지급안함 | 미지급 | - | 뇌경색증(I63) 수술 지급안함 |
| 최초 진단 후 |  |  |  |  |
| 1차년도 | 2차년도 | 3차년도~ 8차년도 | 9차년도 | 10차년도 |
| 특약 보험가입금액 100% 1회 지급 | 특약 보험가입금액 100% 1회 지급 | 미지급 | 특약 보험가입금액 100% 1회 지급 | 특약 보험가입금액 100% 1회 지급 |
|  | 뇌경색증 혈전용해치료 (2026.10.24) | 뇌경색증·협심증 주요치료 미시행 |  | 협심증 혈전용해치료 (2034.11.17) |",기존3단계검수+250212원문재앵커링,v3-offline-0295,multi_evidence,False
79,고객상담,갑상선암 진단금 수령후 남은 진단금 보장내용 알려줘,"이 특약은 특약보험기간 중 피보험자가 보장개시일 이후에 ""기타피부암"", ""중증이외 갑상선암"", ""제자리암"", ""경계성종양"", ""대장점막내암"" 또는 ""비침습방광암""으로 진단 확정되었을 때에는 보험수익자에게 약정한 소액암진단급여금을 지급하며, 각각 최초 1회에 한합니다. 따라서 ""중증이외 갑상선암""으로 소액암진단급여금을 이미 받으셨다면 동일한 ""중증이외 갑상선암""으로는 다시 지급되지 않으나, ""기타피부암"", ""제자리암"", ""경계성종양"", ""대장점막내암"", ""비침습방광암""으로 진단 확정되는 경우에는 각각 최초 1회에 한하여 소액암진단급여금이 지급될 수 있습니다.",확정,"제2관 보험금의 지급

제2-2조 보험금의 지급사유

회사는 특약보험기간 중 피보험자가 보장개시일 이후에 ""기타피부암"", ""중증이외 갑상선암"", ""제자리암"", ""경계성종양"", ""대장점막내암"" 또는 ""비침습방광암""으로 진단 확정되었을 때에는 보험수익자에게 약정한 소액암진단급여금(<부표2-1> ""보험금 지급기준표"" 참조)을 지급합니다. (다만, 각각 최초 1회에 한함)

제2-3조 보험금 지급에 관한 세부규정

① 특약보험료 납입기간 중 주계약의 보험료 납입이 면제된 경우 이 특약의 차회 이후 보험료 납입을 면제합니다. 다만, 주계약의 보험료 납입면제가 ""보험료의 납입을 면제하는 특약""에 의해 납입면제가 된 경우 그 ""보험료의 납입을 면제하는 특약""의 약관에서 정한 바를 따르며, 이 특약이 해당 약관의 「보험료납입면제대상계약」에 해당되지 않는 경우 보험료 납입면제가 되지 않습니다.",250212원문재검증(v3정화),v3-offline-0041,single_lookup,True
80,LICO,입원일당은몇일까지보장되나요?,"입원일당(입원급여금) 지급일수 한도는 특약별로 다릅니다. '(간편)첫날부터상급종합병원입원특약'은 1회 입원당 180일이 최고 한도이며, '(간편)첫날부터중환자실입원특약'·'(간편)첫날부터6대질병중환자실입원특약'은 1회 입원당 60일이 최고 한도입니다.",확정,"| | 간호·간병통합서비스사용입원(요양병원 제외)급여금 | 1회 입원당 사용일수 180일 한도로 보장 (퇴원없이 계속 입원시 180일간 보장 제외) |
| (간편)간호간병통합서비스사용입원특약(무배당, 갱신형) | 간호·간병통합서비스사용입원(요양병원 제외)급여금 | 1회 입원당 사용일수 30일 한도로 보장 (퇴원없이 계속 입원시 180일간 보장 제외) |
| (간편)첫날부터입원특약(무배당, 해약환급금 미지급형) | 입원급여금(180일한도형/30일한도형/10일한도형) | 1회 입원당 180/30/10일 한도로 보장 (퇴원없이 계속 입원시 180일간 보장 제외) |
| (간편)첫날부터입원특약(무배당, 갱신형) | 입원급여금(180일한도형/30일한도형/10일한도형) | 1회 입원당 180/30/10일 한도로 보장 (퇴원없이 계속 입원시 180일간 보장 제외) |
| (간편)첫날부터중환자실입원특약(무배당, 해약환급금 미지급형) | 중환자실입원급여금 | 1회 입원당 60일 한도로 보장 (퇴원없이 계속 입원시 180일간 보장 제외) |
| (간편)첫날부터6대질병중환자실입원특약(무배당, 해약환급금 미지급형) | 6대질병 중환자실입원급여금 | 1회 입원당 60일 한도로 보장 (퇴원없이 계속 입원시 180일간 보장 제외) |
| (간편)첫날부터상급종합병원입원특약(무배당, 해약환급금 미지급형) | 상급종합병원입원급여금 | 1회 입원당 180일 한도로 보장 (퇴원없이 계속 입원시 180일간 보장 제외) |
| 상품명 | 담보명 | 보험금 지급한도 |
| | 3대질병 간병인 사용입원급여금(상급종합병원) | 1회 입원당 사용일수 30일 한도로 보장 (퇴원없이 계속 입원시 180일간 보장 제외) |
---
③ 제2항에도 불구하고 계약일부터 1년 미만에 재해 이외의 원인으로 해당 보험금 지급사유가 발생하고 계속 입원 중에 1년 이상이 될 경우에는 계약일부터 1년 이상이 된 날부터 삭감하지 않습니다.

④ 재해는 특약보험기간 중 발생한 재해에 한하며, 특약보험기간 중 발생한 재해가 아닌 경우에는 보험금 지급사유 중 해당 재해와 관련한 보험금을 지급하지 않습니다.

⑤ 제2-2조(보험금의 지급사유)의 경우 지급일수는 1회 입원당 180일을 최고 한도로 합니다.

⑥ 제2-2조(보험금의 지급사유)의 경우 피보험자가 동일한 질병 또는 재해로 인한 직접적인 치료를 목적으로 2회 이상 입원한 경우에는 「1회 입원」으로 보아 각 입원일수를 더하여 제5항을 적용합니다.

⑦ 제6항에도 불구하고 동일한 질병 또는 재해로 인한 입원이라도 ""상급종합병원 입원급여금""이 지급된 최종입원의 퇴원일부터 180일이 지난 후 개시한 입원은 새로운 입원으로 봅니다. 다만, 아래와 같이 ""상급종합병원 입원급여금""이 지급된 최종입원일부터 180일이 경과하도록 퇴원 없이 계속 입원중인 경우에는 ""상급종합병원 입원급여금""이 지급된 최종입원일의 그 다음날을 퇴원일로 봅니다.",기존3단계검수+250212원문재앵커링,v3-offline-0231,multi_evidence,False
81,챗봇,통합건강보험 one 보장내용알고 싶어,"주계약은 보험기간 중 피보험자가 사망한 경우에는 보험수익자에게 약정한 사망보험금을 지급 보장합니다. 사망보험금은 보험기간 중 피보험자가 사망하였을 때 보험가입금액의 100%를 지급하며, 다만 ""간편심사형""에 한하여 계약일부터 2년 미만에 재해 이외의 원인으로 지급사유가 발생한 경우 ""보험가입금액의 50%""를 지급합니다. 또한 사망 당시에 이미 납입한 주계약 보험료가 주계약의 사망보험금을 초과하는 경우, 이미 납입한 주계약 보험료를 사망보험금으로 지급하여 드립니다.",확정,"보험기간 중 피보험자가 사망한 경우에는 보험수익자에게 약정한 사망보험금을 지급 보장합니다.

| 구분 | 지급사유 | 지급금액 |
| --- | --- | --- |
| 사망보험금 | 보험기간 중 피보험자가 사망하였을 때 | 보험가입금액의 100%(다만, ""간편심사형""에 한하여 계약일부터 2년 미만에 재해 이외의 원인으로 지급사유가 발생한 경우 ""보험가입금액의 50%""를 지급함) |

The following is a list of all the tables in the document. Each table is separated by a line. The first column is the column header, and the second column is the content of the table.

<table border=""1"" cellspacing=""0"">
---
---

특약에서 정하는 기준에 따라 납입면제 사유에 해당되는 경우에는 차 회 이후 주계약의 보험료 납입을 면제합니다.

② 제3조(보험금의 지급사유)의 경우 ""간편심사형""에 한하여, 계약일부터 2년 미만에 재해 이외의 원인으로 보험금 지급사유가 발생하였을 때에는 <부표2-1> ""보험금 지급기준표""에서 정한 바에 따라 삭감하여 지급합니다.

③ 사망 당시에 이미 납입한 주계약 보험료가 주계약의 사망보험금을 초과하는 경우, 이미 납입한 주계약 보험료를 사망보험금으로 지급하여 드립니다.

④ 제3항에서 보험료 납입이 면제된 경우에는 보험료의 납입이 면제된 이후부터 보험료 납입기간 동안 보험료가 정상적으로 납입된 것으로 간주하여 사망 당시에 ""이미 납입한 주계약 보험료""를 계산합니다.",250212원문재검증(v3정화),v3-offline-0288,multi_evidence,False
82,Claim,[30일한도형]첫날부터입원특약은 면책기간(보상제외기간)이 있나요?,"이 특약에 별도의 면책기간(보상제외기간) 규정은 확인되지 않습니다. 입원급여금은 특약보험기간 중 「피보험자가 질병 또는 재해로 인한 그 직접적인 치료를 목적으로 1일 이상 계속 입원」하였을 때(다만, 1회 입원당 30일 한도) 입원일수 1일당 특약보험가입금액의 1%를 지급합니다. 다만, ""간편심사형""에 한하여 최초계약의 계약일부터 1년 미만에 재해 이외의 원인으로 지급사유가 발생한 경우 ""특약보험가입금액의 0.5%""를 지급하며, ""간편심사형""의 경우 최초계약의 계약일부터 1년 미만에 재해 이외의 원인으로 ""입원급여금"" 지급사유가 발생하고 계속 입원 중에 1년 이상이 될 경우에는 계약일부터 1년 이상이 된 날부터 삭감하지 않습니다.",확정,"S

| 구분 | 지급사유 | 지급금액 |
|------|---------|----------|
| 입원급여금 | 특약보험기간 중 「피보험자가 질병 또는 재해로 인한 그 직접적인 치료를 목적으로 1일 이상 계속 입원」하였을 때 (다만, 1회 입원당 30일 한도) | 【입원일수 1일당】 특약보험가입금액의 1% (다만, “간편심사형”에 한하여 최초계약의 계약일부터 1년 미만에 재해 이외의 원인으로 지급사유가 발생한 경우 “특약보험가입금액의 0.5%”를 지급함) |

※ 1년 미만 : 최초계약의 계약일부터 1년이 되는 시점의 계약해당일의 전날까지

주) 1. 「이 특약의 피보험자가 특약보험기간 중 사망하였을 경우」 또는 「주계약이 해지, 무효, 취소 또는 철회된 경우」 이 특약은 그때부터 더 이상 효력이 없습니다. 다만, 특약보험기간 중 피보험자가 사망한 경우에는 산출방법서에서 정하는 바에 따라 회사가 적립한 사망당시의 계약자적립액을 계약자에게 지급합니다.
---
※ 1년 미만 : 최초계약의 계약일부터 1년이 되는 시점의 계약해당일의 전날까지

주) 1. 「이 특약의 피보험자가 특약보험기간 중 사망하였을 경우」 또는 「주계약이 해지, 무효, 취소 또는 철회된 경우」 이 특약은 그때부터 더 이상 효력이 없습니다. 다만, 특약보험기간 중 피보험자가 사망한 경우에는 산출방법서에서 정하는 바에 따라 회사가 적립한 사망당시의 계약자적립액을 계약자에게 지급합니다.
2. “간편심사형”의 경우 최초계약의 계약일부터 1년 미만에 재해 이외의 원인으로 “입원급여금” 지급사유가 발생하고 계속 입원 중에 1년 이상이 될 경우에는 계약일부터 1년 이상이 된 날부터 삭감하지 않습니다.
3. “입원급여금”의 지급일수는 1회 입원당 180일을 최고한도로 합니다. 다만, 특약이 갱신되어 입원이 갱신 전후에 계속되는 경우에 그 지급일수는 갱신 전후에 계속되는 총 입원일을 기준으로 1회 입원당 180일을 최고한도로 하여 계산합니다.
4. 상기 질병 또는 재해는 “질병 및 재해분류표”(<부표2-2> 참조)에서 정하는 질병 또는 재해를 말합니다.

___",250212원문재검증(v3정화),v3-offline-0027,multi_evidence,False
83,Claim,(깁스치료특약)깁스치료에서 보장하지 않는 치료는 무엇인가요?,부목(Splint Cast)치료는 보장(깁스치료급여금 지급)에서 제외합니다. 부목치료란 석고붕대 또는 섬유유리붕대를 고정할 부분의 일측면 또는 양측면에 착용시켜 대주는 치료법을 말합니다.,확정,"---

굳어지게 하여 치료효과를 가져오는 치료법을 말합니다. 다만, 부목(Splint Cast)치료는 제외합니다.

② 제1항에서 ""부목(Splint Cast)치료""라 함은 석고붕대 또는 섬유유리붕대(Fiberglass Cast)를 고정할 부분의 일측면 또는 양측면에 착용시키고 대주는 치료법을 말합니다.

""깁스(Cast)치료"" 및 ""부목(Splint Cast)치료"" 예시

The leg is positioned in a way that the cast covers the entire lower half of the leg, from the ankle to the toes. The cast is secured with a bandage, which is visible at the top of the leg, indicating that it is being applied to protect the injured area. The bandage is also depicted in a lighter shade, possibly to differentiate it from the darker cast.
---
제2관 보험금의 지급

제2-2조 보험금의 지급사유

특약보험기간 중 피보험자에게 발생한 재해 또는 재해 이외의 원인에 따른 치료를 직접적인 목적으로 ""깁스치료""를 받은 경우 보험수익자에 계약정한 깁스치료급여금(<부표2-1> ""보험금 지급기준표"" 참조)을 지급합니다.

22121522000000071417

(간편)깁스치료특약(무배당, 해약환급금 미지급형)",250212원문재검증(v3정화),v3-offline-0005,multi_evidence,False
84,고객상담,"FC에게 암수술 받았다고 했는데 청약서에 명시가 안되어 있는데, 보장이 가능한가요?","보장이 어려울 수 있습니다. 보험설계사(FC)에게만 알리고 청약서의 계약 전 알릴 사항에 기재하지 않은 경우 회사에 알리지 않은 것으로 간주되어, 회사는 계약 전 알릴 의무 위반을 이유로 계약을 해지하고 보험금을 지급하지 않을 수 있습니다. 반드시 청약서에 서면으로 알려야 합니다.",확정,"<향후 관련법령이 개정된 경우 개정된 내용을 적용합니다.>

사례

보험계약을 청약하면서 보험설계사에게 고혈압이 있다고만 이야기하였을 분, 청약서의 계약 전 알릴 사항에 아무런 기재도 하지 않을 경우에는 보험설계사에게 고혈압 병력을 이야기하였다고 하더라도 회사는 계약 전 알릴 의무 위반을 이유로 계약을 해지하고 보험금을 지급하지 않을 수 있습니다.

제14조 계약 전 알릴 의무 위반의 효과

① 회사는 계약자 또는 피보험자가 제13조(계약 전 알릴 의무)에도 불구하고 고의 또는 중대한 과실로 중요한 사항에 대하여 사실과 다르게 알린 경우에는 회사가 별도로 정하는 방법에 따라 계약을 해지하거나 보장을 제한할 수 있습니다. 그러나 다음 중 한 가지에 해당되는 때에는 계약을 해지하거나 보장을 제한할 수 없습니다.
---
[주의사항]

① 청약서의 질문사항과 과거 질병 치료사실 등을 회사에 알리지 않을 경우 보험금을 지급 받지 못할 수 있습니다.

② 청약서의 질문사항과 과거 질병 치료사실 등에 대하여 보험설계사에게만 알린 경우 보험회사에 알리지 않은 것으로 간주되므로, 반드시 청약서에 서면으로 알리시기 바랍니다.

③ 전화 등 통신수단을 통해 가입하는 경우에는 서면을 통한 질문절차 없이 보험회사 상담원의 질문에 답하고 이를 녹음하는 방식으로 계약 전 알릴 의무를 이행하여야 하므로 답변에 신중하셔야 합니다.

[민원사례]",기존3단계검수+250212원문재앵커링,v3-offline-0022,multi_evidence,False
85,Claim,고혈압(원발성)약물치료특약의 소멸 사유는 무엇인가요?,"「이 특약의 피보험자가 특약보험기간 중 사망하였을 경우」 또는 「주계약이 해지, 무효, 취소 또는 철회된 경우」 이 특약은 그때부터 효력이 없습니다. 또한 특약보험기간 중 피보험자의 사망으로 이 특약이 소멸하는 경우에는 계약자적립액 등을 지급하지 않습니다.",확정,"| 고혈압(원발성)약물치료급여금 | 특약보험기간 중 피보험자가 고혈압보장개시일 이후에 ""고혈압(원발성)""으로 진단이확정 되고, 특약보험기간 중 그 직접적인치료를 목적으로 180일 이상의 기간동안""고혈압(원발성)약물치료""를 받은 때 (다만, 최초1회에 한함) | 특약보험가입금액의 10% |

주) 1. 「이 특약의 피보험자가 특약보험기간 중 사망하였을 경우」 또는 「주계약이 해지, 무효, 취소 또는 철회된 경우」 이 특약은 그때부터 효력이 없습니다.

2. 특약보험기간 중 피보험자의 사망으로 이 특약이 소멸하는 경우에는 계약 자적립액 등을 지급하지 않습니다.",250212원문재검증(v3정화),v3-offline-0055,single_lookup,True
86,챗봇,통합건강보험 원 특약중 일반암 진단1과 일반암 진단2 의 차이가 뭔가요?,"'일반암 진단1'과 '일반암 진단2'라는 특약은 이 약관에 없습니다. 보장내용 요약표에는 (간편)일반암진단특약 (무배당, 갱신형) | 암진단급여금 (기본/삭감없음용) | 가입 후 90일간 보장 제외, (간편)일반암진단특약 (무배당, 해약환급금 미지급형) | 암진단급여금 (기본/삭감없음용) | 가입 후 90일간 보장 제외로 기재되어 있으며, 두 특약 모두 암진단급여금은 가입 후 90일간 보장 제외입니다. 그 외 (간편)남녀특정암진단특약 (무배당, 갱신형) | 여성유방암진단급여금 (기본/삭감없음용) | 가입 후 90일간 보장 제외, 전립선암진단급여금 (기본/삭감없음용) | 가입 후 90일간 보장 제외, (간편)일반암생활비보장특약 (무배당, 갱신형) | 암생활비보장급여금 | 「여성유방암 및 전립선암, 이외의 암, 중증갑상선암의 경우 가입 후 90일간 보장 제외 등의 특약이 있습니다.",확정,"| (간편)일반암진단특약 (무배당, 갱신형) | 암진단급여금 (기본/삭감없음용) | 가입 후 90일간 보장 제외 |
| (간편)남녀특정암진단특약 (무배당, 갱신형) | 여성유방암진단급여금 (기본/삭감없음용) | 가입 후 90일간 보장 제외 |
| | 전립선암진단급여금 (기본/삭감없음용) | 가입 후 90일간 보장 제외 |
| (간편)일반암생활비보장특약 (무배당, 갱신형) | 암생활비보장급여금 | 「여성유방암 및 전립선암, 이외의 암, 중증갑상선암의 경우 가입 후 90일간 보장 제외 |
| (간편)일반암진단특약 (무배당, 해약환급금 미지급형) | 암진단급여금 (기본/삭감없음용) | 가입 후 90일간 보장 제외 |
| (간편)남녀특정암진단특약 (무배당, 해약환급금 미지급형) | 여성유방암진단급여금 (기본/삭감없음용) | 가입 후 90일간 보장 제외 |
| | 전립선암진단급여금 (기본/삭감없음용) | 가입 후 90일간 보장 제외 |
| (간편)고액암진단특약 (무배당, 해약환급금 미지급형) | 고액암진단급여금 (기본/삭감없음용) | 가입 후 90일간 보장 제외 |
| (간편)남성12대주요암진단특약 (무배당, 해약환급금 미지급형) | 남성12대주요암진단급여금 | 가입 후 90일간 보장 제외 |",250212원문재검증(v3정화),v3-offline-0292,comparison,False
87,챗봇,통합건강보험 원은 간편가입으로 되어 있는데 표준체는 가입이 안되고 유병자만 가입이 되는가?,"이 약관에서 표준체의 가입 자체를 금지하는 규정은 확인되지 않습니다. 간편(간편심사형 가입시)은 일반심사보험에 가입하기 어려운 피보험자(유병력자 또는 고연령자 등)를 대상으로 계약심사 과정을 간소화한 상품으로, 일반심사보험보다 보험료가 다소 높을 수 있습니다. ""간편심사보험""은 의적결함 및 나이제한으로 인하여 보험시장에서 소외되고 있는 유병력자나 고연령자 등의 계약심사 및 건강검진의 부담을 줄여 보험에 가입할 수 있도록 ""일반심사보험""에 비하여 계약심사과정을 간소화한 보험을 말하며, ""일반심사보험""은 피보험자가 표준체에 해당하는 「계약 전 알릴 의무 항목」을 통하여 보험가입 여부에 대한 의적심사를 거쳐 가입 가능한 보험을 말합니다. 또한 ""간편심사형""에서 계약자 또는 피보험자가 계약일부터 3개월 이내에 이 계약의 동일한 피보험자를 대상으로 ""일반심사형"" 가입을 원하여 일반계약심사를 통하여 ""일반심사형""에 가입한 경우에 관한 규정도 두고 있습니다.",확정,"(①간편)신한통합건강보장보험 원(ONE)(②무배당, ③해약환급금 미지급형)

① 간편(간편심사형 가입시) :

일반심사보험에 가입하기 어려운 피보험자(유병력자 또는 고연령자 등)를 대상으로 계약심사 과정을 간소화한 상품으로, 일반심사보험보다 보험료가 다소 높을 수 있습니다.

② 무배당 : 계약자에게 배당을 하지 않는 상품입니다.

③ 해약환급금 미지급형 : 보험료 납입기간 중 계약을 해지할 경우 해약환급금은 없습니다.
---
4. ""간편심사형""에서 계약자 또는 피보험자가 계약일부터 3개월 이내에 이 계약의 동일한 피보험자를 대상으로 ""일반심사형"" 가입을 원하여 일반계약심사를 통하여 ""일반심사형""에 가입한 경우. 다만, 보험금이 이미 지급되거나 약관에서 정한 보험금 청구서류를 접수한 경우에는 이를 적용하지 않습니다.

간편심사 및 일반심사보험에 관한 설명

""간편심사보험""은 의적결함 및 나이제한으로 인하여 보험시장에서 소외되고 있는 유병력자나 고연령자 등의 계약심사 및 건강검진의 부담을 줄여 보험에 가입할 수 있도록 ""일반심사보험""에 비하여 계약심사과정을 간소화한 보험을 말합니다.

""일반심사보험""은 피보험자가 표준체에 해당하는 「계약 전 알릴 의무 항목」을 통하여 보험가입 여부에 대한 의적심사를 거쳐 가입 가능한 보험을 말합니다.

$ \underline{ \text{1.  } } $",250212원문재검증(v3정화),v3-offline-0297,multi_evidence,False
88,고객상담,주계약 납입면제 기준 알려줘,"주계약 자체는 납입면제가 없으며, 납입면제가 가능한 특약을 가입한 경우 보험료 납입기간 중 피보험자가 해당 특약이 정하는 기준의 납입면제 사유에 해당되면 차회 이후 주계약 보험료 납입이 면제됩니다.",확정,"※ 2년 미만 : 계약일부터 2년이 되는 시점의 계약해당일의 전날까지

주) 1. 보험기간 중 피보험자가 사망하거나 이 약관에서 정하는 보험금 지급사유가 더 이상 발생할 수 없는 경우에는 이 계약은 그때부터 효력이 없습니다.

2. 주계약은 납입면제가 없습니다. 다만, 이 주계약의 보험료를 납입면제 할 수 있는 특약을 가입한 경우, 보험료 납입기간 중 피보험자가 해당 특약에 서 정하는 기준에 따라 납입면제 사유에 해당되는 경우에는 차회 이후 주 계약의 보험료 납입을 면제합니다.

3. 사망 당시에 이미 납입한 주계약 보험료가 주계약의 사망보험금을 초과하는 경우, 이미 납입한 주계약 보험료를 사망보험금으로 지급하여 드립니다.

$ \underline{ \text{The first question} } $",기존3단계검수+250212원문재앵커링,v3-offline-0256,single_lookup,True
89,상품,이 약관에서 상품의 보장대상과 보장제외 대상을 한번에 요약해줘,"보장대상이 되는 질병은 한국표준질병·사인분류상의(A00 ~ R99, U00 ~ U99)에 해당하는 질병입니다. 반면 보험금을 지급하지 않는 경우로는 정신 및 행동 장애(F00 ~ F99)로 인한 질병, 선천기형, 변형 및 염색체이상(Q00 ~ Q99)으로 인한 질병, 마약, 습관성 의약품 및 알코올중독으로 인한 경우, 치의보철 및 미용상의 처치로 인한 경우, 정상임신, 분만전후의 간호 및 검사와 인공유산, 불법유산 등으로 인한 경우, 질병을 직접적인 원인으로 하지 않는 불임수술 또는 제왕절개수술 등으로 인한 경우, 치료를 수반하지 않는 건강진단으로 인한 경우가 규정되어 있습니다. 또한 일부 분류표에서는 항문 및 직장 관련 질환, 치핵 및 항문주위정맥혈전증(K60~K62, K64), 치아우식증, 치아 및 치주질환 등의 치과질환(K00~K08), 백내장(H25~H27)도 보험금을 지급하지 않는 질병으로 정하고 있습니다.",확정,"다음 각 호에 해당하는 경우에는 질병 및 재해분류에서 제외하여 보험금을 지급하지 않습니다.

① 정신 및 행동 장애(F00 ~ F99)로 인한 질병

② 선천기형, 변형 및 염색체이상(Q00 ~ Q99)으로 인한 질병

③ 마약, 습관성 의약품 및 알코올중독으로 인한 경우

④ 치의보철 및 미용상의 처치로 인한 경우
---
③ 치의보철 및 미용상의 처치로 인한 경우

④ 정상임신, 분만전후의 간호 및 검사와 인공유산, 불법유산 등으로 인한 경우

⑤ 질병을 직접적인 원인으로 하지 않는 불임수술 또는 제왕절개수술 등으로 인한 경우

⑥ 치료를 수반하지 않는 건강진단으로 인한 경우

주) 1. ( )안은 제8차 개정 한국표준질병·사인분류(통계청고시 제2020-175호, 2021. 1. 1 시행)상의 분류코드이며, 제9차 개정 이후 상기 “1. 보장대상이 되는 질병 및 재해” 및 “2. 보험금을 지급하지 않는 질병 및 재해” 해당 여부는 질병의 진단 및 재해 발생 당시에 시행되고 있는 한국표준질병·사인분류에 따라 판단합니다.
---
1. 보장대상이 되는 질병

한국표준질병·사인분류상의(A00 ~ R99, U00 ~ U99)에 해당하는 질병
---
⑤ 항문 및 직장 관련 질환, 치핵 및 항문주위정맥혈전증(K60~K62, K64)

⑥ 치아우식증, 치아 및 치주질환 등의 치과질환(K00~K08)

⑦ 백내장(H25~H27)

⑧ 아래의 질병에 해당하는 경우

| 구분 | 대상이 되는 질병 | 분류코드 |",250212원문재검증(v3정화),v3-offline-0217,multi_evidence,False
90,고객상담,현재 납면상태인데 갱신이후 납면조건 유지되는지,"보험료 납입면제사유로 보험료 납입이 면제된 이후라도, 보험료납입면제대상계약이 갱신되는 경우에는 갱신된 계약의 보험료를 다시 납입하여야 합니다(면제가 갱신 이후까지 유지되지 않음).",확정,"2973

---

의 납입이 면제된 이후에 보험료납입면제대상계약이 갱신되는 경우 갱신된 보험료납입면제대상계약의 보험료를 납입하여야 합니다. 다만, 이 특약은 제2-1조의2(특약의 보험기간 및 갱신) 제5항 제4호에 따라 갱신되지 않습니다.

③ 재해는 특약보험기간 중 발생한 재해에 한하며, 특약보험기간 중 발생한 재해가 아닌 경우에는 보험료 납입면제사유 중 해당 재해와 관련한 보험료 납입을 면제하지 않습니다.

④ 제2-2조의2(보험료 납입면제사유)에서 장해지급률이 재해일 또는 질병의 진단확정일부터 180일 이내에 확정되지 않는 경우에는 재해일 또는 질병의 진단확정일부터 180일이 되는 날의 의사의 진단에 기초하여 고정될 것으로 인정되는 상태를 장해지급률로 결정합니다. 다만, 장해분류표(<부표2-2> 참조)에 장해판정시기를 별도로 정한 경우에는 그에 따릅니다.",기존3단계검수+250212원문재앵커링,v3-offline-0348,single_lookup,True
91,챗봇,통합건강 뇌혈관질환 진단시 진단금,"뇌혈관질환으로 진단확정되면 뇌혈관질환진단급여금(<부표2-1> 보험금 지급기준표 참조)을 최초 1회에 한하여 지급하며, 최초계약 계약일부터 1년 미만에 발생 시 진단급여금의 50%를 지급합니다.",확정,"S

| 구분 | 지급사유 | 지급금액 |
|------|----------|----------|
| 뇌혈관질환진단급여금 | 특약보험기간 중 피보험자가 뇌혈관질환으로 진단확정 되었을 때 (다만, 최초 1회의 진단확정에 한함) | 특약보험가입금액의 100% (다만, 최초계약의 계약일부터 1년 미만에 지급사유가 발생한 경우 ""특약보험가입금액의 50%""를 지급함) |

※ 1년 미만 : 최초계약의 계약일부터 1년이 되는 시점의 계약해당일의 전날까지

주) 「이 특약의 피보험자가 특약보험기간 중 사망하거나 이 특약의 보험금 지급사유가 더 이상 발생할 수 없는 경우」 또는 「주계약이 해지, 무효, 취소 또는 철회된 경우」 이 특약은 그때부터 더 이상 효력이 없습니다. 다만, 특약보험기간 중 피보험자가 사망한 경우에는 산출방법서에서 정하는 바에 따라 회사가 적립한 사망당시의 계약자적립액을 계약자에게 지급합니다.
---
제2-2조 보험금의 지급사유

[간편심사형]

회사는 피보험자에게 다음의 사유가 발생한 경우 보험수익자에게 약정한 ""(50%이상)6대질병장해급여금""(<부표2-1> ""보험금 지급기준표 참조)을 지급합니다. (다만, 최초 1회에 한함)

1. 특약보험기간 중 피보험자가 보장개시일(""암""의 경우 암보장개시일) 이후에 ""암, 기타피부암, 갑상선암, 대장점막내암 및 비침습방광암""으로 진단확정되고, 특약보험기간 중 그 ""암, 기타피부암, 갑상선암, 대장점막내암 및 비침습방광암""을 직접적인 원인으로 장해분류표(<부표2-4> 참조)에서 정한 장해지급률 중 50%이상에 해당하는 장해가 되었을 때

2. 특약보험기간 중 피보험자가 보장개시일 이후에 ""제자리암"", ""경계성종양"", ""뇌혈관질환"", ""허혈심장질환"", ""간질환"", ""폐질환"", ""신장질환""을 직접적인 원인으로 장해분류표(<부표2-4> 참조)에서 정한 장해지급률 중 50%이상에 해당하는 장해가 되었을 때",기존3단계검수+250212원문재앵커링,v3-offline-0279,multi_evidence,False
92,챗봇,신한통합건강보장보험 ONE 특약 설명,"신한통합건강보장보험 원(ONE)의 특약은 계약자의 선택에 의해 해당 보험료를 납입함으로써 보장이 가능합니다. 특약 약관은 ""제1편 일반사항""과 ""제2편 개별사항""으로 구성되어 있으며, 예를 들어 제1편 일반사항 제1-1조부터 제1-13조까지를 특약의 ""제1편 일반사항""으로 합니다. 또한 특약보험기간 중 보험금이 지급된 보장계약은 해당 보험금 지급사유가 발생한 이후부터 보장하지 않으며, 그 때부터 효력이 없습니다. 다만, 소멸된 보장계약을 제외한 나머지 보장계약에 대해서는 보험료를 납입해야 합니다.",확정,"※ 이 특약은 제2-1조의14(보장계약 등의 정의)에서 정한 총 5개의 보장계약으로 구성되어 있으며, 특약보험기간 중 보험금이 지급된 보장계약은 해당 보험금 지급사유가 발생한 이후부터 보장하지 않으며, 그 때부터 효력이 없습니다. 다만, 소멸된 보장계약을 제외한 나머지 보장계약에 대해서는 보험료를 납입해야 합니다.

제1편 일반사항

[특약 약관] 제1편 일반사항 제1-1조부터 제1-13조까지를 이 특약 ""제1편 일반사항""으로 합니다.

※ [특약 약관] ""제1편 일반사항""의 위치는 목차를 통해 확인 부탁드립니다.

제2편 개별사항
---
(무배당, 해약환급금 미지급형)

※ 이 특약은 계약자의 선택에 의해 해당 보험료를 납입함으로써 보장이 가능합니다.

※ 이 특약은 제2-1조의4(보장계약 등의 정의)에서 정한 총2개의 보장계약으로 구성되어 있으며, 특약보험기간 중 보험금이 지급된 보장계약은 해당 보험금 지급사유가 발생한 이후부터 보장하지 않으며, 그 때부터 효력이 없습니다. 다만, 소멸된 보장계약을 제외한 나머지 보장계약에 대해서는 보험료를 납입해야 합니다.

※ 계약자가 가입한 보험종목에 따라 특약 명칭은 다음과 같이 변경됩니다.

- 일반형의 경우: “(무배당, 해약환급금 미지급형)” 부분이 “(무배당)”으로 변경됩니다.",250212원문재검증(v3정화),v3-offline-0141,multi_evidence,False
93,챗봇,"신한통합건강보장보험 ONE을 가입했는데 항암치료 특약이 여러 개 있는데 표적항암, CAR-T, 항암약물치료 중에서 일부를 줄이고 싶습니다. 그리고 입원비나 수술비 특약 중 중복되는 건 삭제해주세요. 대신 암 진단금. 고액암. 뇌출혈. 심근경색은 그대로 유지할게요.","계약자는 특약이 소멸하기 전에 언제든지 특약을 해지할 수 있으며, 이 경우 회사는 제2-11조(해약환급금) 제1항에 따른 해약환급금을 계약자에게 지급합니다. 다만 특약의 보험가입금액을 감액하는 경우 지급하는 해약환급금이 없을 수도 있으며, 감액 이후 보험금 및 해약환급금은 최초 가입 당시에 안내한 금액보다 적을 수 있습니다. 또한 특약보험기간 중 피보험자가 보장개시일 이후에 「기타피부암 또는 갑상선암」으로 최초 진단확정되어 ""기타피부암 및 갑상선암 보험금 지급기간""이 시작된 경우에는 [기타피부암 및 갑상선암 주요치료 보장계약]을 감액할 수 없습니다.",확정,"제4관 특약의 해지 및 해약환급금 등

제2-10조 계약자의 임의해지 및 피보험자의 서면동의 철회권

① 계약자는 이 특약이 소멸하기 전에 언제든지 이 특약을 해지할 수 있으며, 이 경우 회사는 제2-11조(해약환급금) 제1항에 따른 해약환급금을 계약자에게 지급합니다.
---
---

계약]을 감액할 수 없습니다.

④ 제2항에도 불구하고 특약보험기간 중 피보험자가 보장개시일 이후에 「기타피부암 또는 갑상선암」으로 최초 진단확정되어 ""기타피부암 및 갑상선암 보험금 지급기간""이 시작된 경우에는 [기타피부암 및 갑상선암 주요치료 보장계약]을 감액할 수 없습니다.

⑤ 제2항부터 제4항에 따라 특약의 보험가입금액을 감액하는 경우 지급하는 해약환급금이 없을 수도 있으며, 감액 이후 보험금 및 해약환급금은 최초 가입 당시에 안내한 금액보다 적을 수 있습니다.

감액처리에 대한 설명",250212원문재검증(v3정화),v3-offline-0142,multi_evidence,False
94,챗봇,신한통합건강보장보험 원(ONE) 상품에서 소액암진단특약 보험금 지급 대상에 양성뇌종양이 포함되는가?,"아니오, 양성뇌종양은 포함되지 않습니다. 회사는 특약보험기간 중 피보험자가 보장개시일 이후에 ""기타피부암"", ""중증이외 갑상선암"", ""제자리암"", ""경계성종양"", ""대장점막내암"" 또는 ""비침습방광암""으로 진단 확정되었을 때에는 보험수익자에게 약정한 소액암진단급여금을 지급합니다. (다만, 각각 최초 1회에 한함)",확정,"제2관 보험금의 지급

제2-2조 보험금의 지급사유

회사는 특약보험기간 중 피보험자가 보장개시일 이후에 ""기타피부암"", ""중증이외 갑상선암"", ""제자리암"", ""경계성종양"", ""대장점막내암"" 또는 ""비침습방광암""으로 진단 확정되었을 때에는 보험수익자에게 약정한 소액암진단급여금(<부표2-1> ""보험금 지급기준표"" 참조)을 지급합니다. (다만, 각각 최초 1회에 한함)

제2-3조 보험금 지급에 관한 세부규정

① 특약보험료 납입기간 중 주계약의 보험료 납입이 면제된 경우 이 특약의 차회 이후 보험료 납입을 면제합니다. 다만, 주계약의 보험료 납입면제가 ""보험료의 납입을 면제하는 특약""에 의해 납입면제가 된 경우 그 ""보험료의 납입을 면제하는 특약""의 약관에서 정한 바를 따르며, 이 특약이 해당 약관의 「보험료납입면제대상계약」에 해당되지 않는 경우 보험료 납입면제가 되지 않습니다.",250212원문재검증(v3정화),v3-offline-0289,single_lookup,True
95,LICO,뇌전증 1회발작만으로 지급되나요?,"아니요, 발작 사실만으로 지급되는 것은 아니고 ""뇌전증""으로 진단확정되어야 합니다. ""뇌전증""의 진단확정은 의료기관의 의사에 의해 내려져야 하며 이 진단은 병력, 신경학적 검진과 함께 뇌파검사, 자기공명영상(MRI), 양전자방출단층술(PET), 단일광자방출 전산화 단층촬영(SPECT) 등을 기초로 합니다.",확정,"· 종양의 발생부위 및 피보험자의 신체상태 등의 이유로 조직을 추출하는 경우 생명의 위험을 초래할 수 있어 병리학적 검사를 시행할 수 없는 경우

⑥ 제1항에서 정한 ""동정맥질환""의 진단 확정은 의사가 작성한 문서화된 기록 또는 검사결과를 기초로 하여 내려져야 하며, 이 진단은 병력 및 증상과 함께 혈액, 심전도검사, 혈관 도플러, 경동맥초음파, 전산화단층 촬영(CT scan), 자기공명영상(MRI), 혈관조영술, 초음파검사, (위)내시경 등을 이용하여, 검사 결과 ""동정맥질환""으로 진단할 수 있는 객관적인 이상 소견을 보이는 경우 진단합니다. 그러나 피보험자가 사망하여 상기 검사방법을 진단의 기초로 할 수 없는 경우에 한하여 피보험자가 ""동정맥질환""으로 진단 또는 치료를 받고 있었음을 증명할 수 있는 문서화된 기록 또는 증거를 진단 확정의 기초로 할 수 있습니다.

⑦ 제1항에서 정한 ""뇌전증""의 진단확정은 의료기관의 의사에 의해 내려져야 하며 이 진단은 병력, 신경학적 검진과 함께 뇌파검사, 자기공명영상(MRI), 양전자방출단층술(PET), 단일광자방출 전산화 단층촬영(SPECT) 등을 기초로 합니다. 그러나 피보험자가 사망하여 상기 검사방법을 진단의 기초로 할 수 없는 경우에 한하여 피보험자가 ""뇌전증""으로 진단 또는 치료를 받고 있었음을 증명할 수 있는 문서화된 기록 또는 증거를 진단 확정의 기초로 할 수 있습니다.

⑧ 제1항에서 정한 ""파킨슨병""의 진단확정은 의료기관의 신경과전문의에 의하여 내려져야 하며, 이 진단은 자기공명영상(MRI), 단일광자방출 전산화단층술(SPECT), 양전자방출단층술(PET), 뇌척수액검사 등을 기초

SHINHAN LIFE",250212원문재검증(v3정화),v3-offline-0073,single_lookup,False
96,LICO,뇌질환진단금은몇번받을수있나요?,"이 판매약관의 (간편)뇌혈관질환진단특약은 피보험자가 '뇌혈관질환'으로 진단확정 되었을 때 뇌혈관질환진단급여금을 지급하며, 최초 1회의 진단확정에 한합니다. 즉 1회만 지급됩니다.",확정,"S

| 구분 | 지급사유 | 지급금액 |
|------|----------|----------|
| 뇌혈관질환 진단급여금 | 특약보험기간 중 피보험자가 뇌혈관 질환으로 진단확정 되었을 때 (다만, 최초 1회의 진단확정에 한함) | 특약보험가입금액의 100% |

주) 1. 「이 특약의 피보험자가 특약보험기간 중 사망하거나 이 특약의 보험금 지급사유가 더 이상 발생할 수 없는 경우」 또는 「주계약이 해지, 무효, 취소 또는 철회된 경우」 이 특약은 그때부터 효력이 없습니다.

2. 특약보험기간 중 피보험자의 사망으로 이 특약이 소멸하는 경우에는 계약자 적립액 등을 지급하지 않습니다.
---
③ 제2-2조(보험금의 지급사유)에서 ""보험금 지급기간""이라 함은 ""뇌혈관질환 또는 허혈심장질환"" 최초 진단확정일로부터 10년까지의 기간으로 보험금 지급 대상이 되는 기간을 말합니다. 다만, 10차년도에 ""뇌혈관질환 또는 허혈심장질환 주요치료""를 받은 경우에는 ""뇌혈관질환 또는 허혈심장질환"" 최초 진단확정일로부터 그 치료를 받은 날까지를 ""보험금 지급기간""으로 합니다.

④ 특약보험기간 중 피보험자가 ""뇌혈관질환 또는 허혈심장질환""으로 최초 진단확정 되고 특약보험기간이 만료되더라도 ""보험금 지급기간""이 만료되지 않았을 경우에는 특약보험기간 만기와 관계없이 제2-2조(보험금의 지급사유)에 따라 <부표2-1> ""보험금 지급기준표""에서 정한「""뇌혈관질환 또는 허혈심장질환"" 주요치료급여금」을 보장합니다.

⑤ 회사는 피보험자가 ""보험금 지급기간"" 이내에 ""뇌혈관질환 또는 허혈심장질환""의 직접적인 치료를 목적으로 제2-1조의8(""뇌혈관질환 또는 허혈심장질환 주요치료""의 정의)에서 정한 수술, 혈전용해치료, 종합병원중환자실치료를 각각 연간 1회 이상 이용한 경우에도 이용횟수와 관계없이 연간 1회의 이용으로 간주하여 「""뇌혈관질환 또는 허혈심장질환"" 주요치료급여금」을 연간 1회만 지급합니다.

제2-4조 보험금을 지급하지 않는 사유

회사는 다음 중 어느 한 가지로 보험금 지급사유가 발생한 때에는 보험금을 지급하지 않습니다.",기존3단계검수+250212원문재앵커링,v3-offline-0074,multi_evidence,False
97,Claim,암주요치료비특약의 암주요치료 연간 보장 횟수는 어떻게 되나요?,"최초 진단확정일로부터 주요치료를 합하여 최대 10년간, 연간 1회에 한하여 지급하며 최대 10회 지급합니다.",확정,"제2-2조 보험금의 지급사유

회사는 특약보험기간 중 피보험자가 ""뇌혈관질환 또는 허혈심장질환""으로 최초 진단확정 되고, ""보험금 지급기간"" 이내에 ""뇌혈관질환 또는 허혈심장질환""의 직접적인 치료를 목적으로 ""뇌혈관질환 또는 허혈심장질환 주요치료""를 받은 경우에는 보험수익자에게 약정한 보험금((<부표2-1> ""보험금지급기준표"" 참조)을 「""뇌혈관질환 또는 허혈심장질환"" 주요치료급여금」으로 지급합니다.

[다만, 최초 진단확정일로부터 ""뇌혈관질환 또는 허혈심장질환 주요치료""를 합하여 최대 10년간, 연간 1회에 한하여 지급함(최대 10회 지급)]

_____________________________________________________________
_____________________________________________________________",기존3단계검수+250212원문재앵커링,v3-offline-0183,single_lookup,True
98,고객상담,6대 질병 장해특약 납입면제이후 갱신가능해?,"""(간편)[50%이상장해형]6대질병장해특약(무배당, 해약환급금 미지급형)"" 약관 본문에는 갱신에 관한 규정이 확인되지 않습니다. 보험료 납입면제에 대하여는 제2-3조 보험금 지급에 관한 세부규정에서, 특약보험료 납입기간 중 주계약의 보험료 납입이 면제된 경우 이 특약의 차회 이후 보험료 납입을 면제합니다. 다만, 주계약의 보험료 납입 면제가 ""보험료의 납입을 면제하는 특약""에 의해 납입면제가 된 경우 그 ""보험료의 납입을 면제하는 특약""의 약관에서 정한 바를 따르며, 이 특약이 해당 약관의 「보험료납입면제대상계약」에 해당되지 않는 경우 보험료 납입면제가 되지 않습니다.",확정,"2. 특약보험기간 중 피보험자의 사망으로 이 특약이 소멸하는 경우에는 계약

2212152200000007156

(간편)[50%이상장해형]6대질병장해특약(무배당, 해약환급금 미지급형)

309

---
---
제2-3조 보험금 지급에 관한 세부규정

① 특약보험료 납입기간 중 주계약의 보험료 납입이 면제된 경우 이 특약의 차회 이후 보험료 납입을 면제합니다. 다만, 주계약의 보험료 납입 면제가 ""보험료의 납입을 면제하는 특약""에 의해 납입면제가 된 경우 그 ""보험료의 납입을 면제하는 특약""의 약관에서 정한 바를 따르며, 이 특약이 해당 약관의 「보험료납입면제대상계약」에 해당되지 않는 경우 보험료 납입면제가 되지 않습니다.",250212원문재검증(v3정화),v3-offline-0019,multi_evidence,False
99,고객상담,류마티스 관절염진단 대상되는 코드알려줘,"약관에서 정한 ""특정 류마티스 관절염""으로 분류되는 질병은 혈청검사 양성 류마티스관절염(분류코드 M05)과 기타 류마티스관절염(분류코드 M06)이며, 혈청검사 양성 류마티스관절염에는 [J99.0* : 류마티스 폐질환(M05.1+)]이 포함됩니다.",확정,"약관에서 정한 ""특정 류마티스 관절염""으로 분류되는 질병은 제8차 개정 한국표준질병·사인분류(통계청 고시 제2020-175호, 2021. 1. 1 시행) 중 다음에 적은 대상질병을 말합니다.

| 대상 질병명 | 분류코드 |
| --- | --- |
| 혈청검사 양성 류마티스관절염<br>[J99.0* : 류마티스 폐질환(M05.1+)]<br>기타 류마티스관절염 | M05<br>J99.0*<br>M06 |

주) 1. 제9차 개정 이후 이 약관에서 정한 ""특정 류마티스 관절염"" 해당 여부는 피보험자가 진단확정 받은 시점에 시행되고 있는 한국표준질병·사인분류에 따라 판단합니다.

2. 이 약관에서 정한 보장 여부의 판단은 질병의 진단 당시의 한국표준질병·사인분류를 기준으로 하며, 이후 한국표준질병·사인분류 개정으로 분류코드가 변경되더라도 이 약관에서 보장하는 분류코드의 해당 여부를 다시 판단하지 않습니다.",250212원문재검증(v3정화),v3-offline-0097,single_lookup,True
100,상품,이 약관에서 AI가 답변하면 안되는 고위험 영역이나 반드시 사람확인이 필요한 항목은 뭐야?,"이 약관에 AI에 대한 규정은 없으나, 전문가 확인이 필요하다고 명시된 사항은 다음과 같습니다. 처방된 항암제의 ""카티(CAR-T)항암약물치료제"" 해당여부는 반드시 전문의료인의 자문을 통해 확인하시기 바랍니다. 보험수익자와 회사가 보험금 지급사유에 대해 합의하지 못할 때에는 보험수익자와 회사가 함께 제3자를 정하고 그 제3자의 의견에 따를 수 있습니다. 제3자는 의료법 제3조(의료기관)에 규정한 종합병원 소속 전문의 중에서 정하며, 보험금 지급사유 판정에 드는 의료비용은 회사가 전액 부담합니다. 또한 보험금 지급사유 또는 보험료 납입면제사유의 조사나 확인이 필요한 때에는 접수후 10영업일 이내에 보험금을 지급하거나 보험료의 납입을 면제합니다.",확정,"의약품명 및 성분명

S

• 아래 “카티(CAR-T)항암약물치료제” 해당 의약품명 및 성분명은 2023년 11월 기준이며, 식품의약품안전처의 신규 허가 또는 허가 취소 시 해당내용이 변동될 수 있습니다. “카티(CAR-T)항암약물치료제” 해당 여부는 투약 처방 시점을 기준으로 판단됩니다. 아래의 내용은 보험가입자의 이해를 돕기 위한 참고자료이므로, 처방된 항암제의 “카티(CAR-T)항암약물치료제” 해당여부는 반드시 전문의료인의 자문을 통해 확인하시기 바랍니다.

• 식품의약품안전처 의약품통합정보시스템(https://nedrug.mfds.go.kr) 검색창에서 의약품명, 성분명을 검색하시면 어떤 암종에 해당 의약품이 허가되었는지 효능·효과의 내용을 통해 확인하실 수 있습니다.

의약품과 성분명
---
4. 기타 보험수익자 또는 계약자가 보험금 수령 또는 보험료 납입면제 청구에 필요하여 제출하는 서류

제1-6조 보험금 등의 지급절차

① 회사는 제1-5조(보험금 등의 청구)에서 정한 서류를 접수한 때에는 접수증을 드리고 휴대전화 문자메시지 또는 전자우편 등으로도 송부하며, 그 서류를 접수한 날부터 3영업일 이내에 보험금을 지급하거나 보험료의 납입을 면제합니다. 다만, 보험금 지급사유 또는 보험료 납입면제사유의 조사나 확인이 필요한 때에는 접수후 10영업일 이내에 보험금을 지급하거나 보험료의 납입을 면제합니다.

② 회사는 제1항에 따라 보험금을 지급할 때 보험금 지급일까지의 기간에 대한 이자는 <부표1-1> ""보험금 등을 지급할 때의 적립이율 계산""과 같습니다.

제3관 계약자의 계약 전 알릴 의무 등
---
⑥ 「호스피스·완화의료 및 임종과정에 있는 환자의 연명의료 결정에 관한 법률」에 따른 「연명의료중단등결정 및 그 이행」과 관계없이 지급금은 제3조(보험금의 지급사유)에 해당하는 경우 해당 조항에 따라 지급합니다.

⑦ 보험수익자와 회사가 보험금 지급사유에 대해 합의하지 못할 때에는 보험수익자와 회사가 함께 제3자를 정하고 그 제3자의 의견에 따를 수 있습니다. 제3자는 의료법 제3조(의료기관)에 규정(<별첨1> 참조)한 종합병원 소속 전문의 중에서 정하며, 보험금 지급사유 판정에 드는 의료비용은 회사가 전액 부담합니다.

⑧ 계약자와 회사가 보험료 납입면제사유에 대해 합의하지 못할 때는 계약자와 회사가 함께 제3자를 정하고 그 제3자의 의견에 따를 수 있습니다. 제3자는 의료법 제3조(의료기관)에 규정(<별첨1> 참조)한 종합병원소속 전문의 중에서 정하며, 보험료 납입면제사유 판정에 드는 의료비용은 회사가 전액 부담합니다.

제5조 보험금 등을 지급하지 않는 사유

회사는 다음 중 어느 한 가지로 보험금 지급사유가 발생하거나 보험료 납입면제사유가 발생한 경우에는 보험금을 지급하지 않거나 보험료의 납입을 면제하지 않습니다.",250212원문재검증(v3정화),v3-offline-0216,multi_evidence,False
101,Claim,"이 약관에서 ""상급종합병원""이란 어떤 의료기관을 말하나요?","""상급종합병원""이라 함은 의료법 제3조의4(상급종합병원 지정)에서 규정(<별첨1> 참조)한 상급종합병원을 말합니다. 이는 종합병원 중에서 중증질환에 대하여 난이도가 높은 의료행위를 전문적으로 하는 병원으로서, 의료법 제3조의4(상급종합병원 지정)에 따라 보건복지부장관이 지정한 병원입니다.",확정,"② ""상급종합병원""이라 함은 의료법 제3조의4(상급종합병원 지정)에서 규정(<별첨1> 참조)한 상급종합병원을 말합니다.

상급종합병원

종합병원 중에서 중증질환에 대하여 난이도가 높은 의료행위를 전문적으로 하는 병원으로서, 의료법 제3조의4(상급종합병원 지정)에 따라 보건복지부장관이 지정한 병원

제2-1조의8 “암, 대장점막내암, 비침습방광암, 기타피부암, 갑상선암, 제자리암 또는 경계성종양의 직접적인 치료”의 정의

① ""암, 대장점막내암, 비침습방광암, 기타피부암, 갑상선암, 제자리암 또는 경계성종양의 직접적인 치료""라 함은 암, 대장점막내암, 비침습방광암, 기타피부암, 갑상선암, 제자리암 또는 경계성종양을 제거하거나 암, 대장점막내암, 비침습방광암, 기타피부암, 갑상선암, 제자리암 또는 경계성종양의 증식을 억제하는 치료로서, 의학적으로 그 안전성과 유효성이 입증되어 임상적으로 통용되는 치료[보건복지부 산하 신의료기술평가위원회 (향후 제도 변경 시에는 동 위원회와 동일한 기능을 수행하는 기관)가 인정한 최신 암치료법도 포함됩니다]를 말합니다.",250212원문재검증(v3정화),v3-offline-0126,single_lookup,True
102,LICO,전이암도보장되나요?,"이 약관에는 ""전이암""이라는 용어는 사용되지 않습니다. 다만 한국표준질병·사인분류 중 분류코드 C77~C80[이차성 및 상세불명 부위의 악성신생물(암)]에 해당하는 경우 일차성 악성신생물(암)이 확인되는 경우에는 원발부위(최초 발생한 부위) 일차성 악성신생물(암)을 기준으로 이 약관에서 정한 바에 따라 보장여부 및 보험금 지급액을 결정합니다. 다만, 이 경우에도 이차성 및 상세불명 부위의 악성신생물(암)(C77~C80)의 진단확정 시점은 원발암 진단확정 시점으로 변경되지 않습니다.",확정,"약성신생물(암)에서 기타피부암, 갑상선암, 대장점막내암, 비침습방광암을 제외한 암

유의사항

한국표준질병·사인분류 중 분류코드 C77~C80[이차성 및 상세불명 부위의 악성신생물(암)]에 해당하는 경우 일차성 악성신생물(암)이 확인되는 경우에는 원발부위(최초 발생한 부위) 일차성 악성신생물(암)을 기준으로 이 약관에서 정한 바에 따라 보장여부 및 보험금 지급액을 결정합니다. 다만, 이 경우에도 이차성 및 상세불명 부위의 악성신생물(암)(C77~C80)의 진단확정 시점은 원발암 진단확정 시점으로 변경되지 않습니다.

원발부위(최초 발생한 부위) 기준 예시

· C73[갑상선의 악성신생물(암)]이 림프절로 전이되어 C77[림프절의 이차성 및 상세불명의 악성신생물(암)]로 진단된 경우에도 C73[갑상선의 악성신생물(암)]으로 진단확정된 것으로 봅니다.",250212원문재검증(v3정화),v3-offline-0246,single_lookup,False
103,Claim,제자리암의 보장대상이 되는 질병분류 코드는 무엇인가요?,"""제자리암""이라 함은 제8차 개정 한국표준질병·사인분류 중 <부표2-3> ""제자리의 신생물 분류표(대장점막내암 및 비침습방광암 제외)""에 해당하는 항목을 말합니다. 해당 분류표의 분류코드는 D00·D01·D02·D03·D04·D05·D06·D07·D09이며, ""대장점막내암"" 및 ""비침습방광암""은 제외합니다.",확정,"| 대상질병명 | 분류코드 |
| --- | --- |
|D00 |  |
|D01 |  |
|D02 |  |
|D03 |  |
|D04 |  |
|D05 |  |
|D06 |  |
|D07 |  |
|D09 |  |
---
· 종양의 발생부위 및 피보험자의 신체상태 등의 이유로 조직을 추출하는 경우 생명의 위험을 초래할 수 있어 병리학적 검사를 시행할 수 없는 경우

제2-1조의5 ""제자리암""의 정의 및 진단확정

① 이 특약에 있어서 ""제자리암""이라 함은 제8차 개정 한국표준질병·사인분류 중 <부표2-3> ""제자리의 신생물 분류표(대장점막내암 및 비침습방광암 제외)""에 해당하는 항목을 말합니다. 다만, 제2-1조의3(""대장점막내암""의 정의 및 진단확정)에서 정한 ""대장점막내암"" 및 제2-1조의4(""비침습방광암""의 정의 및 진단확정)에서 정한 ""비침습방광암""은 제외합니다.

② ""제자리암""의 진단확정은 병리과 전문의 자격증을 가진 자에 의하여 내려져야 하며, 이 진단은 조직(fixed tissue)검사, 미세바늘흡인검사(fine needle aspiration biopsy) 또는 혈액(hemic system)검사에 대한 현미경 소견을 기초로 하여야 하며, 이 경우 ""제자리암""의 진단확정 시점은 상기 검사에 의한 결과보고 시점으로 합니다.

③ 제2항에 따른 진단이 가능하지 않을 때에는 피보험자가 ""제자리암""으로 진단 또는 치료를 받고 있음을 증명할 만한 문서화된 기록 또는 증거가 있어야 합니다.",250212원문재검증(v3정화),v3-offline-0249,multi_evidence,False
104,고객상담,해외에서 보장되지 않는 보장급부 또는 특약에 대해 알려줘,"(간편)간호간병통합서비스사용입원특약(무배당, 해약환급금 미지급형)은 의료법 제3조에서 규정한 국내의 병원급 의료기관에서의 입원 및 간호·간병통합서비스 사용만을 보험금 지급 대상으로 하며, 해외 의료기관에서의 입원이나 해당 서비스 사용은 보험금 지급 대상이 아닙니다.",확정,"침대 높낮이 조정, 화장실 부축, 체위 변경, 휠체어를 이용한 환자 이동, 기저귀 교환, 피부위생관리, 식사보조, 휴식돕기, 변기사용 보조 등

제2-1조의4 ""간호·간병통합서비스""의 정의

이 특약에서 ""간호·간병통합서비스""라 함은 의료법 제4조의2(간호·간병통합서비스 제공 등)(<별첨1> 참조)에서 정한 간호·간병통합서비스를 말합니다.

22121522000000071272

(간편)간병인사용입원특약(무배당, 해약환급금 미지급형)
---
1. 요양병원 : 의료법 제3조(의료기관)에서 규정(<별첨1> 참조)한 국내의 요양병원을 말합니다.

2. 의원급 의료기관 : 의료법 제3조(의료기관)에서 규정(<별첨1> 참조) 한 국내의 의원을 말합니다.

3. 병원급 의료기관 : 의료법 제3조(의료기관)에서 규정(<별첨1> 참조) 한 국내의 병원을 말합니다.

제2-1조의3 ""간병인""의 정의

① 이 특약에서 ""간병인""이라 함은 유상으로 간병서비스를 제공하는 활동을 하는 자로서 의료법 제3조(의료기관)에 소속되어 급여를 받는 자 또는 사업자를 등록하거나 사업자 등록된 업체를 통하여 간병서비스를 제공하고 고객이 해당 서비스에 상응하는 비용을 지불하는 것이 확인된 자에 한합니다.",기존3단계검수+250212원문재앵커링,v3-offline-0345,multi_evidence,False
105,LICO,뇌혈관이랑뇌출혈은뭐가달라요?,"""뇌혈관질환""으로 분류되는 질병은 거미막하출혈(I60), 뇌내출혈(I61), 기타 비외상성 두개내출혈(I62), 뇌경색증(I63), 출혈 또는 경색증으로 명시되지 않은 뇌졸중(I64), 뇌경색증을 유발하지 않은 뇌전동맥의 폐쇄 및 협착(I65), 뇌경색증을 유발하지 않은 대뇌동맥의 폐쇄 및 협착(I66), 기타 뇌혈관질환(I67), 달리 분류된 질환에서의 뇌혈관장애(I68), 뇌혈관질환의 후유증(I69)입니다. 반면 ""뇌출혈""로 분류되는 질병은 거미막하출혈(I60), 뇌내출혈(I61), 기타 비외상성 두개내출혈(I62)로 그 범위가 더 좁습니다.",확정,"약관에서 정한 ""뇌혈관질환""으로 분류되는 질병은 제8차 개정 한국표준질병·사인분류(통계청 고시 제 2020-175호, 2021. 1. 1 시행) 중 다음에 적은 대상질병을 말합니다.

| 대상 질병 명 | 분류 코드 |
| --- | --- |
| 거미막하출혈 | I60 |
| 뇌내출혈 | I61 |
| 기타 비외상성 두개내출혈 | I62 |
| 뇌경색증 | I63 |
| 출혈 또는 경색증으로 명시되지 않은 뇌졸중 | I64 |
| 뇌경색증을 유발하지 않은 뇌전동맥의 폐쇄 및 협착 | I65 |
| 뇌경색증을 유발하지 않은 대뇌동맥의 폐쇄 및 협착 | I66 |
| 기타 뇌혈관질환 | I67 |
| 달리 분류된 질환에서의 뇌혈관장애 | I68 |
| 뇌혈관질환의 후유증 | I69 |
---
약관에서 정한 ""뇌출혈""로 분류되는 질병은 제8차 개정 한국표준질병·사인분류(통계청 고시 제 2020-175호, 2021. 1. 1 시행) 중 다음에 적은 대상질병을 말합니다.

| 대상 질병명 | 분류코드 |
| --- | --- |
| 거미막하출혈 | I60 |
| 뇌내출혈 | I61 |
| 기타 비외상성 두개내출혈 | I62 |",250212원문재검증(v3정화),v3-offline-0081,multi_evidence,False
106,상품,주계약과 특약의 관례를 설명해줘,"이 특약에 정하지 않은 사항에 대하여는 주계약 약관의 규정을 따릅니다. 또한 특약 약관은 ""제1편 일반사항""과 ""제2편 개별사항""으로 구성되며, ""제1편 일반사항""의 내용과 ""제2편 개별사항""의 내용은 서로 대등하고 보완적 효력을 가지는 것이 원칙입니다. 다만, 양자의 내용이 서로 다른 경우에는 ""제2편 개별사항""의 내용이 ""제1편 일반사항""의 내용에 우선하여 적용됩니다.",확정,"특약 약관의 구성

※ 특약 약관은 ""제1편 일반사항""과 ""제2편 개별사항""으로 구성됩니다. 따라서, 약관 해석 시에 ""제1편 일반사항""의 내용과 ""제2편 개별사항""의 내용을 함께 고려하여야 합니다.

※ ""제1편 일반사항""의 내용과 ""제2편 개별사항""의 내용은 서로 대등하고 보완적 효력을 가지는 것이 원칙입니다. 다만, 양자의 내용이 서로 다른 경우에는 ""제2편 개별사항""의 내용이 ""제1편 일반사항""의 내용에 우선하여 적용됩니다.

(80,90),(926,946)

-
---
제5관 기타사항

제2-12조 주계약 약관 규정의 준용

이 특약에 정하지 않은 사항에 대하여는 주계약 약관의 규정을 따릅니다.

SHINHAN LIFE

722",250212원문재검증(v3정화),v3-offline-0258,multi_evidence,False
107,LICO,간병인사용입원특약은 실제 간병인을 써야 하나요?,"네, 실제로 간병인을 사용해야 합니다. 간병인사용입원(요양병원 제외)급여금은 특약보험기간 중 「피보험자가 질병 또는 재해로 인한 그 직접적인 치료를 목적으로 1일 이상 계속하여 요양병원을 제외한 병원급 의료기관 또는 의원급 의료기관에 입원하며 간병인을 사용하여 실질적으로 간병서비스를 이용」하였을 때 지급됩니다.",확정,"회사는 피보험자에게 다음 중 어느 하나의 사유가 발생한 경우에는 보험수익자에게 약정한 보험금(<부표2-1> ""보험금 지급기준표"" 참조)을 지급합니다.

[간병인사용입원(요양병원 제외) 보장계약]

특약보험기간 중 「피보험자가 질병 또는 재해로 인한 그 직접적인 치료를 목적으로 1일 이상 계속하여 요양병원을 제외한 병원급 의료기관 또는 의원급 의료기관에 입원하며 간병인을 사용하여 실질적으로 간병서비스를 이용」하였을 때 : 간병인사용입원(요양병원 제외)급여금 (다만, 간병인 사용일수 1일당, 1회 입원당 사용일수 180일 한도)

[간병인사용입원(요양병원) 보장계약]

특약보험기간 중 「피보험자가 질병 또는 재해로 인한 그 직접적인 치료를 목적으로 1일 이상 계속하여 요양병원에 입원하며 간병인을 사용하여 실질적으로 간병서비스를 이용」하였을 때 : 간병인사용입원(요양병원)급여금 (다만, 간병인 사용일수 1일당, 1회 입원당 사용일수 180일 한도)",250212원문재검증(v3정화),v3-offline-0037,single_lookup,True
108,고객상담,보장개시일전 진단되면 보장이 어떻게 돼? 해당특약만 소멸돼? 전체 소멸돼?,"보장개시일 전일 이전에 진단이 확정되는 경우 계약 전체가 소멸하는 것이 아니라 해당 특약을 무효로 합니다. 예를 들어 피보험자가 암보장개시일 전일 이전에 ""여성유방암"" 또는 ""전립선암""으로 진단이 확정되는 경우 이 특약을 무효로 하며, 계약자에게 실제 납입한 보험료 누계액(다만, ""감액 등으로 회사가 실제 지급한 금액""을 차감한 금액)을 돌려 드립니다.",확정,"② 제1항 제2호에서 해당 특약이 피보험자의 사망으로 소멸하는 경우에는 계약자적립액 등을 지급하지 않습니다.

제2-9조의2 ""특약의 무효""에 대한 특칙

제1-10조(특약의 무효) 제1항 이외에 다음에 해당되는 경우에는 이 특약을 무효로 하며 계약자에게 실제 납입한 보험료 누계액(다만, ""감액 등으로 회사가 실제 지급한 금액""을 차감한 금액)을 돌려 드립니다.

1. 피보험자가 암보장개시일 전일 이전에 제2-1조의2(""암"" 등의 정의 및 진단확정) 제2항 및 3항에서 정한 ""여성유방암"" 또는 ""전립선암""으로 진단이 확정되는 경우

무효",250212원문재검증(v3정화),v3-offline-0109,single_lookup,False
109,LICO,일반병실입원도되나요?,"네, 일반병실 입원도 보장됩니다. 예를 들어 (간편)첫날부터입원특약(무배당, 해약환급금 미지급형)의 입원급여금(180일한도형/30일한도형/10일한도형)은 1회 입원당 180/30/10일 한도로 보장합니다(퇴원없이 계속 입원시 180일간 보장 제외). 또한 보험금의 지급사유의 경우 지급일수는 1회 입원당 30일을 최고 한도로 하는 담보도 있습니다.",확정,"| (간편)간호간병통합서비스사용입원특약(무배당, 갱신형) | 간호·간병통합서비스사용입원(요양병원 제외)급여금 | 1회 입원당 사용일수 30일 한도로 보장 (퇴원없이 계속 입원시 180일간 보장 제외) |
| (간편)첫날부터입원특약(무배당, 해약환급금 미지급형) | 입원급여금(180일한도형/30일한도형/10일한도형) | 1회 입원당 180/30/10일 한도로 보장 (퇴원없이 계속 입원시 180일간 보장 제외) |
| (간편)첫날부터입원특약(무배당, 갱신형) | 입원급여금(180일한도형/30일한도형/10일한도형) | 1회 입원당 180/30/10일 한도로 보장 (퇴원없이 계속 입원시 180일간 보장 제외) |
| (간편)첫날부터중환자실입원특약(무배당, 해약환급금 미지급형) | 중환자실입원급여금 | 1회 입원당 60일 한도로 보장 (퇴원없이 계속 입원시 180일간 보장 제외) |
| (간편)첫날부터6대질병중환자실입원특약(무배당, 해약환급금 미지급형) | 6대질병 중환자실입원급여금 | 1회 입원당 60일 한도로 보장 (퇴원없이 계속 입원시 180일간 보장 제외) |
| (간편)첫날부터상급종합병원입원특약(무배당, 해약환급금 미지급형) | 상급종합병원입원급여금 | 1회 입원당 180일 한도로 보장 (퇴원없이 계속 입원시 180일간 보장 제외) |
| 상품명 | 담보명 | 보험금 지급한도 |
| | 3대질병 간병인 사용입원급여금(상급종합병원) | 1회 입원당 사용일수 30일 한도로 보장 (퇴원없이 계속 입원시 180일간 보장 제외) |
| (간편)3대질병간병인사용입원특약(무배당, 해약환급금 미지급형) | 3대질병 간병인 사용입원급여금(요양병원 제외) |  |
---
④ 제3항에도 불구하고 최초계약의 계약일부터 1년 미만에 재해 이외의 원인으로 해당 보험금 지급사유가 발생하고 계속 입원 중에 1년 이상이 될 경우에는 최초계약의 계약일부터 1년 이상이 된 날부터 삭감하지 않습니다.

⑤ 재해는 특약보험기간 중 발생한 재해에 한하며, 특약보험기간 중 발생한 한 재해가 아닌 경우에는 보험금 지급사유 중 해당 재해와 관련한 보험금을 지급하지 않습니다.

⑥ 제2-2조(보험금의 지급사유)의 경우 지급일수는 1회 입원당 30일을 최고 한도로 합니다.

⑦ 제2-2조(보험금의 지급사유)의 경우 피보험자가 동일한 질병 또는 재해로 인한 직접적인 치료를 목적으로 2회 이상 입원한 경우에는 「1회 입원」으로 보아 각 입원일수를 더하여 제6항을 적용합니다.

⑧ 제7항에도 불구하고 동일한 질병 또는 재해로 인한 입원이라도 입원급 여금이 지급된 최종 입원의 퇴원일부터 180일이 지난 후 개시한 입원은 새로운 입원으로 봅니다. 다만, 아래와 같이 입원급여금이 지급된 최종 입원일부터 180일이 경과하도록 퇴원 없이 계속 입원중인 경우에는 입원급여금이 지급된 최종입원일의 그 다음날을 퇴원일로 봅니다.",250212원문재검증(v3정화),v3-offline-0226,multi_evidence,False
110,LICO,암진단금은몇번받을수있나요?,"이 판매약관의 (간편)[기본]일반암진단특약의 경우, 회사는 특약보험기간 중 피보험자가 ""암"" 및 ""중증 갑상선암"" 보장개시일 이후 ""「여성유방암 및 전립선암」 이외의 암"" 또는 ""중증 갑상선암""으로 진단확정 되었을 때 약정한 암진단급여금을 지급하며, 최초 1회의 진단확정에 한합니다. 따라서 암진단급여금은 최초 1회만 받을 수 있습니다.",확정,"제2관 보험금의 지급

제2-2조 보험금의 지급사유

회사는 특약보험기간 중 피보험자가 ""암"" 및 ""중증 갑상선암"" 보장개시일 이후 ""「여성유방암 및 전립선암」 이외의 암"" 또는 ""중증 갑상선암""으로 진단확정 되었을 때에는 보험수익자에게 약정한 암진단급여금(<부표2-1> ""보험금 지급기준표"" 참조)을 지급합니다.(다만, 최초 1회의 진단확정에 한함)

제2-3조 보험금 지급에 관한 세부규정

① 특약보험료 납입기간 중 주계약의 보험료 납입이 면제된 경우 이 특약의 차회 이 후 보험료 납입을 면제합니다. 다만, 주계약의 보험료 납입 면제가 ""보험료의 납입을 면제하는 특약""에 의해 납입면제가 된 경우 그 ""보험료의 납입을 면제하는 특약""의 약관에서 정한 바를 따르며, 이 특약이 해당 약관의 「보험료납입면제대상계약」에 해당되지 않는 경우 보험료 납입면제가 되지 않습니다.",250212원문재검증(v3정화),v3-offline-0185,single_lookup,True
111,LICO,뇌출혈 수술안하고 약물치료만해도되나요?,"네, 가능합니다. (간편)[삭감없음용]뇌혈관질환진단특약의 뇌혈관질환 진단급여금은 특약보험기간 중 피보험자가 뇌혈관 질환으로 진단확정 되었을 때 지급되므로(다만, 최초 1회의 진단확정에 한함), 수술을 받지 않고 약물치료만 하여도 지급 대상입니다. 반면 (간편)뇌혈관질환수술특약은 피보험자가 ""뇌혈관질환""으로 진단확정되고, 특약보험기간 중 그 ""뇌혈관질환""의 직접적인 치료를 목적으로 수술을 받았을 때 뇌혈관질환수술급여금을 지급합니다.",확정,"1542

---

회사는 특약보험기간 중 피보험자가 ""뇌혈관질환""으로 진단확정되고, 특약보험기간 중 그 ""뇌혈관질환""의 직접적인 치료를 목적으로 수술을 받았을 때 보험수익자에게 약정한 뇌혈관질환수술급여금(<부표2-1> ""보험금 지급기준표"" 참조)을 지급합니다.(수술 1회당)

제2-3조 보험금 지급에 관한 세부규정

① 특약보험료 납입기간 중 주계약의 보험료 납입이 면제된 경우 이 특약의 차회 이후 보험료 납입을 면제합니다. 다만, 주계약의 보험료 납입 면제가 ""보험료의 납입을 면제하는 특약""에 의해 납입면제가 된 경우 그 ""보험료의 납입을 면제하는 특약""의 약관에서 정한 바를 따르며, 이 특약이 해당 약관의 「보험료납입면제대상계약」에 해당되지 않는 경우 보험료 납입면제가 되지 않습니다.
---
S

| 구분 | 지급사유 | 지급금액 |
|------|----------|----------|
| 뇌혈관질환 진단급여금 | 특약보험기간 중 피보험자가 뇌혈관 질환으로 진단확정 되었을 때 (다만, 최초 1회의 진단확정에 한함) | 특약보험가입금액의 100% |

주) 1. 「이 특약의 피보험자가 특약보험기간 중 사망하거나 이 특약의 보험금 지급사유가 더 이상 발생할 수 없는 경우」 또는 「주계약이 해지, 무효, 취소 또는 철회된 경우」 이 특약은 그때부터 효력이 없습니다.

2. 특약보험기간 중 피보험자의 사망으로 이 특약이 소멸하는 경우에는 계약자 적립액 등을 지급하지 않습니다.",250212원문재검증(v3정화),v3-offline-0076,multi_evidence,False
112,고객상담,재해골절 특약 치아파절 보장 가능한지 알려줘,"치아파절은 보장되지 않습니다. 이 특약에 있어서 ""재해골절(치아파절제외)""이라 함은 재해를 직접적인 원인으로 뼈의 구조상의 연속성이 완전하게 또는 불완전하게 끊어진 상태로서 ""재해골절(치아파절 제외) 분류표""에 해당하는 항목을 말합니다. 분류표상 두개골 및 안면골의 골절(치아파절 제외)은 S02(S02.5는 제외)로 되어 있어 치아파절(S02.5)은 제외됩니다.",확정,"| 5. 기타 긴뼈의 출산손상 | P13.3 |
| 6. 출산손상으로 인한 쇄골의 골절 | P13.4 |
| 7. 기타 골격 부분의 출산손상 | P13.8 |
| 8. 상세불명의 골격의 출산손상 | P13.9 |
| 9. 두개골 및 안면골의 골절(치아파절 제외) | S02(S02.5는 제외) |
| 10. 목의 골절 | S12 |
| 11. 늑골, 흉골 및 흉추의 골절 | S22 |
| 12. 요추 및 골반의 골절 | S32 |
| 13. 어깨 및 위팔의 골절 | S42 |
---
① 회사는 이 특약의 청약을 승낙하고 제1회 보험료를 받은 때부터 이 특 약의 약관이 정한 바에 따라 보장을 합니다. 또한, 회사가 청약과 함께 제1회 보험료를 받은 후 승낙한 경우에도 제1회 보험료를 받은 때부터 보장이 개시됩니다.

② 제1항에도 불구하고 제1-13조[보험료의 납입을 연체하여 해지된 특약의 부활(효력회복)]에 따라 이 특약을 부활(효력회복)하는 경우 이 특약의 보장개시일은 부활(효력회복)일로 합니다.

제2-1조의2 ""재해골절(치아파절 제외)""의 정의 및 진단확정

① 이 특약에 있어서 ""재해골절(치아파절제외)""이라 함은 재해를 직접적인 원인으로 뼈의 구조상의 연속성이 완전하게 또는 불완전하게 끊어진 상태로서 제8차 개정 한국표준질병·사인분류 중 <부표2-2> ""재해골절(치아파절 제외) 분류표""에 해당하는 항목을 말합니다.

# SHINHAN LIFE",250212원문재검증(v3정화),v3-offline-0240,multi_evidence,False
113,LICO,납입면제는언제부터적용되나요?,"특약보험료 납입기간 중 주계약의 보험료 납입이 면제된 경우 이 특약의 차회 이후 보험료 납입을 면제합니다. 다만, 보험료의 납입이 면제된 이후에 이 특약이 갱신되는 경우 갱신계약의 보험료를 납입하여야 합니다.",확정,"596

---

① 특약보험료 납입기간 중 주계약의 보험료 납입이 면제된 경우 이 특약의 차회 이후 보험료 납입을 면제합니다. 다만, 주계약의 보험료 납입면제가 ""보험료의 납입을 면제하는 특약""에 의해 납입면제가 된 경우 그 ""보험료의 납입을 면제하는 특약""의 약관에서 정한 바를 따르며, 이 특약이 해당 약관의 「보험료납입면제대상계약」에 해당되지 않는 경우 보험료 납입면제가 되지 않습니다.

② 제1항에 따라 보험료의 납입이 면제된 이후에 이 특약이 갱신되는 경우 갱신계약의 보험료를 납입하여야 합니다.

③ 특약보험기간 중 피보험자가 보장개시일 이후에 사망하고 그 후에 ""기타피부암"", ""중증이외 갑상선암"", ""제자리암"", ""경계성종양"", ""대장점막내암"" 또는 ""비침습방광암""을 직접적인 원인으로 사망한 사실이 확인된 경우, 그 사망일을 진단확정일로 하여 제2-2조(보험금의 지급사유)에 따른 소액암진단급여금을 지급합니다. 다만, 이미 지급된 계약자적립액이 있고, 제2-9조(특약의 소멸) 제1항 제3호에서 정한 소멸사유에 해당되는 경우에는 이미 지급된 계약자적립액을 차감한 금액을 지급합니다.",250212원문재검증(v3정화),v3-offline-0067,single_lookup,True
114,LICO,암이재발하면또받을수있나요?,"이 판매약관의 (간편)[기본]일반암진단특약의 경우, 회사는 특약보험기간 중 피보험자가 ""암"" 및 ""중증 갑상선암"" 보장개시일 이후 ""「여성유방암 및 전립선암」 이외의 암"" 또는 ""중증 갑상선암""으로 진단확정 되었을 때 약정한 암진단급여금을 지급하며, 다만 최초 1회의 진단확정에 한합니다. 따라서 이미 최초 1회의 진단확정으로 암진단급여금이 지급된 경우에는 재발로 다시 진단확정 되어도 다시 지급되지 않습니다.",확정,"제2관 보험금의 지급

제2-2조 보험금의 지급사유

회사는 특약보험기간 중 피보험자가 ""암"" 및 ""중증 갑상선암"" 보장개시일 이후 ""「여성유방암 및 전립선암」 이외의 암"" 또는 ""중증 갑상선암""으로 진단확정 되었을 때에는 보험수익자에게 약정한 암진단급여금(<부표2-1> ""보험금 지급기준표"" 참조)을 지급합니다.(다만, 최초 1회의 진단확정에 한함)

제2-3조 보험금 지급에 관한 세부규정

① 특약보험료 납입기간 중 주계약의 보험료 납입이 면제된 경우 이 특약의 차회 이 후 보험료 납입을 면제합니다. 다만, 주계약의 보험료 납입 면제가 ""보험료의 납입을 면제하는 특약""에 의해 납입면제가 된 경우 그 ""보험료의 납입을 면제하는 특약""의 약관에서 정한 바를 따르며, 이 특약이 해당 약관의 「보험료납입면제대상계약」에 해당되지 않는 경우 보험료 납입면제가 되지 않습니다.",250212원문재검증(v3정화),v3-offline-0177,single_lookup,True
115,챗봇,통합건강보험 ONE 허혈심장질환진단특약에서 진단코드 I20.90코드 보장 받을 수 있나요,"네, 보장받을 수 있습니다. 이 특약에 있어서 ""허혈심장질환""이라 함은 ""허혈심장질환 분류표""에 해당하는 항목을 말하며, 허혈심장질환 분류표상 협심증(분류 코드 I20)이 대상질병에 포함됩니다.",확정,"제2-1조의10 ""허혈심장질환""의 정의 및 진단확정

① 이 특약에 있어서 ""허혈심장질환""이라 함은 제8차 개정 한국표준질병·사인분류 중 <부표2-6> ""허혈심장질환 분류표""에 해당하는 항목을 말합니다.

② ""허혈심장질환""의 진단확정은 의료기관의 의사(치과의사 제외)에 의하여 내려져야 하며, 이 진단은 병력과 함께 심전도, 심장초음파, 관상동맥(심장동맥)촬영술, 혈액중 심장 효소검사, 핵의학 검사 등을 기초로 하여야 합니다. 그러나 피보험자가 사망하여 상기 검사방법을 진단의 기초로 할 수 없는 경우에 한하여 다음 각 호의 어느 하나에 해당하는 경우에는 제1호 또는 제2호를 진단확정의 기초로 할 수 있습니다.

1. 보험기간 중 ""허혈심장질환""으로 진단 또는 치료를 받고 있었음을 증명할 수 있는 문서화된 기록 또는 증거가 있는 경우

2. 부검감정서(검안서 제외)상 사인이 ""허혈심장질환""으로 확정되거나 추정되는 경우
---
약관에서 정한 ""허혈심장질환""으로 분류되는 질병은 제8차 개정 한국표준질병·사인분류(통계청 고시 제2020-175호, 2021. 1. 1 시행) 중 다음에 적은 대상질병을 말합니다.

| 대상 질병 명 | 분류 코드 |
| --- | --- |
| 협심증 | I20 |
| 급성심근경색증 | I21 |
| 후속심근경색증 | I22 |
| 급성심근경색증 후 특정 현존 합병증 | I23 |
| 기타 급성 허혈심장질환 | I24 |",250212원문재검증(v3정화),v3-offline-0286,multi_evidence,False
116,문서커버리지,해약환급금 미지급형 인공관절치환수술특약을 보험료 납입 중에 해지하면 환급금이 있나요?,없습니다. 해약환급금 미지급형은 보험료 납입기간 중 해지하면 해약환급금이 없습니다.,확정,"제2-11조 해약환급금

① 이 약관에 따른 해약환급금은 이 특약의 ""보험료 및 해약환급금 산출방법서""에 따라 계산합니다. 다만, ""해약환급금 미지급형""의 해약환급금은 다음과 같습니다.

""해약환급금 미지급형""의 경우 해약환급금 관련 유의사항

1. 이 특약의 ""해약환급금 미지급형""은 이 특약의 보험료 납입기간 중 해지될 경우 해약환급금이 없는 대신 ""일반형""보다 낮은 보험료로 동일한 보장을 받을 수 있도록 한 상품입니다.

2. 이 특약이 보험료 납입기간 중 해지될 경우 해약환급금이 없습니다.

3. 이 특약의 보험료 납입기간이 종료되었으나 납입하기로 한 보험료 총액의 납입이 완료되지 않고 해지될 경우 해약환급금이 없습니다. 다만, 보험료 납입기간이 종료되고 납입하기로 한 보험료 총액의 납입이 완료된 이후 특약이 해지되는 경우 해약환급금은 다음과 같이 계산한 금액으로 합니다.",기존3단계검수+250212원문재앵커링,v3-offline-0547,single_lookup,True
117,문서커버리지,(간편)항암약물치료특약의 항암약물치료급여금 지급액은 보험가입금액의 몇 %인가요?,"(간편)항암약물치료특약의 항암약물치료급여금은 ""암"", ""대장점막내암"" 또는 ""비침습방광암""의 경우 특약보험가입금액의 10%(다만, 계약일부터 1년 미만에 지급사유가 발생한 경우 ""특약보험가입금액의 5%""를 지급함), ""기타피부암"" 또는 ""갑상선암""의 경우 특약보험가입금액의 2%(다만, 계약일부터 1년 미만에 지급사유가 발생한 경우 ""특약보험가입금액의 1%""를 지급함)입니다.",확정,"| 항암약물치료급여금 | 특약보험기간 중 피보험자가 보장개시일(암의 경우 암보장개시일) 이후에 ""암"", ""대장점막내암"" 또는 ""비침습방광암""으로 진단확정 되고, 특약보험기간 중 그 ""암"", ""대장점막내암"" 또는 ""비침습방광암""의 직접적인 치료를 목적으로 ""항암약물치료""를 받았을 때(다만, 최초 1회에 한함) | 특약보험가입금액의 10%(다만, 계약일부터 1년 미만에 지급사유가 발생한 경우 ""특약보험가입금액의 5%""를 지급함) |
| | 특약보험기간 중 피보험자가 보장개시일 이후에 ""기타피부암"" 또는 ""갑상선암""으로 진단확정 되고, 특약보험기간 중 그 ""기타피부암"" 또는 ""갑상선암""의 직접적인 치료를 목적으로 ""항암약물치료""를 받았을 때(다만, ""기타피부암"", ""갑상선암"" 각각 최초 1회에 한함) | 특약보험가입금액의 2%(다만, 계약일부터 1년 미만에 지급사유가 발생한 경우 ""특약보험가입금액의 1%""를 지급함) |",250212원문재검증(v3정화),v3-offline-0416,single_lookup,True
118,문서커버리지,[50%이상장해형] 6대질병장해특약에서 장해급여금을 받으려면 어떤 질병으로 인한 장해여야 하고 장해지급률은 몇 % 이상이어야 하나요?,"피보험자에게 다음의 사유가 발생한 경우(다만, 최초 1회에 한함) 1. 특약보험기간 중 피보험자가 보장개시일(""암""의 경우 암보장개시일) 이후에 ""암, 기타피부암, 갑상선암, 대장점막내암 및 비침습방광암""으로 진단확정되고, 그 ""암, 기타피부암, 갑상선암, 대장점막내암 및 비침습방광암""을 직접적인 원인으로 특약보험기간 중 장해분류표(<부표2-4> 참조)에서 정한 장해지급률 중 50%이상에 해당하는 장해상태가 되었을 때 2. 특약보험기간 중 피보험자가 보장개시일 이후에 ""제자리암"", ""경계성종양"", ""뇌혈관질환"", ""허혈심장질환"", ""간질환"", ""폐질환"", ""신장질환""을 직접적인 원인으로 특약보험기간 중 장해분류표(<부표2-4> 참조)에서 정한 장해지급률 중 50%이상에 해당하는 장해상태가 되었을 때",확정,"| (50%이상)<br>6대질병<br>장해급여금 | 간편<br>심사형 | 피보험자에게 다음의 사유가 발생한 경우(다만, 최초 1회에 한함)<br>1. 특약보험기간 중 피보험자가 보장개시일(""암""의 경우 암보장개시일) 이후에 ""암, 기타피부암, 갑상선암, 대장점막내암 및 비침습방광암""으로 진단확정되고, 특약보험기간 중 그 ""암, 기타피부암, 갑상선암, 대장점막내암 및 비침습방광암""을 직접적인 원인으로 장해분류표(<부표2-4> 참조)에서 정한 장해지급률 중 50%이상에 해당하는 장해상태가 되었을 때<br>2. 특약보험기간 중 피보험자가 보장개시일 이후에 ""제자리암"", ""경계성종양"", ""뇌혈관질환"", ""허혈심장질환"", ""간질환"", ""폐질환"", ""신장질환""을 직접적인 원인으로 장해분류표(<부표2-4> 참조)에서 정한 장해지급률 중 50%이상에 해당하는 장해상태가 되었을 때 |",기존3단계검수+250212원문재앵커링,v3-offline-0458,single_lookup,True
119,문서커버리지,대상포진과 통풍 중 하나만 골라서 가입할 수 있나요?,"아닙니다. 대상포진 보장계약과 통풍 보장계약을 동시에 체결해야 하고, 두 계약의 보험가입금액도 같아야 합니다.",확정,"제2-1조의4 보장계약 등의 정의

이 특약은 제2-2조(보험금의 지급사유)에서 정하는 보장종류에 따라 ""대상 포진 보장계약"", ""통풍 보장계약""으로 이루어집니다. 계약자는 각 보장계약을 동시에 체결하여야 하며, 각각의 보장계약의 보험가입금액은 동일하여야 합니다. (이하 각 보장계약을 합하여 ""특약""이라 합니다)

1. 대상포진 보장계약: 특약보험기간 중 피보험자가 제2-2조(보험금의 지급사유)에서 정한 대상포진진단급여금을 보장받기 위한 계약

2. 통풍 보장계약: 특약보험기간 중 피보험자가 제2-2조(보험금의 지급사유)에서 정한 통풍진단급여금을 보장받기 위한 계약

※ 각 보장계약별 보장내용, 유지, 감액 등이 다르므로 각 조항을 꼭 확인하시기 바랍니다.

제2관 보험금의 지급",기존3단계검수+250212원문재앵커링,v3-offline-0485,single_lookup,False
120,문서커버리지,보험금을 청구할 때 기본적으로 어떤 서류를 준비해야 하나요?,"기본적으로 청구서(회사양식), 사고증명서[종합병원에서 발급한 진단서(병명 및 분류코드 기입), 각종사고 증명서류 등], 신분증(주민등록증이나 운전면허증 등 사진이 부착된 정부기관 발행 신분증)을 제출하고 보험금을 청구하여야 합니다. 이 외에 피보험자 및 지정대리청구인의 가족관계등록부(가족관계증명서) 및 주민등록등본, 기타 보험금 등의 수령에 필요하여 제출하는 서류가 있습니다.",확정,"① 피보험자 또는 제16조(보험금 대리청구인의 지정) 제1항에서 정의한 대리청구인은 이 특약의 보험기간 중에 회사가 정하는 방법에 따라 다음의 서류 중 해당서류를 제출하고 보험금을 청구하여야 합니다.

1. 청구서 (회사양식)

2. 사고증명서 [종합병원에서 발급한 진단서(병명 및 분류코드 기입), 각종사고 증명서류 등]

3. 신분증(주민등록증이나 운전면허증 등 사진이 부착된 정부기관 발행 신분증)

4. 피보험자 및 지정대리청구인의 가족관계등록부(가족관계증명서) 및 주민등록등본

5. 기타 피보험자 또는 대리청구인이 보험금 등의 수령에 필요하여 제출하는 서류",250212원문재검증(v3정화),v3-offline-0490,single_lookup,True
121,문서커버리지,(간편)급여특정NGS유전자패널검사지원특약의 급여 특정NGS 유전자패널 검사 지원급여금은 가입 후 1년 안에 사유가 발생한 경우와 1년 이후의 지급률이 어떻게 다른가요?,"특약보험가입금액의 1% (다만, 최초계약의 계약일부터 1년 미만에 지급사유가 발생한 경우 ""특약보험가입금액의 0.5%""를 지급함)",확정,"| 급여<br>특정NGS<br>유전자패널<br>검사<br>지원급여금 | 특약보험기간 중 피보험자가 보장개시일 (""암""의 경우 암보장개시일) 이후 암, 기타피부암, 갑상선암, 대장점막내암 또는 비침습방광암으로 진단이 확정되고, 특약보험기간 중 그 암, 기타피부암, 갑상선암, 대장점막내암 또는 비침습방광암의 치료 또는 진행여부 확인을 위한 필요소견을 토대로 ""급여 특정NGS 유전자패널 검사""를 받았을 때(다만, 연간 1회에 한함) | 특약보험가입금액의 1% (다만, 최초계약의 계약일부터 1년 미만에 지급사유가 발생한 경우 ""특약보험가입금액의 0.5%""를 지급함) |",기존3단계검수+250212원문재앵커링,v3-offline-0403,single_lookup,True
122,문서커버리지,"(간편)암주요치료비특약의 암, 대장점막내암 및 비침습방광암 주요치료급여금 지급액은 보험가입금액의 몇 %인가요?",특약보험가입금액의 100%,확정,"| 암, 대장점막내암 및 비침습방광암 주요치료급여금 | 특약보험기간 중 피보험자가 보장개시일(""암""의 경우 암보장개시일) 이후에 「암, 대장점막내암 또는 비침습방광암」으로 최초 진단확정 되고, ""암, 대장점막내암 및 비침습방광암 보험금 지급기간"" 이내에 「암, 대장점막내암 또는 비침습방광암」의 직접적인 치료를 목적으로 ""암, 대장점막내암 및 비침습방광암 주요치료""를 받았을 때 [다만, 최초 진단확정일로부터「암, 대장점막내암 또는 비침습방광암」의 주요치료를 합하여 최대 10년간, 연간 1회에 한하여 지급함(최대 10회지급)] | 특약보험가입금액의 100% |",250212원문재검증(v3정화),v3-offline-0415,single_lookup,True
123,문서커버리지,"(간편)암주요치료비특약의 암, 대장점막내암 및 비침습방광암 주요치료급여금은 최대 몇 년간, 연간 몇 회, 최대 몇 회까지 지급되나요?","최초 진단확정일로부터 「암, 대장점막내암 또는 비침습방광암」의 주요치료를 합하여 최대 10년간, 연간 1회에 한하여 지급하며 최대 10회까지 지급합니다.",확정,"| 암, 대장점막내암 및 비침습방광암 주요치료급여금 | 특약보험기간 중 피보험자가 보장개시일(""암""의 경우 암보장개시일) 이후에 「암, 대장점막내암 또는 비침습방광암」으로 최초 진단확정 되고, ""암, 대장점막내암 및 비침습방광암 보험금 지급기간"" 이내에 「암, 대장점막내암 또는 비침습방광암」의 직접적인 치료를 목적으로 ""암, 대장점막내암 및 비침습방광암 주요치료""를 받았을 때 [다만, 최초 진단확정일로부터「암, 대장점막내암 또는 비침습방광암」의 주요치료를 합하여 최대 10년간, 연간 1회에 한하여 지급함(최대 10회지급)] | 특약보험가입금액의 100% |",250212원문재검증(v3정화),v3-offline-0425,single_lookup,True
124,문서커버리지,암세포가 없는 상태에서 면역력을 높이려고 약을 맞은 것도 항암약물치료에 포함되나요?,"포함되지 않습니다. 암의 직접적인 치료를 목적으로 항암화학요법 또는 항암면역요법으로 항암약물을 투여한 경우를 말하며, 암세포가 없을 때 면역력만 높이는 약물치료는 제외됩니다.",확정,"제2-1조의7 ""항암약물치료""의 정의

이 특약에 있어서 ""항암약물치료""라 함은 의료법 제3조(의료기관)에서 규정(<별첨1> 참조)한 해당 진료과목의 전문의 자격증을 가진 자가 피보험자의 '암, 대장점막내암 또는 비침습방광암' 또는 '기타피부암 또는 갑상선암'의 직접적인 치료를 목적으로 항암화학요법 또는 항암면역요법에 의해 항암약물을 투여하여 치료하는 것을 말합니다. 다만, 항암면역요법이란 면역기전을 이용해서 암세포를 제거하는 치료를 말하며, 암세포가 없는 상태에서 면역력을 증가시키는 약물치료는 제외됩니다.
---
※「이 특약의 피보험자가 특약보험기간 중 사망하였을 경우」 또는 「주계약이 해지, 무효, 취소 또는 철회된 경우」 이 특약은 그때부터 효력이 없습니다.

※ 특약보험기간 중 피보험자의 사망으로 이 특약이 소멸하는 경우에는 계약자적립액 등을 지급하지 않습니다.

※ 이 약관에서 ""급여수술""이라 함은 각 보장계약별 보험금 지급사유에 해당하는 질병 및 재해[""3대질병"", ""14대질병"", ""17대심한상해"", ""10대양성종양및26대생활질병""]의 직접적인 치료를 목적으로 필요하다고 인정된 경우로서 의료기관에서 의사의 관리하에 ""신수술 분류표""(<부표2-2> 참조)에서 정한 수술코드에 해당하는 행위를 받는 경우를 말합니다.

※ ""수술코드""란 「국민건강보험법」에서 정한 요양급여 또는 「의료급여법」에서 정한 의료급여 절차를 거쳐 수술항목에서 급여항목이 발생하고, ""한국형 진단명기준환 자군(Korean Diagnosis Related Group, KDRG)"" 분류체계에 따라 부여된 ""ADRG(Adjacent DRG)"" 중 회사가 정한 코드를 말합니다.

※ 약관상 ""급여수술""의 정의에 포함되지 않는 ""수술코드""에 해당하는 행위의 경우 보험금을 지급하지 않습니다.",기존3단계검수+250212원문재앵커링,v3-offline-0508,multi_evidence,False
125,문서커버리지,(간편)표적항암약물허가치료특약의 표적항암약물허가치료급여금은 가입 후 1년 안에 사유가 발생한 경우와 1년 이후의 지급률이 어떻게 다른가요?,"특약보험가입금액의 100%(다만, 최초계약의 계약일부터 1년 미만에 지급사유가 발생한 경우 ""특약보험가입금액의 50%""를 지급함)",확정,"| 표적항암약물허가치료금여금 | 특약보험기간 중 피보험자가 보장개시일(""암""의 경우 암보장개시일) 이후에 ""암"", ""기타피부암"", ""갑상선암"", ""대장점막내암"" 또는 ""비침습방광암""으로 진단확정 되고, 특약보험기간 중 그 ""암"", ""기타피부암"", ""갑상선암"", ""대장점막내암"" 또는 ""비침습방광암""의 직접적인 치료를 목적으로 ""표적항암약물허가치료""를 받았을 때 (다만, 최초 1회에 한함) | 특약보험가입금액의 100%(다만, 최초계약의 계약일부터 1년 미만에 지급사유가 발생한 경우 ""특약보험가입금액의 50%""를 지급함) |",기존3단계검수+250212원문재앵커링,v3-offline-0444,single_lookup,True
126,문서커버리지,(간편)항암양성자방사선치료특약의 항암양성자 방사선 치료급여금은 가입 후 1년 안에 사유가 발생한 경우와 1년 이후의 지급률이 어떻게 다른가요?,"특약보험가입금액의 100% (다만, 최초계약의 계약일부터 1년 미만에 지급사유가 발생한 경우 ""특약보험가입금액의 50%""를 지급함)",확정,"| 항암양성자 방사선 치료급여금 | 특약보험기간 중 피보험자가 보장개시일 (""암""의 경우 암보장개시일) 이후에 ""암"", ""기타피부암"", ""갑상선암"", ""대장점막내암"" 또는 ""비침습방광암""으로 진단확정 되고, 특약보험기간 중 그 ""암"", ""기타피부암"", ""갑상선암"", ""대장점막내암"" 또는 ""비침습방광암""의 직접적인 치료를 목적으로 ""항암양성자방사선치료""를 받았을 때 (다만, 최초 1회에 한함) | 특약보험가입금액의 100% (다만, 최초계약의 계약일부터 1년 미만에 지급사유가 발생한 경우 ""특약보험가입금액의 50%""를 지급함) |",기존3단계검수+250212원문재앵커링,v3-offline-0446,single_lookup,True
127,문서커버리지,항암양성자방사선치료급여금의 지급 대상 암과 지급 횟수 한도는 어떻게 되나요?,"특약보험기간 중 피보험자가 보장개시일 (""암""의 경우 암보장개시일) 이후에 ""암"", ""기타피부암"", ""갑상선암"", ""대장점막내암"" 또는 ""비침습방광암""으로 진단확정 되고, 그 ""암"", ""기타피부암"", ""갑상선암"", ""대장점막내암"" 또는 ""비침습방광암""의 직접적인 치료를 목적으로 특약보험기간 중 ""항암양성자방사선치료""를 받았을 때 (다만, 최초 1회에 한함)",확정,"| 항암양성자 방사선 치료급여금 | 특약보험기간 중 피보험자가 보장개시일 (""암""의 경우 암보장개시일) 이후에 ""암"", ""기타피부암"", ""갑상선암"", ""대장점막내암"" 또는 ""비침습방광암""으로 진단확정 되고, 특약보험기간 중 그 ""암"", ""기타피부암"", ""갑상선암"", ""대장점막내암"" 또는 ""비침습방광암""의 직접적인 치료를 목적으로 ""항암양성자방사선치료""를 받았을 때 (다만, 최초 1회에 한함) | 특약보험가입금액의 100% (다만, 최초계약의 계약일부터 1년 미만에 지급사유가 발생한 경우 ""특약보험가입금액의 50%""를 지급함) |",기존3단계검수+250212원문재앵커링,v3-offline-0546,single_lookup,True
128,문서커버리지,"(간편)뇌혈관·허혈심장질환주요치료비특약의 ""뇌혈관질환 또는 허혈심장질환"" 주요치료급여금 지급액은 보험가입금액의 몇 %인가요?",특약보험가입금액의 100%,확정,"| ""뇌혈관질환 또는 허혈심장질환"" 주요치료급여금 | 특약보험기간 중 피보험자가 ""뇌혈관질환 또는 허혈심장질환""으로 최초 진단확정 되고, ""보험금 지급기간"" 이내에 ""뇌혈관질환 또는 허혈심장질환""의 직접적인 치료를 목적으로 ""뇌혈관질환 또는 허혈심장질환 주요치료""를 받았을 때<br>[다만, 최초 진단확정일로부터 ""뇌혈관질환 또는 허혈심장질환 주요치료""를 합하여 최대 10년간, 연간 1회에 한하여 지급함(최대 10회 지급)] | 특약보험가입금액의 100% |",250212원문재검증(v3정화),v3-offline-0419,single_lookup,True
129,문서커버리지,"특정항암호르몬약물허가치료급여금은 어떤 경우에 지급되며, 몇 회까지 받을 수 있나요?","특정항암호르몬약물허가치료급여금은 특약보험기간 중 피보험자가 보장개시일(""암""의 경우 암보장개시일) 이후에 ""암"", ""대장점막내암"" 또는 ""비침습방광암""으로 진단확정 되고, 특약보험기간 중 그 ""암"", ""대장점막내암"" 또는 ""비침습방광암""의 직접적인 치료를 목적으로 ""특정항암호르몬약물허가치료""를 받았을 때 지급되며, 최초 1회에 한합니다. 또한 이 급여금은 ""특정항암호르몬치료제""를 식품의약품안전처에서 허가된 ‘효능효과’ 범위 내에서 사용된 경우에 한하여 보장합니다.",확정,"| 구분 | 지급사유 | 지급금액 |
| --- | --- | --- |
| 특정항암호르몬약물허가치료급여금 | 특약보험기간 중 피보험자가 보장개시일(""암""의 경우 암보장개시일) 이후에 ""암"", ""대장점막내암"" 또는 ""비침습방광암""으로 진단확정 되고, 특약보험기간 중 그 ""암"", ""대장점막내암"" 또는 ""비침습방광암""의 직접적인 치료를 목적으로 ""특정항암호르몬약물허가치료""를 받았을 때 (다만, 최초 1회에 한함) | 특약보험가입금액의 10% (다만, 최초계약의 계약일부터 1년 미만에 지급사유가 발생한 경우 ""특약보험가입금액의 5%""를 지급함) |

※ 1년 미만 : 최초계약의 계약일부터 1년이 되는 시점의 계약해당일의 전날까지

주) 1. ""기타피부암"" 및 ""갑상선암""의 직접적인 치료를 목적으로 ""특정항암호르몬약물 허가치료""를 받았을 때는 상기 보험금 지급사유에 해당하지 않습니다.

2. “특정항암호르몬약물허가치료급여금”은 “특정항암호르몬치료제”를 식품의약품안전처에서 허가된 ‘효능효과’ 범위 내에서 사용된 경우에 한하여 보장합니다. 다만, 식품의약품안전처에서 허가된 ‘효능효과’ 범위 외 사용이지만, ‘암질환심의위원회’를 거쳐 건강보험심사평가원(향후 제도변경 시에는 동기관과 동일한 기능을 수행하는 기관)이 승인한 요법(다만, 해당 의약품의 사용을 신청 또는 신고한 요양기관에 한합니다.)으로 사용된 경우에는 보장합니다. 향후 식품의약품안전처 ‘효능효과’ 허가 기준이 변경되는 경우에는 투약 처방 시점의 식품의약품안전처 기준을 적용합니다.

3. “특정항암호르몬약물허가치료를 받았을 때”는 “특정항암호르몬치료제”를 처방받고 약물이 투여되었을 때를 말하며, 최초처방일자를 기준으로 합니다. 다만, 제2-1조의7(“특정항암호르몬치료제” 및 “특정항암호르몬약물허가치료”의 정의)에서 정한 “안전성과 유효성 인정 범위”가 변경(추가 또는 삭제)된 경우에는 변경된 “안전성과 유효성 인정 범위” 적용 후 최초로 도래하는 처방일자를 기준으로 합니다.",250212원문재검증(v3정화),v3-offline-0506,single_lookup,True
130,문서커버리지,(간편)급여주요뇌심장질환특정재활치료특약의 [전문재활] 급여주요뇌심장질환특정재활치료급여금은 가입 후 1년 안에 사유가 발생한 경우와 1년 이후의 지급률이 어떻게 다른가요?,"특약보험가입금액의 1% (다만, ""간편심사형""에 한하여 최초계약의 계약일부터 1년 미만에 지급사유가 발생한 경우 ""특약보험가입금액의 0.5%""를 지급함)",확정,"| [전문재활] 급여주요뇌심장질환특정재활치료급여금 | 특약보험기간 중 피보험자가 주요뇌심장질환으로 진단확정 되고, 특약보험기간 중 그 주요뇌심장질환의 치료를 목적으로 급여 주요뇌심장질환특정재활치료(전문재활치료 및 기타이학요법)를 받았을 때 (다만, 1일 1회, 연간 30회에 한함) | 특약보험가입금액의 1% (다만, ""간편심사형""에 한하여 최초계약의 계약일부터 1년 미만에 지급사유가 발생한 경우 ""특약보험가입금액의 0.5%""를 지급함) |",기존3단계검수+250212원문재앵커링,v3-offline-0402,single_lookup,True
131,문서커버리지,(간편)급여주요뇌심장질환특정재활치료특약의 [단순재활] 급여주요뇌심장질환특정재활치료급여금은 가입 후 1년 안에 사유가 발생한 경우와 1년 이후의 지급률이 어떻게 다른가요?,"특약보험가입금액의 0.5% (다만, ""간편심사형""에 한하여 최초계약의 계약일부터 1년 미만에 지급사유가 발생한 경우 ""특약보험가입금액의 0.25%""를 지급함)",확정,"| [단순재활] 급여주요뇌심장질환특정재활치료급여금 | 특약보험기간 중 피보험자가 주요뇌심장질환으로 진단확정 되고, 특약보험기간 중 그 주요뇌심장질환의 치료를 목적으로 급여 주요뇌심장질환특정재활치료(단순재활치료)를 받았을 때 (다만, 1일 1회, 연간 30회에 한함) | 특약보험가입금액의 0.5% (다만, ""간편심사형""에 한하여 최초계약의 계약일부터 1년 미만에 지급사유가 발생한 경우 ""특약보험가입금액의 0.25%""를 지급함) |",기존3단계검수+250212원문재앵커링,v3-offline-0401,single_lookup,True
132,문서커버리지,납입면제 조건이 이미 발생한 뒤에도 납입면제특약만 따로 해지할 수 있나요?,"원칙적으로 특약은 소멸 전에 해지할 수 있지만, 납입면제 사유가 발생한 후에는 주계약을 해지하는 경우에만 해지할 수 있습니다.",확정,"제2-10조 계약자의 임의해지

① 계약자는 이 특약이 소멸하기 전에 언제든지 이 특약을 해지할 수 있으며, 이 경우 회사는 제2-11조(해약환급금) 제1항에 따른 해약환급금을 계약자에게 지급합니다. 다만, 제2-2조의2(보험료 납입면제사유)에서 정하는 보험료납입면제사유가 발생한 이후에는 주계약을 해지하는 경우에 한하여 해지할 수 있습니다.

② 제1항에 따라 특약이 해지된 경우에는 보험증권의 뒷면에 기재하여 드립니다.",기존3단계검수+250212원문재앵커링,v3-offline-0479,single_lookup,True
133,문서커버리지,(간편)급여주요뇌심장질환특정재활치료특약의 [기본물리] 급여주요뇌심장질환특정재활치료급여금은 가입 후 1년 안에 사유가 발생한 경우와 1년 이후의 지급률이 어떻게 다른가요?,"특약보험가입금액의 0.2% (다만, ""간편심사형""에 한하여 최초계약의 계약일부터 1년 미만에 지급사유가 발생한 경우 ""특약보험가입금액의 0.1%""를 지급함)",확정,"| [기본물리] 급여주요뇌심장질환특정재활치료급여금 | 특약보험기간 중 피보험자가 주요뇌심장질환으로 진단확정 되고, 특약보험기간 중 그 주요뇌심장질환의 치료를 목적으로 급여 주요뇌심장질환특정재활치료(기본물리치료)를 받았을 때 (다만, 1일 1회, 연간 30회에 한함) | 특약보험가입금액의 0.2% (다만, ""간편심사형""에 한하여 최초계약의 계약일부터 1년 미만에 지급사유가 발생한 경우 ""특약보험가입금액의 0.1%""를 지급함) |",기존3단계검수+250212원문재앵커링,v3-offline-0400,single_lookup,True
134,문서커버리지,"질병수술(백내장및대장용종제외)특약은 어떤 수술을 보장하며, 동일 질병으로 여러 번 수술하면 매번 지급되나요?","이 특약에 있어서 ""수술""이라 함은 의사에 의하여 ""질병분류표Ⅱ(백내장 및 대장용종 제외)""에서 정하는 질병의 직접적인 치료를 목적으로 필요하다고 인정된 경우로서 의료기관에서 의사의 관리 하에 기구를 사용하여 생체에 절단, 절제 등의 조작을 가하는 것을 말합니다. 다만, 흡인, 천자 등의 조치 및 신경 BLOCK(신경의 차단), 미용 성형상의 수술, 피임 목적의 수술, 피임 및 불임술 후 가임목적의 수술, 검사 및 진단을 위한 수술은 ""수술""에서 제외됩니다. 또한 동일한 질병을 직접적인 원인으로 두 종류 이상의 수술을 받은 경우에는 1회의 질병수술(백내장 및 대장 용종 제외)급여금만 지급합니다. 다만, 수술을 받고 365일이 경과한 후 동일한 질병으로 새로운 수술을 받은 경우에는 다른 질병으로 간주하고 보험금을 지급하며, 동일한 질병이란 한국표준질병·사인분류상의 분류번호(3자리)가 같은 질병을 말합니다.",확정,"(주) 산출기초율 : 계약체결비용, 계약관리비용, 이율 및 위험률 등

제2-1조의3 ""수술""의 정의와 장소

이 특약에 있어서 ""수술""이라 함은 의사에 의하여 ""질병분류표Ⅱ(백내장 및 대장용종 제외)""(<부표2-2> 참조)에서 정하는 질병(이하 ""질병""이라 합니다)의 직접적인 치료를 목적으로 필요하다고 인정된 경우로서 의료기관에서 의사의 관리 하에 기구를 사용하여 생체(生體)에 절단(切斷, 특정부위를 잘라내는 것), 절제(切除, 특정부위를 잘라 없애는 것) 등의 조작을 가하는 것[보건복지부 산하 신의료기술평가위원회(향후 제도 변경 시에는 동위원회와 동일한 기능을 수행하는 기관)로부터 안전성과 치료효과를 인정 받은 최신 수술기법도 포함됩니다]을 말합니다.

다만, 흡인(吸 引, 주사기 등으로 발아들이는 것), 천자(穿 刺, 바늘 또는 관을 꽂아 체액·조직을 봅아내거나 약물을 주입하는 것) 등의 조치 및 신경(神經) BLOCK(신경의 차단), 미용 성형상의 수술, 피임(避妊) 목적의 수술, 피임 및 불임술 후 가임목적의 수술, 검사 및 진단을 위한 수술[생검(生檢), 복강경 검사(腹 腔鏡檢査) 등]은 ""수술""에서 제외됩니다.

신의료기술평가위원회
---
③ 제2-2조(보험금의 지급사유)의 경우, 동일한 질병을 직접적인 원인으로 두 종류 이상의 수술을 받은 경우에는 1회의 질병수술(백내장 및 대장 용종 제외)급여금만 지급합니다. 다만, 보험금 지급사유에 해당하는 수술을 받고 365일이 경과한 후 동일한 질병으로 새로운 수술을 받은 경우에는 다른 질병으로 간주하고 제2-2조(보험금의 지급사유)에 따라 보험금을 지급합니다. 이 때, 동일한 질병이란 한국표준질병·사인분류상의 분류번호(3자리)가 같은 질병을 말합니다.",250212원문재검증(v3정화),v3-offline-0529,multi_evidence,False
135,문서커버리지,(간편)[기본]남녀특정암진단특약의 여성유방암진단급여금 지급률이 가입 경과기간에 따라 달라지나요? 구간별로 알려주세요.,"네, 달라집니다. 최초계약의 계약일부터 2년 미만:특약보험가입금액의 50%이며 최초계약의 계약일부터 2년 이상 4년 미만:특약보험가입금액의 75%이고 최초계약의 계약일부터 4년 이상:특약보험가입금액의 100%입니다. 갱신계약은 특약보험가입금액의 100%입니다.",확정,"| 여성유방암진단급여금 | 특약보험기간 중 피보험자가 암보장개시일 이후에 ""여성유방암""으로 진단확정 되었을 때(다만, 최초 1회의진단확정에 한함) | - 최초계약의 계약일부터 2년 미만:특약보험가입금액의 50% - 최초계약의 계약일부터 2년 이상 4년 미만:특약보험가입금액의 75% - 최초계약의 계약일부터 4년 이상:특약보험가입금액의 100% - 갱신계약:특약보험가입금액의 100% - 최초계약의 계약일부터 2년 미만:특약보험가입금액의 50% - 최초계약의 계약일부터 2년 이상 4년 미만:특약보험가입금액의 75% - 최초계약의 계약일부터 4년 이상:특약보험가입금액의 100% - 갱신계약:특약보험가입금액의 100% |",250212원문재검증(v3정화),v3-offline-0375,single_lookup,True
136,문서커버리지,(간편)[기본]일반암진단특약의 암진단급여금은 가입 후 1년 안에 사유가 발생한 경우와 1년 이후의 지급률이 어떻게 다른가요?,"특약보험가입금액의 100% (다만, 계약일부터 1년 미만에 지급사유가 발생한 경우 ""특약보험가입금액의 50%""를 지급함)",확정,"| 암진단 급여금 | 특약보험기간 중 피보험자가 ""암"" 및 ""중증 갑상선암"" 보장개시일 이후에 ""여성유방암 및 전립선암, 이외의 암"" 또는 ""중증 갑상선암""으로 진단확정 되었을 때 (다만, 최초 1회의 진단확정에 한함) | 특약보험가입금액의 100% (다만, 계약일부터 1년 미만에 지급사유가 발생한 경우 ""특약보험가입금액의 50%""를 지급함) |

※ 1년 미만 : 계약일부터 1년이 되는 시점의 계약해당일의 전날까지",250212원문재검증(v3정화),v3-offline-0377,single_lookup,True
137,문서커버리지,(간편)[기본]남녀특정암진단특약의 전립선암진단급여금 지급률이 가입 경과기간에 따라 달라지나요? 구간별로 알려주세요.,"네, 달라집니다. 계약일부터 2년 미만: 특약보험가입금액의 50%가 지급되고 계약일부터 2년 이상 4년 미만: 특약보험가입금액의 75%가 지급되며 계약일부터 4년 이상: 특약보험가입금액의 100%가 지급됩니다.",확정,"| 전립선암진단급여금 | 특약보험기간 중 피보험자가암보장개시일 이후에 ""전립선암""으로 진단확정 되었을 때(다만, 최초 1회의 진단확정에한함) | - 계약일부터 2년 미만: 특약보험가입금액의 50%<br>- 계약일부터 2년 이상 4년 미만: 특약보험가입금액의 75%<br>- 계약일부터 4년 이상: 특약보험가입금액의 100% |

※ 2년 미만 : 계약일부터 2년이 되는 시점의 계약해당일의 전날까지",250212원문재검증(v3정화),v3-offline-0378,single_lookup,True
138,문서커버리지,(간편)암수술특약의 암수술급여금은 가입 후 1년 안에 사유가 발생한 경우와 1년 이후의 지급률이 어떻게 다른가요?,"【수술 1회당】 특약보험가입금액의 10% (다만, 계약일부터 1년 미만에 지급사유가 발생한 경우 ""특약보험가입금액의 5%""를 지급함)",확정,"| 암수술 급여금 | 특약보험기간 중 피보험자가 보장개시일(암의 경우 암보장개시일) 이후에 ""암"", ""대장점막내암"" 또는 ""비침습방광암""으로 진단확정 되고, 특약보험기간 중 그 ""암"", ""대장점막내암"" 또는 ""비침습방광암""의 직접적인 치료를 목적으로 수술을 받았을 때 | 【수술 1회당】 특약보험가입금액의 10% (다만, 계약일부터 1년 미만에 지급사유가 발생한 경우 ""특약보험가입금액의 5%""를 지급함) |",기존3단계검수+250212원문재앵커링,v3-offline-0423,single_lookup,True
139,문서커버리지,(간편)[기본]소액암진단특약의 소액암 진단급여금은 가입 후 1년 안에 사유가 발생한 경우와 1년 이후의 지급률이 어떻게 다른가요?,"특약보험가입금액의 100% (다만, 최초계약의 계약일부터 1년 미만에 지급사유가 발생한 경우 특약보험가입금액의 50%를 지급함)",확정,"| 소액암진단급여금 | 특약보험기간 중 피보험자가 보장개시일 이후에 ""기타피부암"", ""중증이외갑상선암"", ""제자리암"", ""경계성종양"", ""대장점막내암"" 또는 ""비침습방광암""으로 진단확정 되었을 때 (다만, 각각 최초1회의 진단확정에 한함) | 특약보험가입금액의 100% (다만, 최초계약의 계약일부터 1년 미만에 지급사유가 발생한 경우 특약보험가입금액의 50%를 지급함) |",기존3단계검수+250212원문재앵커링,v3-offline-0370,single_lookup,True
140,문서커버리지,"급여 특정NGS 유전자패널 검사 지원급여금의 지급 대상 질병과 검사 목적, 연간 지급 횟수는 어떻게 되나요?","특약보험기간 중 피보험자가 보장개시일 (""암""의 경우 암보장개시일) 이후 암, 기타피부암, 갑상선암, 대장점막내암 또는 비침습방광암으로 진단이 확정되고, 그 암, 기타피부암, 갑상선암, 대장점막내암 또는 비침습방광암의 치료 또는 진행여부 확인을 위한 필요소견을 토대로 특약보험기간 중 ""급여 특정NGS 유전자패널 검사""를 받았을 때(다만, 연간 1회에 한함)",확정,"| 급여<br>특정NGS<br>유전자패널<br>검사<br>지원급여금 | 특약보험기간 중 피보험자가 보장개시일 (""암""의 경우 암보장개시일) 이후 암, 기타피부암, 갑상선암, 대장점막내암 또는 비침습방광암으로 진단이 확정되고, 특약보험기간 중 그 암, 기타피부암, 갑상선암, 대장점막내암 또는 비침습방광암의 치료 또는 진행여부 확인을 위한 필요소견을 토대로 ""급여 특정NGS 유전자패널 검사""를 받았을 때(다만, 연간 1회에 한함) | 특약보험가입금액의 1% (다만, 최초계약의 계약일부터 1년 미만에 지급사유가 발생한 경우 ""특약보험가입금액의 0.5%""를 지급함) |",기존3단계검수+250212원문재앵커링,v3-offline-0468,single_lookup,True
141,문서커버리지,"중증질환자[암] 산정특례대상 보장급여금은 진단만 받으면 지급되나요, 아니면 산정특례 신규 등록까지 해야 하나요?","중증질환자[암] 산정특례대상 보장급여금은 단순히 진단만 받았다고 지급되지 않으며, 진단확정 후 해당 질병을 직접적인 원인으로 산정특례 신규 등록까지 완료되어야 지급됩니다.",확정,"| 중증질환자[암] 산정특례대상 보장급여금 | 특약보험기간 중 피보험자가 중증질환자[암]산정특례대상보장개시일 이후에 “중증질환자[암] 본인일부부담금 산정특례 대상 질병”으로 진단확정되고, 특약보험기간 중 그 “중증질환자[암] 본인일부부담금 산정특례 대상 질병”을 직접적인 원인으로 “중증질환자[암] 산정특례대상”에 “중증질환자[암] 산정특례 신규암 등록”되는 경우 (다만, 최초1회에 한함) | 특약보험가입금액의 100%(다만, 최초계약의 계약일부터 1년 미만에 지급사유가 발생한 경우 “특약보험가입금액의 50%를 지급함) |
---
③ 제2-2조(보험금의 지급사유)의 경우 최초계약의 계약일부터 1년 미만에 보험금 지급사유가 발생하였을 때에는 <부표2-1> ""보험금 지급기준표""에서 정한 바에 따라 삭감하여 지급합니다.

④ 피보험자가 보험기간 중 제2-2조(보험금의 지급사유)의 보험금 지급사유가 발생하였으나, 보험금을 청구하지 않고 피보험자 사망 이후 보험금을 청구한 경우에도 해당 보험금을 지급합니다. 다만 피보험자가 이특약의 보험기간 중 사망하여 제2-9조(특약의 소멸) 제2항에 따라 사망 당시의 계약자적립액을 이미 지급한 경우에는 해당 보험금에서 이미 지급된 계약자적립액을 차감하고 차액을 지급합니다.

⑤ 회사는 피보험자가 부정한 방법 등으로 산정특례대상이 되어 법령에 따라 “희귀질환자 산정특례대상” 등록이 취소되는 경우에는 제2-2조(보험금의 지급사유)에서 정한 희귀질환자 산정특례 보장급여금을 지급하지 않으며 이미 보험금이 지급된 경우 그 반환을 청구할 수 있습니다.

⑥ 제2-2조(보험금의 지급사유)의 ""희귀질환자 산정특례 보장급여금"" 지급 사유의 기준일자는 산정특례대상 등록일(해당 상병의 산정특례 등록을 위하여 최초로 등록한 연, 월, 일을 말합니다)로 합니다.

⑦ 피보험자가 보험기간 중 보장개시일 이후에 ""희귀질환자 산정특례대상 신규등록"" 신청을 완료하였으나, 등록이 완료되지 않은 상태에서 보험",기존3단계검수+250212원문재앵커링,v3-offline-0523,multi_evidence,False
142,문서커버리지,"뇌혈관질환 또는 허혈심장질환으로 상급종합병원에서 주요치료를 받은 경우, 치료비는 몇 년 동안 몇 회까지 지급되나요?","특약보험기간 중 피보험자가 ""뇌혈관질환 또는 허혈심장질환""으로 최초 진단확정 되고, ""보험금 지급기간"" 이내에 ""뇌혈관질환 또는 허혈심장질환""의 직접적인 치료를 목적으로 상급종합병원에서 ""뇌혈관질환 또는 허혈심장질환 주요치료""를 받았을 때 [다만, 최초 진단확정일로부터 ""뇌혈관질환 또는 허혈심장질환 주요치료""를 합하여 최대 10년간, 연간 1회에 한하여 지급함(최대 10회 지급)]",확정,"S

| 구분 | 지급사유 | 지급금액 |
|------|---------|----------|
| ""뇌혈관질환 또는 허혈심장질환"" 주요치료급여금 | 특약보험기간 중 피보험자가 ""뇌혈관질환 또는 허혈심장질환""으로 최초 진단확정 되고, ""보험금 지급기간"" 이내에 ""뇌혈관질환 또는 허혈심장질환""의 직접적인 치료를 목적으로 ""뇌혈관질환 또는 허혈심장질환 주요치료""를 받았을 때<br>[다만, 최초 진단확정일로부터 ""뇌혈관질환 또는 허혈심장질환 주요치료""를 합하여 최대 10년간, 연간 1회에 한하여 지급함(최대 10회 지급)] | 특약보험가입금액의 100% |

주) 1. 「이 특약의 피보험자가 특약보험기간 또는 ""보험금 지급기간"" 중 사망하거나 이 특약의 보험금 지급사유가 더 이상 발생할 수 없는 경우」 또는 「주계약이 해지, 무효, 취소 또는 철회된 경우」 이 특약은 그때부터 효력이 없습니다. 다만, 특 약보험기간 또는 ""보험금 지급기간"" 중 피보험자가 사망한 경우에는 산출방법 서에서 정하는 바에 따라 회사가 적립한 사망당시의 계약자적립액을 계약자에게 지급합니다.

2. 특약보험료 납입기간 중 다음 중 어느 한 가지에 해당될 경우 이 특약의 차회 이후 보험료 납입을 면제합니다.",기존3단계검수+250212원문재앵커링,v3-offline-0480,single_lookup,True
143,문서커버리지,(간편)1-5종단일금액보장수술특약의 수술급여금은 가입 후 1년 안에 사유가 발생한 경우와 1년 이후의 지급률이 어떻게 다른가요?,"특약보험가입금액의 1% (다만, ""간편심사형"")에 한하여 계약일부터 1년 미만에 재해이외의 원인으로 지급사유가 발생한 경우 ""특약보험가입금액의 0.5%""를 지급함)",확정,"| 수술 급여금 | 특약보험기간 중 피보험자가 질병 또는 재해로 인한 그 직접적인 치료를 목적으로 ""1~5종 수술분류표""(<부표2-2> 참조)에서 정하는 수술을 받았을 때(다만, 연간 1회에 한함) | 특약보험가입금액의 1%(다만, ""간편심사형""에 한하여 계약일부터 1년 미만에 재해 이외의 원인으로 지급사유가 발생한 경우 ""특약보험가입금액의 0.5%""를 지급함) |",기존3단계검수+250212원문재앵커링,v3-offline-0352,single_lookup,True
144,문서커버리지,1-5종단일금액보장수술특약의 수술급여금은 연간 몇 회까지 받을 수 있나요?,"특약보험기간 중 피보험자가 질병 또는 재해로 인한 그 직접적인 치료를 목적으로 특약보험기간 중 ""1~5종 수술분류표""(<부표2-2> 참조)에서 정하는 수술을 받았을 때 (다만, 연간 1회에 한함)",확정,"| 수술 급여금 | 특약보험기간 중 피보험자가 질병 또는 재해로 인한 그 직접적인 치료를 목적으로 ""1~5종 수술분류표""(<부표2-2> 참조)에서 정하는 수술을 받았을 때(다만, 연간 1회에 한함) | 특약보험가입금액의 1%(다만, ""간편심사형""에 한하여 계약일부터 1년 미만에 재해 이외의 원인으로 지급사유가 발생한 경우 ""특약보험가입금액의 0.5%""를 지급함) |",기존3단계검수+250212원문재앵커링,v3-offline-0450,single_lookup,True
145,문서커버리지,급여뇌심장질환 검사급여금은 연간 몇 회까지 받을 수 있나요?,"특약보험기간 중 피보험자가 「의료기관의 의사에 의하여 ""뇌심장질환""으로 진단 및 치료를 위한 필요소견을 토대로 특약보험기간 중 ""급여뇌심장질환검사""를 받았을 때 (다만, 연간 1회에 한함)",확정,"| 급여<br>뇌심장질환<br>검사급여금 | 특약보험기간 중 피보험자가 「의료기관의 의사에 의하여 ""뇌심장질환""으로 진단 및 치료를 위한 필요소견을 토대로 ""급여뇌심장질환검사""를 받았을 때 (다만, 연간 1회에 한함) | 특약보험가입금액의 1% (다만, 최초계약의 계약일부터 1년 미만에 지급사유가 발생한 경우 ""특약보험가입금액의 0.5%""를 지급함) |",기존3단계검수+250212원문재앵커링,v3-offline-0470,single_lookup,True
146,문서커버리지,(간편)1-5종수술특약의 3종 수술급여금은 가입 후 1년 안에 사유가 발생한 경우와 1년 이후의 지급률이 어떻게 다른가요?,"【수술 1회당】보험가입금액의 10%(다만, “간편심사형”에 한하여 계약일부터 1년 미만에 재해 이외의 원인으로 지급사유가 발생한 경우 “특약보험가입금액의 5%”를 지급함)",확정,"| 3종 수술 급여금 | 특약보험기간 중 피보험자가 질병 또는 재해로 인한 그 직접적인 치료를 목적으로 1~5종 수술분류표(<부표2-2> 참조)에서 정하는 3종 수술을 받았을 때 | 【수술 1회당】보험가입금액의 10%(다만, “간편심사형”에 한하여 계약일부터 1년 미만에 재해 이외의 원인으로 지급사유가 발생한 경우 “특약보험가입금액의 5%”를 지급함) |",기존3단계검수+250212원문재앵커링,v3-offline-0354,single_lookup,True
147,문서커버리지,(간편)1-5종수술특약의 4종 수술급여금은 가입 후 1년 안에 사유가 발생한 경우와 1년 이후의 지급률이 어떻게 다른가요?,"【수술 1회당】보험가입금액의 10%(다만, “간편심사형”에 한하여 계약일부터 1년 미만에 재해 이외의 원인으로 지급사유가 발생한 경우 “특약보험가입금액의 5%”를 지급함)",확정,"| 4종 수술 급여금 | 특약보험기간 중 피보험자가 질병 또는 재해로 인한 그 직접적인 치료를 목적으로 1~5종 수술분류표(<부표2-2> 참조)에서 정하는 4종 수술을 받았을 때 | 【수술 1회당】보험가입금액의 10%(다만, “간편심사형”에 한하여 계약일부터 1년 미만에 재해 이외의 원인으로 지급사유가 발생한 경우 “특약보험가입금액의 5%”를 지급함) |",기존3단계검수+250212원문재앵커링,v3-offline-0355,single_lookup,True
148,문서커버리지,(간편)1-5종수술특약의 5종 수술급여금은 가입 후 1년 안에 사유가 발생한 경우와 1년 이후의 지급률이 어떻게 다른가요?,"【수술 1회당】보험가입금액의 10%(다만, “간편심사형”에 한하여 계약일부터 1년 미만에 재해 이외의 원인으로 지급사유가 발생한 경우 “특약보험가입금액의 5%”를 지급함)",확정,"| 5종 수술 급여금 | 특약보험기간 중 피보험자가 질병 또는 재해로 인한 그 직접적인 치료를 목적으로 1~5종 수술분류표(<부표2-2> 참조)에서 정하는 5종 수술을 받았을 때 | 【수술 1회당】보험가입금액의 10%(다만, “간편심사형”에 한하여 계약일부터 1년 미만에 재해 이외의 원인으로 지급사유가 발생한 경우 “특약보험가입금액의 5%”를 지급함) |",기존3단계검수+250212원문재앵커링,v3-offline-0356,single_lookup,True
149,문서커버리지,(간편)부정맥진단특약의 부정맥 진단급여금은 가입 후 1년 안에 사유가 발생한 경우와 1년 이후의 지급률이 어떻게 다른가요?,"특약보험가입금액의 100% (다만, 최초계약의 계약일부터 1년 미만에 지급사유가 발생한 경우 특약보험가입금액의 50%를 지급함)",확정,"| 부정맥 진단급여금 | 특약보험기간 중 피보험자가 부정맥으로 진단확정 되었을 때 (다만, 최초 1회의 진단확정에 한함) | 특약보험가입금액의 100% (다만, 최초계약의 계약일부터 1년 미만에 지급사유가 발생한 경우 특약보험가입금액의 50%를 지급함) |

※ 1년 미만 : 최초계약의 계약일부터 1년이 되는 시점의 계약해당일의 전날까지",기존3단계검수+250212원문재앵커링,v3-offline-0414,single_lookup,True
150,문서커버리지,(간편)급성심근경색증진단특약의 급성심근경색증진단급여금은 가입 후 1년 안에 사유가 발생한 경우와 1년 이후의 지급률이 어떻게 다른가요?,"특약보험가입금액의 100%(다만, 계약일부터 1년 미만에 지급사유가 발생한 경우 특약보험가입금액의 50%를 지급함)",확정,"| 급성심근경색증진단급여금 | 특약보험기간 중 피보험자가 ""급성심근경색증""으로 진단확정 되었을 때 (다만, 최초 1회의 진단확정에 한함) | 특약보험가입금액의 100%(다만, 계약일부터 1년 미만에 지급사유가 발생한 경우 특약보험가입금액의 50%를 지급함) |

※ 1년 미만 : 계약일부터 1년이 되는 시점의 계약해당일의 전날까지",기존3단계검수+250212원문재앵커링,v3-offline-0390,single_lookup,True
151,문서커버리지,1-5종단일금액보장수술특약의 수술급여금 지급 요건과 연간 지급 한도는 무엇인가요?,"1-5종단일금액보장수술특약의 수술급여금은 특약보험기간 중 피보험자가 질병 또는 재해로 인한 직접적인 치료를 목적으로 '1~5종 수술분류표'에서 정하는 수술을 받았을 때 지급됩니다. 지급금액은 특약보험가입금액의 1%이며, 간편심사형에 한하여 계약일부터 1년 미만에 재해 이외의 원인으로 지급사유가 발생한 경우에는 0.5%를 지급합니다. 연간 지급 한도는 연 1회이며, '연간'이란 계약해당일부터 매 1년마다 도래하는 계약해당일 전일까지의 기간을 의미합니다.",확정,"S

| 구분 | 지급사유 | 지급금액 |
|------|---------|----------|
| 수술 급여금 | 특약보험기간 중 피보험자가 질병 또는 재해로 인한 그 직접적인 치료를 목적으로 ""1~5종 수술분류표""(<부표 2-2> 참조)에서 정하는 수술을 받았을 때 (다만, 연간 1회에 한함) | 특약보험가입금액의 1%(다만, ""간편심사형""에 한하여 최초계약의 계약일부터 1년 미만에 재해 이외의 원인으로 지급사유가 발생한 경우 ""특약보험가입금액의 0.5%""를 지급함) |
|※ 1년 미만 : 최초계약의 계약일부터 1년이 되는 시점의 계약해당일의 전날까지 | | |
|주) 1. 「이 특약의 피보험자가 특약보험기간 중 사망하였을 경우」 또는 「주계약이 해지, 무효, 취소 또는 철회된 경우」 이 특약은 그때부터 효력이 없습니다. 다만, 특약보험기간 중 피보험자가 사망한 경우에는 산출방법서에서 정하는 바에 따라 회사가 적립한 사망당시의 계약자적립액을 계약자에게 지급합니다. | | |
|2. ""수술급여금""에서 ""연간""이라 함은 계약해당일부터 매 1년마다 도래하는 계약해당일 전일까지의 기간을 말합니다. 다만, 해당년도의 계약해당일이 없는 경우에는 해당 월의 마지막 날을 계약해당일로 합니다. | | |
---
주) 1. 「이 특약의 피보험자가 특약보험기간 중 사망하였을 경우」 또는 「주계약이 해지, 무효, 취소 또는 철회된 경우」 이 특약은 그때부터 효력이 없습니다.

2. 특약보험기간 중 피보험자의 사망으로 이 특약이 소멸하는 경우에는 계약 자적립액 등을 지급하지 않습니다.

3. ""수술급여금""에서 ""연간""이라 함은 계약해당일부터 매 1년마다 도래하는 계약해당일 전일까지의 기간을 말합니다. 다만, 해당 년도의 계약해당일이 없는 경우에는 해당 월의 마지막 날을 계약해당일로 합니다.

2212152200000007948

(간편)1-5종단일금액보장수술특약(무배당, 해약환급금 미지급형)",기존3단계검수+250212원문재앵커링,v3-offline-0449,multi_evidence,False
152,문서커버리지,항암세기조절방사선치료급여금의 지급 대상 암과 지급 횟수 한도는 어떻게 되나요?,"특약보험기간 중 피보험자가 보장개시일 (""암""의 경우 암보장개시일) 이후에 ""암"", ""기타피부암"", ""갑상선암"", ""대장점막내암"" 또는 ""비침습방광암""으로 진단확정되고, 그 ""암"", ""기타피부암"", ""갑상선암"", ""대장점막내암"" 또는 ""비침습방광암""의 직접적인 치료를 목적으로 특약보험기간 중 ""항암세기조절방사선치료""를 받았을 때 (다만, 최초 1회에 한함)",확정,"| 항암세기조절 방사선 치료급여금 | 특약보험기간 중 피보험자가 보장개시일 (""암""의 경우 암보장개시일) 이후에 ""암"", ""기타피부암"", ""갑상선암"", ""대장점막내암"" 또는 ""비침습방광암""으로 진단확정되고, 특약보험기간 중 그 ""암"", ""기타피부암"", ""갑상선암"", ""대장점막내암"" 또는 ""비침습방광암""의 직접적인 치료를 목적으로 ""항암세기조절방사선치료""를 받았을 때 (다만, 최초 1회에 한함) | 특약보험가입금액의 100% (다만, 최초계약의 계약일부터 1년 미만에 지급사유가 발생한 경우 ""특약보험가입금액의 50%""를 지급함) |",기존3단계검수+250212원문재앵커링,v3-offline-0545,single_lookup,True
153,문서커버리지,(간편)질병수술특약의 질병수술급여금은 가입 후 1년 안에 사유가 발생한 경우와 1년 이후의 지급률이 어떻게 다른가요?,"특약보험가입금액의 1% (다만, 계약일부터 1년 미만에 지급사유가 발생한 경우 ""특약보험가입금액의 0.5%""를 지급함)",확정,"| 질병수술급여금 | 특약보험기간 중 피보험자가 ""질병""으로 인한 그 직접적인 치료를 목적으로 수술을 받았을 때 (다만, 동일 질병당 1회에 한함) | 특약보험가입금액의 1% (다만, 계약일부터 1년 미만에 지급사유가 발생한 경우 ""특약보험가입금액의 0.5%""를 지급함) |

※ 1년 미만 : 계약일부터 1년이 되는 시점의 계약해당일의 전날까지",기존3단계검수+250212원문재앵커링,v3-offline-0436,single_lookup,True
154,문서커버리지,"간병인사용입원특약에서 요양병원을 제외한 의료기관에 입원한 경우, 간병인사용 입원급여금의 지급 요건과 1회 입원당 보장일수는 어떻게 되나요?","특약보험기간 중 「피보험자가 질병 또는 재해로 인한 그 직접적인 치료를 목적으로 특약보험기간 중 1일 이상 계속하여 요양병원을 제외한 병원급 의료기관 또는 의원급 의료기관에 입원하며 간병인을 사용하여 실질적으로 간병서비스를 이용」하였을 때 (다만, 1회 입원당 사용일수 180일 한도)",확정,"| 간병인사용 입원 (요양병원 제외)급여금 | 특약보험기간 중 「피보험자가 질병 또는 재해로 인한 그 직접적인 치료를 목적으로 1일 이상 계속하여 요양병원을 제외한 병원급 의료기관 또는 의원급 의료기관에 입원하며 간병인을 사용하여 실질적으로 간병서비스를 이용」하였을 때 (다만, 1회 입원당 사용일수 180일 한도) | 【간병인 사용일수 1일당】 특약보험가입금액의 1% (다만, “간편심사형”에 한하여 최초계약의 계약일부터 2년 미만에 재해 이외의 원인으로 지급사유가 발생한 경우 “특약보험가입금액의 0.5%”를 지급함) |",기존3단계검수+250212원문재앵커링,v3-offline-0459,single_lookup,True
155,문서커버리지,(간편)특정부정맥진단특약의 특정부정맥 진단급여금은 가입 후 1년 안에 사유가 발생한 경우와 1년 이후의 지급률이 어떻게 다른가요?,"특약보험가입금액의 100% (다만, 계약일부터 1년 미만에 지급사유가 발생한 경우 특약보험가입금액의 50%를 지급함)",확정,"| 특정부정맥진단급여금 | 특약보험기간 중 피보험자가 특정부정맥으로 진단확정 되었을 때 (다만, 최초 1회의 진단확정에 한함) | 특약보험가입금액의 100% (다만, 계약일부터 1년 미만에 지급사유가 발생한 경우 특약보험가입금액의 50%를 지급함) |

※ 1년 미만 : 계약일부터 1년이 되는 시점의 계약해당일의 전날까지",기존3단계검수+250212원문재앵커링,v3-offline-0443,single_lookup,True
156,문서커버리지,보험금을 받을 사람과 보험사가 지급 여부에 합의하지 못하면 어떻게 하나요?,보험수익자와 회사가 함께 제3자를 정해 그 의견에 따를 수 있습니다. 제3자는 종합병원 소속 전문의 중에서 정하며 의료비용은 회사가 부담합니다.,확정,"⑦ 보험수익자와 회사가 보험금 지급사유에 대해 합의하지 못할 때에는 보험수익자와 회사가 함께 제3자를 정하고 그 제3자의 의견에 따를 수 있습니다. 제3자는 의료법 제3조(의료기관)에 규정(<별첨1> 참조)한 종합병원 소속 전문의 중에서 정하며, 보험금 지급사유 판정에 드는 의료비용은 회사가 전액 부담합니다.",기존3단계검수+250212원문재앵커링,v3-offline-0489,single_lookup,True
157,문서커버리지,"급여주요뇌심장질환특정재활치료특약의 전문재활치료 급여금은 어떤 경우에 지급되며, 하루와 연간 지급 횟수는 어떻게 제한되나요?","특약보험기간 중 피보험자가 주요뇌심장질환으로 진단확정 되고, 그 주요뇌심장질환의 치료를 목적으로 특약보험기간 중 급여 주요뇌심장질환특정재활치료(전문재활치료 및 기타이학요법)를 받았을 때 (다만, 1일 1회, 연간 30회에 한함)",확정,"| [전문재활] 급여주요뇌심장질환특정재활치료급여금 | 특약보험기간 중 피보험자가 주요뇌심장질환으로 진단확정 되고, 특약보험기간 중 그 주요뇌심장질환의 치료를 목적으로 급여 주요뇌심장질환특정재활치료(전문재활치료 및 기타이학요법)를 받았을 때 (다만, 1일 1회, 연간 30회에 한함) | 특약보험가입금액의 1% (다만, ""간편심사형""에 한하여 최초계약의 계약일부터 1년 미만에 지급사유가 발생한 경우 ""특약보험가입금액의 0.5%""를 지급함) |",기존3단계검수+250212원문재앵커링,v3-offline-0477,single_lookup,True
158,문서커버리지,(간편)[3~100%장해형]질병장해특약 가입자입니다. 질병으로 장해가 남았을 때 (3~100%) 질병장해급여금 대상이 되는 장해율 기준은 몇 %인가요?,특약보험기간 중 피보험자가 질병을 직접적인 원인으로 장해분류표(<부표2-2> 참조)에서 정한 장해지급률 중 3% 이상 100% 이하에 해당하는 장해상태가 되었을 경우 (3~100%)질병장해급여금이 지급됩니다.,확정,"회사는 특약보험기간 중 피보험자가 질병을 직접적인 원인으로 장해분류표 (<부표2-2> 참조) 에서 정한 장해지급률 중 3% 이상 100% 이하에 해당하는 장해상태가 되었을 경우에는 보험수익자에게 약정한 (3~100%)질병장해급여금(<부표2-1> ""보험금 지급기준표"" 참조)을 지급합니다.",250212원문재검증(v3정화),v3-offline-0361,single_lookup,True
159,문서커버리지,"급여암특정재활치료특약에서 기본물리치료 급여금을 받을 수 있는 암의 범위와 치료 요건, 지급 횟수 한도는 무엇인가요?","급여암특정재활치료특약(기본물리치료) 급여금은 특약보험기간 중 보장개시일(암의 경우 암보장개시일) 이후에 '암', 기타피부암, 갑상선암, 대장점막내암 또는 비침습방광암으로 진단확정되고, 해당 암의 치료를 목적으로 급여암특정재활치료(기본물리치료)를 받은 경우 지급됩니다. 여기서 '암'은 기타피부암, 갑상선암, 대장점막내암, 비침습방광암을 제외한 암을 의미합니다. 지급 횟수는 1일 1회, 연간 20회에 한하며, '연간'은 계약일부터 매 1년 단위로 도래하는 계약해당일 전일까지의 기간을 의미합니다.",확정,"S

| 구분 | 지급사유 | 지급금액 |
|------|----------|----------|
| [기본물리] 급여 암특정 재활치료 급여금 | 특약보험기간 중 피보험자가 보장개시일(암의 경우 암보장개시일) 이후에 암, 기타피부암, 갑상선암, 대장점막내암 또는 비침습방광암으로 진단확정 되고, 특약보험기간 중 그 암, 기타피부암, 갑상선암, 대장점막내암 또는 비침습방광암의 치료를 목적으로 급여 암특정재활치료(기본물리치료)를 받았을 때 (다만, 1일 1회, 연간 20회에 한함) | 특약보험가입금액의 0.2% (다만, ""간편심사형""에 한하여 최초계약의 계약일부터 1년 미만에 지급사유가 발생한 경우 ""특약보험가입금액의 0.1%""를 지급함) |
| [단순재활] 급여 암특정 재활치료 급여금 | 특약보험기간 중 피보험자가 보장개시일(암의 경우 암보장개시일) 이후에 암, 기타피부암, 갑상선암, 대장점막내암 또는 비침습방광암으로 진단확정 되고, 특약보험기간 중 그 암, 기타피부암, 갑상선암, 대장점막내암 또는 비침습방광암의 치료를 목적으로 급여 암특정재활치료(단순재활치료)를 받았을 때 (다만, 1일 1회, 연간 20회에 한함) | 특약보험가입금액의 0.5% (다만, ""간편심사형""에 한하여 최초계약의 계약일부터 1년 미만에 지급사유가 발생한 경우 ""특약보험가입금액의 0.25%""를 지급함) |
| [전문재활] 급여 암특정 재활치료 급여금 | 특약보험기간 중 피보험자가 보장개시일(암의 경우 암보장개시일) 이후에 암, 기타피부암, 갑상선암, 대장점막내암 또는 비침습방광암으로 진단확정 되고, 특약보험기간 중 그 암, 기타피부암, 갑상선암, 대장점막내암 또는 비침습방광암의 치료를 목적으로 급여 암특정재활치료(전문재활치료 및 기타이학요법)를 받았을 때 (다만, 1일 1회, 연간 20회에 한함) | 특약보험가입금액의 1% (다만, ""간편심사형""에 한하여 최초계약의 계약일부터 1년 미만에 지급사유가 발생한 경우 ""특약보험가입금액의 0.5%""를 지급함) |

※ 1년 미만 : 최초계약의 계약일부터 1년이 되는 시점의 계약해당일의 전날까지
---
2. ""암보장개시일""은 최초계약의 계약일부터 그날을 포함하여 90일이 지난날의 다음 날로 하며 갱신계약의 경우 갱신일로 합니다. 다만, 부활(효력회복)계약의 경우 최초계약 및 갱신계약의 부활(효력회복)일부터 그날을 포함하여 90일이 지난날의 다음 날로 합니다.

3. 이 특약의 ""암""은 「기타피부암, 갑상선암, 대장점막내암 및 비침습방광암」을 제외한 ""암""을 말합니다.

4. ""연간""이라 함은 계약일부터 매1년 단위로 도래하는 계약해당일 전일까지의 기간을 의미합니다. 다만, 해당 년도의 계약해당일이 없는 경우에는 해당월의 마지막 날을 계약해당일로 합니다.

5. ""카티(CAR-T)항암약물허가치료급여금""은 ""카티(CAR-T)항암약물치료제""를 식품의약품안전처에서 허가된 ""효능효과"" 범위 내에서 사용된 경우에 한하여 보장합니다. 다만, 식품의약품안전처에서 허가된 ""효능효과"" 범위 외 사용이지만, ""암질환심의위원회를 거쳐 건강보험심사평가원(향후 제도 변경시에는 동 기관과 동일한 기능을 수행하는 기관)이 승인한 요법(다만, 해당

22121522000000007473",기존3단계검수+250212원문재앵커링,v3-offline-0472,multi_evidence,False
160,문서커버리지,"급여주요뇌심장질환특정재활치료특약의 단순재활치료 급여금은 어떤 경우에 지급되며, 하루와 연간 지급 횟수는 어떻게 제한되나요?","특약보험기간 중 피보험자가 주요뇌심장질환으로 진단확정 되고, 그 주요뇌심장질환의 치료를 목적으로 특약보험기간 중 급여 주요뇌심장질환특정재활치료(단순재활치료)를 받았을 때 (다만, 1일 1회, 연간 30회에 한함)",확정,"| [단순재활] 급여주요뇌심장질환특정재활치료급여금 | 특약보험기간 중 피보험자가 주요뇌심장질환으로 진단확정 되고, 특약보험기간 중 그 주요뇌심장질환의 치료를 목적으로 급여 주요뇌심장질환특정재활치료(단순재활치료)를 받았을 때 (다만, 1일 1회, 연간 30회에 한함) | 특약보험가입금액의 0.5% (다만, ""간편심사형""에 한하여 최초계약의 계약일부터 1년 미만에 지급사유가 발생한 경우 ""특약보험가입금액의 0.25%""를 지급함) |",기존3단계검수+250212원문재앵커링,v3-offline-0476,single_lookup,True
161,문서커버리지,(간편)[기본]고액암진단특약의 고액암 진단급여금은 가입 후 1년 안에 사유가 발생한 경우와 1년 이후의 지급률이 어떻게 다른가요?,"특약보험가입금액의 100% (다만, 계약일부터 1년 미만에 지급사유가 발생한 경우 ""특약보험가입금액의 50%""를 지급함)",확정,"| 고액암 진단급여금 | 특약보험기간 중 피보험자가 고액암보장개시일 이후에 ""고액암""으로 진단 확정 되었을 때 (다만, 최초 1회의 진단확정에 한함) | 특약보험가입금액의 100% (다만, 계약일부터 1년 미만에 지급사유가 발생한 경우 ""특약보험가입금액의 50%""를 지급함) |",기존3단계검수+250212원문재앵커링,v3-offline-0367,single_lookup,True
162,문서커버리지,(간편)허혈심장질환진단특약의 허혈심장질환 진단급여금은 가입 후 1년 안에 사유가 발생한 경우와 1년 이후의 지급률이 어떻게 다른가요?,"특약보험가입금액의 100% (다만, 최초계약의 계약일부터 1년 미만에 지급사유가 발생한 경우 ""특약보험가입금액의 50%""를 지급함)",확정,"| 허혈심장질환진단급여금 | 특약보험기간 중 피보험자가 허혈심장질환으로 진단확정 되었을 때 (다만, 최초 1회의 진단확정에 한함) | 특약보험가입금액의 100% (다만, 최초계약의 계약일부터 1년 미만에 지급사유가 발생한 경우 “특약보험가입금액의 50%”를 지급함) |",기존3단계검수+250212원문재앵커링,v3-offline-0448,single_lookup,True
163,문서커버리지,"허혈심장질환으로 상급종합병원에 입원한 경우, 입원급여금의 지급 요건과 1회 입원당 보장일수는 어떻게 되나요?","(간편)뇌혈관·허혈심장질환상급종합병원입원특약의 허혈심장질환 상급종합병원 입원급여금은 특약보험기간 중 피보험자가 ""허혈심장질환""의 직접적인 치료를 목적으로 상급종합병원에 1일이상 계속 입원하였을 때 지급되며, 1회 입원당 180일 한도입니다. 지급금액은 입원일수 1일당 특약보험가입금액의 1%이며, ""간편심사형""에 한하여 계약일부터 1년 미만에 지급사유가 발생한 경우 ""특약보험가입금액의 0.5%""를 지급합니다.",확정,"| 구분 | 지급사유 | | 지급금액 |
|------|------------|----------------------------------------|----------------------------------|
| 뇌혈관질환<br>상급종합병원<br>입원급여금 | 간편<br>심사형 | 특약보험기간 중 피보험자가 ""뇌혈관질환""의 직접적인 치료를 목적으로 상급종합병원에 1일이상 계속 입원하였을 때(다만, 1회 입원당 180일 한도) | 【입원일수 1일당】<br>특약보험가입금액의 1% (다만, ""간편심사형""에 한하여 계약일부터 1년 미만에 지급사유가 발생한 경우 ""특약보험가입금액의 0.5%""를 지급함) |
| | 일반<br>심사형 | 특약보험기간 중 피보험자가 ""뇌혈관질환""으로 진단확정 되고, 특약보험기간 중 그 ""뇌혈관질환""의 직접적인 치료를 목적으로 상급종합병원에 1일이상 계속 입원하였을 때(다만, 1회 입원당 180일 한도) | |
| 허혈심장질환<br>상급종합병원<br>입원급여금 | 간편<br>심사형 | 특약보험기간 중 피보험자가 ""허혈심장질환""의 직접적인 치료를 목적으로 상급종합병원에 1일이상 계속 입원하였을 때(다만, 1회 입원당 180일 한도) | 【입원일수 1일당】<br>특약보험가입금액의 1% (다만, ""간편심사형""에 한하여 계약일부터 1년 미만에 지급사유가 발생한 경우 ""특약보험가입금액의 0.5%""를 지급함) |
| | 일반<br>심사형 | 특약보험기간 중 피보험자가 ""허혈심장질환""의 직접적인 치료를 목적으로 상급종합병원에 1일이상 계속 입원하였을 때(다만, 1회 입원당 180일 한도) | |

※ 1년 미만 : 계약일부터 1년이 되는 시점의 계약해당일의 전날까지",250212원문재검증(v3정화),v3-offline-0551,single_lookup,True
164,문서커버리지,암수술특약에서 어떤 암의 직접 치료를 위한 수술이 암수술급여금 지급 대상인가요?,"암수술급여금은 특약보험기간 중 피보험자가 보장개시일(암의 경우 암보장개시일) 이후에 ""암"", ""대장점막내암"" 또는 ""비침습방광암""으로 진단확정 되고, 특약보험기간 중 그 ""암"", ""대장점막내암"" 또는 ""비침습방광암""의 직접적인 치료를 목적으로 수술을 받았을 때 지급됩니다. 또한 ""기타피부암"", ""갑상선암"", ""제자리암"", ""경계성종양""으로 진단확정 되고, 그 직접적인 치료를 목적으로 수술을 받았을 때에도 지급됩니다. 여기서 ""수술""이라 함은 의사에 의하여 직접적인 치료를 목적으로 필요하다고 인정된 경우로서 의료기관에서 의사의 관리 하에 기구를 사용하여 생체에 절단, 절제 등의 조작을 가하는 것을 말하며, 흡인, 천자 등의 조치 및 신경 BLOCK, 미용 성형상의 수술, 피임 목적의 수술, 검사 및 진단을 위한 수술은 ""수술""에서 제외됩니다.",확정,"[일반심사형의 경우]

| 구분 | 지급사유 | 지급금액 |
|------|----------|----------|
| 암수술 급여금 | 특약보험기간 중 피보험자가 보장개시일(암의 경우 암보장개시일) 이후에 ""암"", ""대장점막내암"" 또는 ""비침습방광암""으로 진단확정 되고, 특약보험기간 중 그 ""암"", ""대장점막내암"" 또는 ""비침습방광암""의 직접적인 치료를 목적으로 수술을 받았을 때 | 【수술 1회당】 특약보험가입금액의 10% (다만, 계약일부터 1년 미만에 지급사유가 발생한 경우 ""특약보험가입금액의 5%""를 지급함) |
| | 특약보험기간 중 피보험자가 보장개시일 이후에 ""기타피부암"", ""갑상선암"", ""제자리암"", ""경계성종양""으로 진단확정 되고, 특약보험기간 중 그 ""기타피부암"", ""갑상선암"", ""제자리암"", ""경계성종양""의 직접적인 치료를 목적으로 수술을 받았을 때 | 【각각 수술 1회당】 특약보험가입금액의 2% (다만, 계약일부터 1년 미만에 지급사유가 발생한 경우 ""특약보험가입금액의 1%""를 지급함) |

※ 1년미만 : 계약일부터 1년이 되는 시점의 계약해당일의 전날까지
---
· 종양의 발생부위 및 피보험자의 신체상태 등의 이유로 조직을 추출하는 경우 생명의 위험을 초래할 수 있어 병리학적 검사를 시행할 수 없는 경우

제2-1조의6 ""수술""의 정의와 장소

① 이 특약에 있어서 ""수술""이라 함은 의사에 의하여「암, 대장점막내암 또는 비침습방광암」또는「기타피부암 또는 갑상선암」으로 인한 직접적인 치료를 목적으로 필요하다고 인정된 경우로서 의료기관에서 의사의 관리 하에 기구를 사용하여 생체(生體)에 절단(切斷, 특정부위를 잘라 내는 것), 절제(切除, 특정부위를 잘라 없애는 것) 등의 조작을 가하는 것[보건복지부 산하 신의료기술평가위원회(향후 제도 변경 시에는 동 위원회와 동일한 기능을 수행하는 기관)로부터 안전성과 치료효과를 인정받은 최신 수술기법도 포함됩니다]을 말합니다.

다만, 흡인(吸 引, 주사기 등으로 발아들이는 것), 천자(穿 刺, 바늘 또는 관을 꽂아 체액·조직을 뽑아내거나 약물을 주입하는 것) 등의 조치 및 신경(神經) BLOCK(신경의 차단), 미용 성형상의 수술, 피임(避妊) 목적의 수술, 피임 및 불임술 후 가임목적의 수술, 검사 및 진단을 위한 수술[생검(生檢), 복강경 검사(腹 腔鏡檢查) 등]은 ""수술""에서 제외됩니다.

신의료기술평가위원회",250212원문재검증(v3정화),v3-offline-0509,multi_evidence,False
165,문서커버리지,(간편)간병인사용입원특약의 간병인사용 입원 (요양병원 제외)급여금은 가입 후 2년 미만과 그 이후에 각각 얼마를 지급하나요?,"(간편)간병인사용입원특약의 간병인사용 입원(요양병원 제외)급여금은, 간편심사형 기준으로 가입 후 2년 미만에 재해 이외의 원인으로 지급사유가 발생한 경우 간병인 사용일수 1일당 특약보험가입금액의 0.5%를 지급하며, 간병인 사용금액이 1일당 7만원 미만인 경우에는 0.25%를 지급합니다. 가입 후 2년 이상이 된 경우에는 1일당 1%를 지급하며, 1일당 7만원 미만 사용 시에는 0.5%를 지급합니다.",확정,"| 구분 | 지급사유 | 지급금액 |
|------|---------|----------|
| 간병인사용 입원 (요양병원 제외)급여금 | 특약보험기간 중 「피보험자가 질병 또는 재해로 인한 그 직접적인 치료를 목적으로 1일 이상 계속하여 요양병원을 제외한 병원급 의료기관 또는 의원급 의료기관에 입원하며 간병인을 사용하여 실질적으로 간병서비스를 이용」하였을 때 (다만, 1회 입원당 사용일수 180일 한도) | 【간병인 사용일수 1일당】 특약보험가입금액의 1% (다만, “간편심사형”에 한하여 최초계약의 계약일부터 2년 미만에 재해 이외의 원인으로 지급사유가 발생한 경우 “특약보험가입금액의 0.5%”를 지급함) | 
| | | 간병인 사용금액이 1일당 7만원 이상인 경우 | 간병인 사용금액이 1일당 7만원 미만인 경우 | 특약보험가입금액의 0.5% (다만, “간편심사형”에 한하여 최초계약의 계약일부터 2년 미만에 재해 이외의 원인으로 지급사유가 발생한 경우 “특약보험가입금액의 0.25%”를 지급함) |

22121522000000071300

(간편)간병인사용입원특약(무배당, 갱신형)
---
※ 2년 미만 : 최초계약의 계약일부터 2년이 되는 시점의 계약해당일의 전날까지

※ 「이 특약의 피보험자가 특약보험기간 중 사망하였을 경우」 또는 「주계약이 해지, 무효, 취소 또는 철회된 경우」 이 특약은 그때부터 효력이 없습니다. 다만, 특약 보험기간 중 피보험자가 사망한 경우에는 산출방법서에서 정하는 바에 따라 회사가 적립한 사망당시의 계약자적립액을 계약자에게 지급합니다.

※ “간편심사형”의 경우 최초계약의 계약일부터 2년 미만에 재해 이외의 원인으로 해당 보험금 지급사유가 발생하고 계속 입원 중에 2년 이상이 될 경우에는 최초 계약의 계약일부터 2년 이상이 된 날부터 삭감하지 않습니다.

※ 각 보장계약별 입원급여금의 사용일수는 각각 1회 입원당 180일을 최고 한도로 합니다. 다만, 특약이 갱신되어 입원이 갱신 전후에 계속되는 경우에 그 사용일 수는 갱신 전후에 계속되는 총 사용일을 기준으로 1회 입원당 180일을 최고한 도로 하여 계산합니다.

※ 이 약관에서 “질병 또는 재해”는 “질병 및 재해분류표(<부표2-2> 참조)”에서 정하는 질병 또는 재해를 말합니다.",기존3단계검수+250212원문재앵커링,v3-offline-0387,multi_evidence,False
166,문서커버리지,"(간편)급성심근경색증진단특약에서 급성심근경색증진단급여금을 받으려면 어떤 진단을 받아야 하며, 여러 번 진단받아도 반복 지급되나요?","특약보험기간 중 피보험자가 ""급성심근경색증""으로 진단확정 되었을 때 (다만, 최초 1회의 진단확정에 한함)",확정,"| 급성심근경색증진단급여금 | 특약보험기간 중 피보험자가 ""급성심근경색증""으로 진단확정 되었을 때 (다만, 최초 1회의 진단확정에 한함) | 특약보험가입금액의 100%(다만, 계약일부터 1년 미만에 지급사유가 발생한 경우 특약보험가입금액의 50%를 지급함) |",기존3단계검수+250212원문재앵커링,v3-offline-0389,single_lookup,True
167,문서커버리지,"(간편)급성심근경색증진단특약의 급성심근경색증진단급여금은 재진단받아도 다시 받을 수 있나요, 아니면 최초 한 번만 지급되나요?","특약보험기간 중 피보험자가 ""급성심근경색증""으로 진단확정 되었을 때 (다만, 최초 1회의 진단확정에 한함)",확정,"| 급성심근경색증진단급여금 | 특약보험기간 중 피보험자가 ""급성심근경색증""으로 진단확정 되었을 때 (다만, 최초 1회의 진단확정에 한함) | 특약보험가입금액의 100%(다만, 계약일부터 1년 미만에 지급사유가 발생한 경우 특약보험가입금액의 50%를 지급함) |",기존3단계검수+250212원문재앵커링,v3-offline-0391,single_lookup,True
168,문서커버리지,(간편)[3~100%장해형]질병장해특약의 (3~100%) 질병장해급여금은 보험가입금액과 장해지급률을 어떻게 적용해 계산하나요?,(3~100%) 질병장해급여금은 특약보험가입금액의 100% × 해당 장해지급률로 계산하여 지급됩니다.,확정,| (3~100%) 질병장해 급여금 | 특약보험기간 중 피보험자가 질병을 직접적인 원인으로 장해분류표(<부표2-2> 참조)에서 정한 장해지급률 중 3%이상 100%이하에 해당하는 장해상태가 되었을 경우 | 특약보험가입금액의 100% × 해당 장해지급률 |,250212원문재검증(v3정화),v3-offline-0362,single_lookup,True
169,문서커버리지,보험금을 대신 청구할 사람으로 누구를 지정할 수 있나요?,"가입한 특약에 따라 다음과 같습니다. 보험금 대리청구 지정서비스특약에서는 「피보험자와 동거하거나 피보험자와 생계를 같이 하고 있는 피보험자의 가족관계등록부상 또는 주민등록상의 배우자」 또는 「피보험자와 동거하거나 피보험자와 생계를 같이 하고 있는 피보험자의 3촌 이내의 친족」 중 1인을 보험금 대리청구인으로 지정할 수 있습니다. 중증치매산정특례대상보장특약에서는 「피보험자의 가족관계등록부상 또는 주민등록상의 배우자」 또는 「피보험자의 3촌 이내의 친족」 중 보험금의 대리청구인을 2인 이내에서 지정하되, 2인 지정시 대표대리인을 지정합니다.",확정,"적용됩니다.

제2-13조 보험금 대리청구인의 지정

① 계약자는 ""이 특약을 체결할 때"" 또는 ""이 특약을 체결한 이후 「특약보험기간 중 중증치매산정특례대상보장개시일 이후에 ""중증치매 I 산정특례대상"" 또는 ""중증치매 II 산정특례대상"" 으로 신규등록」되기 전"" 다음 각 호의 하나에 해당하는 자 중 보험금의 대리청구인(2인 이내에서 지정하되, 2인 지정시 대표대리인을 지정)으로 지정할 수 있습니다. 또한, 대리청구인은 제2-14조(대리청구인의 변경지정)에 따라 변경지정하거나 보험금을 청구할 때에도 다음 각 호의 하나에 해당하여야 합니다.

1. 피보험자의 가족관계등록부상 또는 주민등록상의 배우자

2. 피보험자의 3촌 이내의 친족
---
① 계약자는 계약을 체결할 때 또는 계약을 체결한 이후 이 특약의 보험기간 중 다음 각 호의 어느 하나에 해당하는 자 중 1인을 보험금 대리청구인(이하 ""대리청구인""이라 합니다)으로 지정할 수 있습니다. 또한, 대리청구인은 제5 조(대리청구인의 변경지정)에 의한 변경지정 또는 제6조(대리청구인에 의한 보험금의 청구)에 의한 보험금 청구시에도 다음 각 호의 어느 하나에 해당하여야 합니다.

1. 피보험자와 동거하거나 피보험자와 생계를 같이 하고 있는 피보험자의 가족관계등록부상 또는 주민등록상의 배우자

2. 피보험자와 동거하거나 피보험자와 생계를 같이 하고 있는 피보험자의 3촌 이내의 친족

22121522000000071576

보험금 대리청구 지정서비스특약",250212원문재검증(v3정화),v3-offline-0488,multi_evidence,False
170,문서커버리지,"(간편)뇌출혈진단특약에서 뇌출혈 진단급여금을 받으려면 어떤 진단을 받아야 하며, 여러 번 진단받아도 반복 지급되나요?","특약보험기간 중 피보험자가 ""뇌출혈""로 진단확정 되었을 때 (다만, 최초 1회의 진단확정에 한함)",확정,"| 뇌출혈 진단급여금 | 특약보험기간 중 피보험자가 “뇌출혈”로 진단확정 되었을 때 (다만, 최초 1회에의 진단 확정에 한함) | 특약보험가입금액의 100% (다만, 계약일부터 1년 미만에 지급사유가 발생한 경우 특약보험가입금액의 50%를 지급함) |",기존3단계검수+250212원문재앵커링,v3-offline-0404,single_lookup,True
171,문서커버리지,(간편)[50%이상장해형]질병장해특약 가입자입니다. 질병으로 장해가 남았을 때 (50%이상) 질병장해급여금 대상이 되는 장해율 기준은 몇 %인가요?,"특약보험기간 중 피보험자가 질병을 직접적인 원인으로 특약보험기간 중 장해분류표(<부표2-2> 참조)에서 정한 장해지급률 중 50% 이상에 해당하는 장해상태가 되었을 경우 (다만, 최초 1회에 한함)",확정,"| (50%이상) 질병장해 급여금 | 특약보험기간 중 피보험자가 질병을 직접적인 원인으로 장해분류표(<부표 2-2> 참조)에서 정한 장해지급률 중 50%이상에 해당하는 장해상태가 되었을 경우 (다만, 최초 1회에 한함) | 특약보험가입금액의 100% |",기존3단계검수+250212원문재앵커링,v3-offline-0364,single_lookup,True
172,문서커버리지,(간편)[50%이상장해형]질병장해특약의 (50%이상) 질병장해급여금 지급액은 보험가입금액의 몇 %인가요?,특약보험가입금액의 100%,확정,"| (50%이상) 질병장해 급여금 | 특약보험기간 중 피보험자가 질병을 직접적인 원인으로 장해분류표(<부표 2-2> 참조)에서 정한 장해지급률 중 50%이상에 해당하는 장해상태가 되었을 경우 (다만, 최초 1회에 한함) | 특약보험가입금액의 100% |",기존3단계검수+250212원문재앵커링,v3-offline-0365,single_lookup,True
173,문서커버리지,(간편)[삭감없음용]일반암진단특약의 암진단급여금 지급액은 보험가입금액의 몇 %인가요?,암진단 급여금의 지급금액은 특약보험가입금액의 100%입니다.,확정,"| 암진단 급여금 | 특약보험기간 중 피보험자가 ""암"" 및 ""중증 갑상선암"" 보장개시일 이후에 ""여성유방암 및 전립선암, 이외의 암"" 또는 ""중증갑상선암""으로 진단확정 되었을 때 (다만, 최초 1회의 진단확정에 한함) | 특약보험가입금액의 100% |",250212원문재검증(v3정화),v3-offline-0385,single_lookup,True
174,문서커버리지,진심을품은일반암진단Plus특약의 올페이Plus 급여금은 어떤 암으로 진단받았을 때 지급되나요?,"이 판매약관(250212)에는 '진심을품은일반암진단Plus특약'과 '올페이Plus 급여금'이라는 특약·급부가 존재하지 않아, 이 문서만으로는 지급 대상 암종을 확인해 드릴 수 없습니다. 해당 명칭은 본 약관에 부가된 특약이 아닙니다.",불가,,250212원문재검증(v3정화),v3-offline-0525,not_answerable,False
175,문서커버리지,진심을품은일반암진단특약의 올페이 급여금은 어떤 암으로 진단받았을 때 지급되나요?,"이 판매약관(250212)에는 '진심을품은일반암진단특약'과 '올페이 급여금'이라는 특약·급부가 존재하지 않아, 이 문서만으로는 지급 대상 암종을 확인해 드릴 수 없습니다. 해당 명칭은 본 약관에 부가된 특약이 아닙니다.",불가,,250212원문재검증(v3정화),v3-offline-0526,not_answerable,False
176,문서커버리지,"급여주요뇌심장질환특정재활치료특약의 기본물리치료 급여금은 어떤 경우에 지급되며, 하루와 연간 지급 횟수는 어떻게 제한되나요?","특약보험기간 중 피보험자가 주요뇌심장질환으로 진단확정 되고, 그 주요뇌심장질환의 치료를 목적으로 특약보험기간 중 급여 주요뇌심장질환특정재활치료(기본물리치료)를 받았을 때 (다만, 1일 1회, 연간 30회에 한함)",확정,"| [기본물리] 급여주요뇌심장질환특정재활치료급여금 | 특약보험기간 중 피보험자가 주요뇌심장질환으로 진단확정 되고, 특약보험기간 중 그 주요뇌심장질환의 치료를 목적으로 급여 주요뇌심장질환특정재활치료(기본물리치료)를 받았을 때 (다만, 1일 1회, 연간 30회에 한함) | 특약보험가입금액의 0.2% (다만, ""간편심사형""에 한하여 최초계약의 계약일부터 1년 미만에 지급사유가 발생한 경우 ""특약보험가입금액의 0.1%""를 지급함) |",기존3단계검수+250212원문재앵커링,v3-offline-0475,single_lookup,True
177,문서커버리지,"뇌혈관질환으로 상급종합병원에 입원한 경우, 입원급여금의 지급 요건과 1회 입원당 보장일수는 어떻게 되나요?","특약보험기간 중 피보험자가 ""뇌혈관질환""으로 진단확정 되고, 그 ""뇌혈관질환""의 직접적인 치료를 목적으로 특약보험기간 중 상급종합병원에 1일이상 계속 입원하였을 때(다만, 1회 입원당 180일 한도)",확정,"| | 일반<br>심사형 | 특약보험기간 중 피보험자가 ""뇌혈관질환""으로 진단확정 되고, 특약보험기간 중 그 ""뇌혈관질환""의 직접적인 치료를 목적으로 상급종합병원에 1일이상 계속 입원하였을 때(다만, 1회 입원당 180일 한도) | |",기존3단계검수+250212원문재앵커링,v3-offline-0484,single_lookup,True
178,문서커버리지,(간편)간병인사용입원특약의 간병인사용 입원 (요양병원 제외)급여금은 가입 후 얼마가 지나야 전액을 받을 수 있나요?,"【간병인 사용일수 1일당】 특약보험가입금액의 1% (다만, “간편심사형”에 한하여 최초계약의 계약일부터 2년 미만에 재해 이외의 원인으로 지급사유가 발생한 경우 “특약보험가입금액의 0.5%”를 지급함)",확정,"| 간병인사용 입원(요양병원) 급여금 | 특약보험기간 중 「피보험자가 질병 또는 재해로 인한 그 직접적인 치료를 목적으로 1일 이상 계속하여 요양병원에 입원하며 간병인을 사용하여 실질적으로 간병서비스를 이용」하였을 때 (다만, 1회 입원당 사용일수 180일 한도) | 【간병인 사용일수 1일당】 특약보험가입금액의 1% (다만, “간편심사형”에 한하여 최초계약의 계약일부터 2년 미만에 재해 이외의 원인으로 지급사유가 발생한 경우 “특약보험가입금액의 0.5%”를 지급함) |",기존3단계검수+250212원문재앵커링,v3-offline-0388,single_lookup,True
179,문서커버리지,보험료를 자동대출로 납입하는 상태를 계속 유지할 수 있나요?,"자동대출납입기간은 최초 자동대출납입일부터 1년을 한도로 하며, 그 이후의 기간에 대한 자동대출납입을 위해서는 재신청을 하여야 합니다.",확정,"③ 제1항 및 제2항에 따른 자동대출납입기간은 최초 자동대출납입일부터 1년을 한도로 하며, 그 이후의 기간에 대한 자동대출납입을 위해서는 제1항에 따라 재신청을 하여야 합니다.",250212원문재검증(v3정화),v3-offline-0494,single_lookup,True
180,문서커버리지,"(간편)뇌혈관질환진단특약에서 뇌혈관질환 진단급여금을 받으려면 어떤 진단을 받아야 하며, 여러 번 진단받아도 반복 지급되나요?","특약보험기간 중 피보험자가 뇌혈관 질환으로 진단확정 되었을 때 (다만, 최초 1회의 진단확정에 한함)",확정,"| 구분 | 지급사유 | 지급금액 |
|------|----------|----------|
| 뇌혈관질환 진단급여금 | 특약보험기간 중 피보험자가 뇌혈관 질환으로 진단확정 되었을 때 (다만, 최초 1회의 진단확정에 한함) | 특약보험가입금액의 100% |",기존3단계검수+250212원문재앵커링,v3-offline-0411,single_lookup,True
181,문서커버리지,"급여 혈관조영술 검사급여금은 어떤 목적으로 검사를 받아야 지급되며, 연간 몇 회까지 보장되나요?","특약보험기간 중 피보험자가 「의료기관의 의사에 의하여 ""뇌심장질환""으로 진단 및 치료를 위한 필요소견을 토대로 특약보험기간 중 ""급여 혈관조영술검사""를 받았을 때 (다만, 연간 1회에 한함)",확정,"| 구분 | 지급사유 | 지급금액 |
|------|----------|----------|
| 급여<br>뇌심장질환<br>검사급여금 | 특약보험기간 중 피보험자가 「의료기관의 의사에 의하여 ""뇌심장질환""으로 진단 및 치료를 위한 필요소견을 토대로 ""급여뇌심장질환검사""를 받았을 때 (다만, 연간 1회에 한함) | 특약보험가입금액의 1% (다만, 최초계약의 계약일부터 1년 미만에 지급사유가 발생한 경우 ""특약보험가입금액의 0.5%""를 지급함) |
| 급여<br>혈관조영술<br>검사급여금 | 특약보험기간 중 피보험자가 「의료기관의 의사에 의하여 ""뇌심장질환""으로 진단 및 치료를 위한 필요소견을 토대로 ""급여 혈관조영술검사""를 받았을 때 (다만, 연간 1회에 한함) | 특약보험가입금액의 1% (다만, 최초계약의 계약일부터 1년 미만에 지급사유가 발생한 경우 ""특약보험가입금액의 0.5%""를 지급함) |
| | ※ 1년 미만 : 최초계약의 계약일부터 1년이 되는 시점의 계약해당일의 전날까지 | |
| | ※ 뇌심장질환 : 뇌질환, 뇌전증, 파킨슨병, 뇌수막염, 허혈심장질환, 류마티스심장질환 등 (세부사항은 <부표2-2> 참조) | |
| | ※ 급여뇌심장질환검사 : 뇌심장질환 CT/MRI, 심장초음파, 뇌파검사, 뇌척수액 검사 (세부사항은 <부표2-3> 참조) | |
| | ※ 급여혈관조영술검사 : 뇌혈관조영술, 관상동맥조영술 (세부사항은 <부표2-4> 참조) | |",기존3단계검수+250212원문재앵커링,v3-offline-0469,single_lookup,True
182,문서커버리지,"급여뇌심장질환특정검사지원특약의 검사급여금은 어떤 목적으로 검사를 받아야 지급되며, 연간 몇 회까지 보장되나요?","특약보험기간 중 피보험자가 「의료기관의 의사에 의하여 ""뇌심장질환""으로 진단 및 치료를 위한 필요소견을 토대로 특약보험기간 중 ""급여뇌심장질환검사""를 받았을 때 (다만, 연간 1회에 한함)",확정,"| 급여<br>뇌심장질환<br>검사급여금 | 특약보험기간 중 피보험자가 「의료기관의 의사에 의하여 ""뇌심장질환""으로 진단 및 치료를 위한 필요소견을 토대로 ""급여뇌심장질환검사""를 받았을 때 (다만, 연간 1회에 한함) | 특약보험가입금액의 1% (다만, 최초계약의 계약일부터 1년 미만에 지급사유가 발생한 경우 ""특약보험가입금액의 0.5%""를 지급함) |",기존3단계검수+250212원문재앵커링,v3-offline-0471,single_lookup,True
183,문서커버리지,"(간편)허혈심장질환진단특약에서 허혈심장질환 진단급여금을 받으려면 어떤 진단을 받아야 하며, 여러 번 진단받아도 반복 지급되나요?","특약보험기간 중 피보험자가 허혈심장 질환으로 진단확정 되었을 때 (다만, 최초 1회의 진단확정에 한함)",확정,"| 허혈심장질환 진단급여금 | 특약보험기간 중 피보험자가 허혈심장 질환으로 진단확정 되었을 때 (다만, 최초 1회의 진단확정에 한함) | 특약보험가입금액의 100% |",기존3단계검수+250212원문재앵커링,v3-offline-0447,single_lookup,True
184,문서커버리지,급여 갑상선 바늘생검 조직병리진단급여금은 연간 몇 회까지 받을 수 있나요?,"특약보험기간 중 피보험자가 보장개시일 이후에 「의료기관의 의사에 의하여 질병 진단 및 치료를 위한 필요 소견을 토대로 특약보험기간 중 ""급여 갑상선 바늘생검 조직병리진단""」을 받았을 때 (다만, 연간 1회에 한함)",확정,"| 급여 갑상선 바늘생검 조직병리진단 급여금 | 특약보험기간 중 피보험자가 보장개시일 이후에 「의료기관의 의사에 의하여 질병 진단 및 치료를 위한 필요 소견을 토대로 ""급여 갑상선 바늘생검 조직병리진단""」을 받았을 때 (다만, 연간 1회에 한함) | 특약보험가입금액의 1% (다만, 최초계약의 계약일부터 1년 미만에 지급사유가 발생한 경우 ""특약보험가입금액의 0.5%""를 지급함) |",기존3단계검수+250212원문재앵커링,v3-offline-0464,single_lookup,True
185,문서커버리지,허혈심장질환 치료를 위해 상급종합병원에 통원하면 하루와 연간 몇 회까지 통원급여금을 받을 수 있나요?,"특약보험기간 중 피보험자가 ""허혈심장질환""의 직접적인 치료를 목적으로 특약보험기간 중 상급종합병원에 통원하였을 때 (통원 1회당, 1일 1회, 연간 30회에 한함)",확정,"| 허혈심장질환<br>상급종합병원<br>통원급여금 | 간편<br>심사형 | 특약보험기간 중 피보험자가 “허혈심장질환”의 직접적인 치료를 목적으로 상급종합병원에 통원하였을 때 (통원 1회당, 1일 1회, 연간 30회에 한함) |",기존3단계검수+250212원문재앵커링,v3-offline-0549,single_lookup,True
186,문서커버리지,"(간편)암주요치료비특약에서 기타피부암 및 갑상선암 주요치료급여금은 최초 진단확정일로부터 최대 몇 년간, 몇 회까지 지급되나요?","기타피부암 및 갑상선암 주요치료급여금은 특약보험기간 중 피보험자가 보장개시일 이후에 「기타피부암 또는 갑상선암」으로 최초 진단확정 되고, ""기타피부암 및 갑상선암 보험금 지급기간"" 이내에 「기타피부암 또는 갑상선암」의 직접적인 치료를 목적으로 ""기타피부암 및 갑상선암 주요치료""를 받았을 때 지급되며, 최초 진단확정일로부터 주요치료를 합하여 최대 10년간, 연간 1회에 한하여 지급합니다(최대 10회 지급). 지급금액은 특약보험가입금액의 100%입니다.",확정,"| 기타피부암 및 갑상선암 주요치료 급여금 | 특약보험기간 중 피보험자가 보장개시일 이후에 「기타피부암 또는 갑상선암」으로 최초 진단확정 되고, “기타피부암 및 갑상선암 보험금 지급기간” 이내에 「기타피부암 또는 갑상선암」의 직접적인 치료를 목적으로 “기타피부암 및 갑상선암 주요치료”를 받았을 때 [다만, 최초 진단확정일로부터 「기타피부암 또는 갑상선암」의 주요치료를 합하여 최대 10년간, 연간 1회에 한하여 지급함 (최대 10회지급)] | 특약보험가입금액의 100% |",250212원문재검증(v3정화),v3-offline-0500,single_lookup,True
187,문서커버리지,사고로 치아 이외의 부위가 골절된 경우 재해골절 치료급여금을 받을 수 있나요?,특약보험기간 중 피보험자에게 재해가 발생하고 그 재해를 직접적인 원인으로 특약보험기간 중 재해골절(치아파절 제외)로 진단이 확정되었을 때,확정,"S

| 구분 | 지급사유 | 지급금액 |
|------|----------|----------|
| 재해골절 치료급여금 | 특약보험기간 중 피보험자에게 재해가 발생하고 그 재해를 직접적인 원인으로 재해골절(치아파절 제외)로 진단이 확정되었을 때 | 【골절 1회당】 특약보험가입금액의 1% |

주) 1. 「이 특약의 피보험자가 특약보험기간 중 사망하였을 경우」 또는 「주계약이 해지, 무효, 취소 또는 철회된 경우」 이 특약은 그때부터 더 이상 효력이 없습니다.

2. ""재해골절치료급여금""에서 재해골절(치아파절 제외)은 치아의 파절(분류번호 S02.5)을 제외합니다.",기존3단계검수+250212원문재앵커링,v3-offline-0497,single_lookup,True
188,문서커버리지,(간편)뇌혈관·허혈심장질환입원특약의 뇌혈관질환 입원급여금은 가입 후 1년 안에 사유가 발생한 경우와 1년 이후의 지급률이 어떻게 다른가요?,"뇌혈관질환 입원급여금은 【입원일수 1일당】 특약보험가입금액의 1%를 지급하며, 다만 “간편심사형”에 한하여 계약일부터 1년 미만에 지급사유가 발생한 경우에는 “특약보험가입금액의 0.5%”를 지급합니다. 입원은 1회 입원당 180일 한도입니다.",확정,"| 구분 | 지급사유 | 지급금액 |
|------|------------|----------|
| 뇌혈관질환<br>입원급여금 | 간편<br>심사형 | 특약보험기간 중 피보험자가 “뇌혈관질환”의 직접적인 치료를 목적으로 1일이상 계속 입원하였을 때(다만, 1회 입원당 180일 한도) |
| | 일반<br>심사형 | 특약보험기간 중 피보험자가 “뇌혈관질환”으로 진단확정 되고, 특약보험기간 중 그 “뇌혈관질환”의 직접적인 치료를 목적으로 1일이상 계속 입원하였을 때(다만, 1회 입원당 180일 한도) |
| 허혈심장질환<br>입원급여금 | 간편<br>심사형 | 특약보험기간 중 피보험자가 “허혈심장질환”의 직접적인 치료를 목적으로 1일이상 계속 입원하였을 때(다만, 1회 입원당 180일 한도) |
| | 일반<br>심사형 | 특약보험기간 중 피보험자가 “허혈심장질환”으로 진단확정 되고, 특약보험기간 중 그 “허혈심장질환”의 직접적인 치료를 목적으로 1일이상 계속 입원하였을 때(다만, 1회 입원당 180일 한도) |
| | 지급금액 | 【입원일수 1일당】<br>특약보험가입금액의 1% (다만, “간편심사형”에 한하여 계약일부터 1년 미만에 지급사유가 발생한 경우 “특약보험가입금액의 0.5%”를 지급함) |
| | 지급금액 | 【입원일수 1일당】<br>특약보험가입금액의 1% (다만, “간편심사형”에 한하여 계약일부터 1년 미만에 지급사유가 발생한 경우 “특약보험가입금액의 0.5%”를 지급함) |",250212원문재검증(v3정화),v3-offline-0409,single_lookup,True
189,문서커버리지,(간편)뇌혈관·허혈심장질환입원특약의 허혈심장질환 입원급여금은 가입 후 1년 안에 사유가 발생한 경우와 1년 이후의 지급률이 어떻게 다른가요?,"허혈심장질환 입원급여금은 【입원일수 1일당】 특약보험가입금액의 1%를 지급하며, 다만 “간편심사형”에 한하여 계약일부터 1년 미만에 지급사유가 발생한 경우에는 “특약보험가입금액의 0.5%”를 지급합니다. 입원은 1회 입원당 180일 한도이며, 여기서 1년 미만은 계약일부터 1년이 되는 시점의 계약해당일의 전날까지를 말합니다.",확정,"| 허혈심장질환<br>입원급여금 | 간편<br>심사형 | 특약보험기간 중 피보험자가 “허혈심장질환”의 직접적인 치료를 목적으로 1일이상 계속 입원하였을 때(다만, 1회 입원당 180일 한도) |
| | 일반<br>심사형 | 특약보험기간 중 피보험자가 “허혈심장질환”으로 진단확정 되고, 특약보험기간 중 그 “허혈심장질환”의 직접적인 치료를 목적으로 1일이상 계속 입원하였을 때(다만, 1회 입원당 180일 한도) |
| | 지급금액 | 【입원일수 1일당】<br>특약보험가입금액의 1% (다만, “간편심사형”에 한하여 계약일부터 1년 미만에 지급사유가 발생한 경우 “특약보험가입금액의 0.5%”를 지급함) |
| | 지급금액 | 【입원일수 1일당】<br>특약보험가입금액의 1% (다만, “간편심사형”에 한하여 계약일부터 1년 미만에 지급사유가 발생한 경우 “특약보험가입금액의 0.5%”를 지급함) |

※ 1년 미만 : 계약일부터 1년이 되는 시점의 계약해당일의 전날까지",250212원문재검증(v3정화),v3-offline-0410,single_lookup,True
190,문서커버리지,(간편)암주요치료비특약에서 '기타피부암 및 갑상선암 보험금 지급기간'은 어떻게 정해지나요?,"""기타피부암 및 갑상선암 보험금 지급기간""이라 함은 「기타피부암 또는 갑상선암」 최초 진단확정일로부터 10년까지의 기간으로 보험금 지급 대상이 되는 기간을 말합니다. 다만, 10차년도에 ""기타피부암 및 갑상선암 주요치료""를 받은 경우에는 「기타피부암 또는 갑상선암」 최초 진단확정일로부터 그 치료를 받은 날까지를 ""기타피부암 및 갑상선암 보험금 지급기간""으로 합니다.",확정,"⑧ 제2-2조(보험금의 지급사유) [기타피부암 및 갑상선암 주요치료 보장계약]에서 ""기타피부암 및 갑상선암 보험금 지급기간""이라 함은 「기타피부암 또는 갑상선암」 최초 진단확정일로부터 10년까지의 기간으로 보험금 지급 대상이 되는 기간을 말합니다. 다만, 10차년도에 ""기타피부암 및 갑상선암 주요치료""를 받은 경우에는 「기타피부암 또는 갑상선암」 최초 진단확정일로부터 그 치료를 받은 날까지를 ""기타피부암 및 갑상선암 보험금 지급기간""으로 합니다.

⑨ 피보험자가 보험기간 중 보장개시일 이후에 「기타피부암 또는 갑상선암」으로 최초 진단확정 되고 보험기간이 만료되더라도 「기타피부암 및 갑상선암 보험금 지급기간」이 만료되지 않았을 경우에는 보험기간 만기와 관계없이 제2-2조(보험금의 지급사유)에 따라 <부표2-1> ""보험금 지급기준표""에서 정한 기타피부암 및 갑상선암 주요치료급여금을 보장합니다.

⑩ 회사는 피보험자가 ""기타피부암 및 갑상선암 보험금 지급기간"" 이내에 「기타피부암 또는 갑상선암」의 직접적인 치료를 목적으로 제2-1조의 9(""암, 대장점막내암 및 비침습방광암 주요치료"" 및 ""기타피부암 및 갑상선암 주요치료""의 정의) 제2항에서 정한 수술, 항암약물치료, 항암방사선치료를 각각 연간 1회 이상 이용한 경우에도 이용횟수와 관계없이 연간 1회의 이용으로 간주하여 기타피부암 및 갑상선암 주요치료급여금을 연간 1회만 지급합니다.

제2-4조 보험금을 지급하지 않는 사유

회사는 다음 중 어느 한 가지로 보험금 지급사유가 발생한 때에는 보험금",250212원문재검증(v3정화),v3-offline-0496,single_lookup,True
191,문서커버리지,같은 질병으로 여러 번 입원해 간병인을 사용하면 입원할 때마다 185일씩 보장되나요?,"아닙니다. 동일한 질병 또는 재해로 인하여 2회 이상 입원한 경우에는 1회 입원으로 보고 각 사용일수를 더하여 적용하며, 사용일수는 각각 1회 입원당 180일을 최고 한도로 합니다. 다만, 각 보장계약에 해당하는 급여금이 지급된 최종 사용일의 다음 날부터 180일이 지난 후 사용한 간병인 또는 간호·간병통합서비스는 새로운 입원에 대한 사용으로 봅니다.",확정,"⑦ 제2-2조(보험금의 지급사유)의 경우 ""사용일수"" 및 ""사용일""은 ""간병인 또는 간호·간병통합서비스""의 사용일수 및 사용일을 말합니다.

⑧ 제2-2조(보험금의 지급사유)의 경우 사용일수는 각각 1회 입원당 180일을 최고 한도로 합니다. 다만, 특약이 갱신되어 입원이 갱신 전후에 계속되는 경우에 그 지급일수는 갱신 전후에 계속되는 총 입원일을 기준으로 1회 입원당 180일을 최고 한도로 하여 계산합니다.

⑨ 제2-2조(보험금의 지급사유)의 경우 피보험자가 동일한 질병 또는 재해로 인하여 2회 이상 입원한 경우에는 1회 입원으로 보고 각 사용일수를 더하여 제8항을 적용합니다.

⑩ 제9항에도 불구하고 동일한 질병 또는 재해에 의한 입원이라도 각 보장계약에 해당하는 급여금이 지급된 최종 사용일의 다음 날부터 180일이 지난 후 사용한 간병인 또는 간호·간병통합서비스는 새로운 입원에 대한 간병인 또는 간호·간병통합서비스의 사용으로 봅니다. 다만, 아래와 같이 각 보장계약에 해당하는 급여금이 지급된 최종 사용일부터 180일이 경과하도록 퇴원 없이 계속 입원중인 경우에는 각 보장계약에 해당하는 급여금이 지급된 최종 사용일의 다음 날부터 180일이 지난 후 사용한 간병인 또는 간호·간병통합서비스는 새로운 입원에 대한 간병인 또는 간호·간병통합서비스의 사용으로 봅니다.

[ 보상기간 예시 ]",250212원문재검증(v3정화),v3-offline-0462,single_lookup,True
192,문서커버리지,암 MRI검사 지원비는 계약일부터 1년 미만일 때와 1년 이후에 각각 얼마가 지급되나요?,"이 판매약관에는 '암 MRI검사 지원비'라는 급부가 존재하지 않아, 계약일부터 1년 미만·1년 이후의 지급액을 확인해 드릴 수 없습니다. 본 약관에서 MRI는 급여6대질병진단검사의 검사 항목으로만 언급됩니다.",불가,,250212원문재검증(v3정화),v3-offline-0504,not_answerable,False
193,문서커버리지,"(간편)[기본]허혈심장질환진단특약에서 허혈심장질환진단급여금을 받으려면 어떤 진단을 받아야 하며, 여러 번 진단받아도 반복 지급되나요?","허혈심장질환진단급여금은 특약보험기간 중 피보험자가 허혈심장질환으로 진단확정 되었을 때 지급되며, 최초 1회의 진단확정에 한하므로 여러 번 진단받더라도 반복하여 지급되지 않습니다.",확정,"S

| 구분 | 지급사유 | 지급금액 |
|------|----------|----------|
| 허혈심장질환진단급여금 | 특약보험기간 중 피보험자가 허혈심장질환으로 진단확정 되었을 때 (다만, 최초 1회의 진단확정에 한함) | 특약보험가입금액의 100% (다만, 최초계약의 계약일부터 1년 미만에 지급사유가 발생한 경우 “특약보험가입금액의 50%”를 지급함) |

※ 1년 미만 : 최초계약의 계약일부터 1년이 되는 시점의 계약해당일의 전날까지

주) 「이 특약의 피보험자가 특약보험기간 중 사망하거나 이 특약의 보험금 지급사유가 더 이상 발생할 수 없는 경우」 또는 「주계약이 해지, 무효, 취소 또는 철회된 경우」 이 특약은 그때부터 더 이상 효력이 없습니다. 다만, 특약보험기간 중 피보험자가 사망한 경우에는 산출방법서에서 정하는 바에 따라 회사가 적립한 사망당시의 계약자적립액을 계약자에게 지급합니다.",250212원문재검증(v3정화),v3-offline-0380,single_lookup,True
194,문서커버리지,"(간편)[기본]뇌혈관질환진단특약에서 뇌혈관질환진단급여금을 받으려면 어떤 진단을 받아야 하며, 여러 번 진단받아도 반복 지급되나요?","뇌혈관질환진단급여금은 특약보험기간 중 피보험자가 뇌혈관질환으로 진단확정 되었을 때 지급되며, 최초 1회의 진단확정에 한하므로 여러 번 진단받더라도 반복하여 지급되지 않습니다.",확정,"S

| 구분 | 지급사유 | 지급금액 |
|------|----------|----------|
| 뇌혈관질환진단급여금 | 특약보험기간 중 피보험자가 뇌혈관질환으로 진단확정 되었을 때 (다만, 최초 1회의 진단확정에 한함) | 특약보험가입금액의 100% (다만, 최초계약의 계약일부터 1년 미만에 지급사유가 발생한 경우 ""특약보험가입금액의 50%""를 지급함) |

※ 1년 미만 : 최초계약의 계약일부터 1년이 되는 시점의 계약해당일의 전날까지

주) 「이 특약의 피보험자가 특약보험기간 중 사망하거나 이 특약의 보험금 지급사유가 더 이상 발생할 수 없는 경우」 또는 「주계약이 해지, 무효, 취소 또는 철회된 경우」 이 특약은 그때부터 더 이상 효력이 없습니다. 다만, 특약보험기간 중 피보험자가 사망한 경우에는 산출방법서에서 정하는 바에 따라 회사가 적립한 사망당시의 계약자적립액을 계약자에게 지급합니다.",250212원문재검증(v3정화),v3-offline-0379,single_lookup,True
195,문서커버리지,"(간편)암주요치료비특약의 암, 대장점막내암 및 비침습방광암 항암호르몬약물 치료급여금 지급액은 보험가입금액의 몇 %인가요?","(간편)암주요치료비특약에서 암, 대장점막내암 및 비침습방광암의 항암화학요법 또는 항암면역요법 치료에 대해서는 보험가입금액의 100%가 지급됩니다. 단, 항암호르몬약물치료(호르몬 관련 치료제)는 급여금 지급 대상에 포함되지 않습니다.",확정,"· 종양의 발생부위 및 피보험자의 신체상태 등의 이유로 조직을 추출하는 경우 생명의 위험을 초래할 수 있어 병리학적 검사를 시행할 수 없는 경우

제2-1조의6 ""항암약물치료""의 정의

이 특약에 있어서 ""항암약물치료""라 함은 의료법 제3조(의료기관)에서 규정(<별첨1> 참조)한 해당 진료과목의 전문의 자격증을 가진 자가 피보험자의 암, 대장점막내암, 비침습방광암 또는 갑상선암의 직접적인 치료를 목적으로 항암화학요법 또는 항암면역요법에 의해 항암약물을 투여하여 치료하는 것을 말합니다. 다만, 항암면역요법이란 면역기전을 이용해서 암세포를 제거하는 치료를 말하며, 암세포가 없는 상태에서 면역력을 증가시키는 약물치료는 제외됩니다.

제2-1조의7 “특정항암호르몬치료제” 및 “특정항암호르몬약물허가치료”의 정의

① ""특정항암호르몬치료제""란 암의 발생과 성장에 호르몬을 이용하는 암종에서 사용되는 항암약물치료제로, 암세포의 성장과 확산을 억제하거나 진행 속도를 늦추기 위한 목적으로 호르몬을 차단하거나 호르몬 양을 감소시키는데 작용하는 호르몬 관련 치료제를 말합니다.
---
[암, 대장점막내암 및 비침습방광암 주요치료 보장계약]

| 구분 | 지급사유 | 지급금액 |
|------|----------|----------|
| 암, 대장점막내암 및 비침습방광암 주요치료급여금 | 특약보험기간 중 피보험자가 보장개시일(""암""의 경우 암보장개시일) 이후에 「암, 대장점막내암 또는 비침습방광암」으로 최초 진단확정 되고, ""암, 대장점막내암 및 비침습방광암 보험금 지급기간"" 이내에 「암, 대장점막내암 또는 비침습방광암」의 직접적인 치료를 목적으로 ""암, 대장점막내암 및 비침습방광암 주요치료""를 받았을 때 [다만, 최초 진단확정일로부터「암, 대장점막내암 또는 비침습방광암」의 주요치료를 합하여 최대 10년간, 연간 1회에 한하여 지급함(최대 10회지급)] | 특약보험가입금액의 100% |

주) 1. 「이 특약의 피보험자가 특약보험기간 또는 “암, 대장점막내암 및 비침습방광암 보험금 지급기간” 중 사망하거나 이 특약의 보험금 지급사유가 더 이상 발생할 수 없는 경우」 또는 「주계약이 해지, 무효, 취소 또는 철회된 경우」 이 특약은 그때부터 효력이 없습니다. 다만, 특약보험기간 또는 “암, 대장점막내암 및 비침습방광암 보험금 지급기간” 중 피보험자가 사망한 경우에는 산출방법서에서 정하는 바에 따라 회사가 적립한 사망당시의 계약자적립액을 계약자에게 지급합니다.

2. 특약보험료 납입기간 중 다음 중 어느 한 가지에 해당될 경우 이 특약의 차회 이후 보험료 납입을 면제합니다.
---
2. 「기타피부암 또는 갑상선암」의 직접적인 치료를 목적으로 제2-1조의 7(「항암약물치료」의 정의)에서 정한 항암약물치료 또는 제2-1조의 8(「항암방사선치료」의 정의)에서 정한 항암방사선치료를 받은 경우

3. 제2항 제1호 및 제2호에도 불구하고, 「기타피부암 또는 갑상선암」으로 인하여 「호스피스·완화의료 및 임종과정에 있는 환자의 연명의료 결정에 관한 법률」제2조 제3호에 해당하는 말기환자에 대한 호스피스·완화의료 치료는 「기타피부암 및 갑상선암 주요치료」로 봅니다.

③ ""암, 대장점막내암 및 비침습방광암 주요치료"" 및 ""기타피부암 및 갑상선암 주요치료""에는 다음 각 호의 사항은 포함되지 않습니다.

1. 식이요법, 명상요법 등 「암, 대장점막내암 또는 비침습방광암」 또는 「기타피부암 또는 갑상선암」의 제거 또는 「암, 대장점막내암 또는 비침습방광암」 또는 「기타피부암 또는 갑상선암」의 증식 억제를 위하여 의학적으로 안전성과 유효성이 입증되지 않은 치료

2. 면역력 강화 치료",기존3단계검수+250212원문재앵커링,v3-offline-0426,multi_evidence,False
196,문서커버리지,암주요치료비특약 가입자가 사망하면 특약과 적립금은 어떻게 되나요?,피보험자가 보험기간 중 사망하면 특약은 효력을 잃습니다. 회사는 산출방법서에 따라 사망 당시의 계약자적립액을 계약자에게 지급합니다.,확정,"2. 이 특약의 피보험자가 특약보험기간 중 사망하였을 경우

3. 이 특약의 보험금 지급사유가 더 이상 발생할 수 없는 경우

② 이 특약의 피보험자가 특약보험기간 중 사망한 경우에는 이 특약의 ""보험료 및 해약환급금 산출방법서""에서 정하는 바에 따라 회사가 적립한 사망 당시의 계약자적립액을 계약자에게 지급하며, 제1항에 따라 이 특약은 그때부터 효력이 없습니다.

③ 제2항의 계약자적립액 지급사유가 발생한 경우 계약자는 제1-5조(보험금 등의 청구)의 서류 중 계약자적립액 지급과 관련된 서류를 제출하고 계약자적립액을 청구하여야 합니다. 계약자적립액의 지급절차는 제1-6 조(보험금 등의 지급절차)를 따릅니다. 다만, 제1-6조(보험금 등의 지급절차) 제2항에도 불구하고 계약자적립액 지급기일의 다음날부터 지급일까지의 기간에 대한 이자의 계산은 보험계약대출이율을 연단위 복리로 계산합니다.

제4관 특약의 해지 및 해약환급금 등",기존3단계검수+250212원문재앵커링,v3-offline-0510,single_lookup,True
197,문서커버리지,제자리암이라는 결과를 받았는데 어떤 검사를 기준으로 진단이 확정되나요?,"병리과 전문의가 조직검사, 미세바늘흡인검사 또는 혈액검사의 현미경 소견을 기초로 진단해야 하며, 결과보고 시점을 진단확정 시점으로 봅니다.",확정,"⑤ 이 특약에 있어서 ""기타피부암""이라 함은 제8차 개정 한국표준질병·사인분류 중 분류코드 C44[기타피부의 악성신생물(암)]에 해당하는 질병을 말합니다.

⑥ 이 특약에 있어서 ""갑상선암""이라 함은 <부표2-5> ""갑상선암 분류표""에 해당하는 질병을 말합니다.

⑦ ""암"", ""기타피부암"" 및 ""갑상선암""의 진단확정은 병리과 또는 진단검사 의학과 전문의 자격증을 가진 자에 의하여 내려져야 하며, 이 진단은 조직(fixed tissue)검사, 미세바늘흡인검사(fine needle aspiration biopsy)[다만, ""갑상선암""의 경우 미세바늘흡인검사(fine needle aspiration)] 또는 혈액(hemic system)검사에 대한 현미경 소견을 기초로 하여야 하며, 이 경우 ""암"", ""기타피부암"" 및 ""갑상선암""의 진단확정 시점은 상기 검사에 의한 결과보고 시점으로 합니다.

⑧ 제7항에 따른 진단이 가능하지 않을 때에는 피보험자가 ""암"", ""기타피부암"" 및 ""갑상선암""으로 진단 또는 치료를 받고 있음을 증명할 만한 문서화된 기록 또는 증거가 있어야 합니다.

암",기존3단계검수+250212원문재앵커링,v3-offline-0521,single_lookup,True
198,문서커버리지,(간편)질병수술(8대특정수술제외)특약의 질병수술 (8대특정수술 제외)급여금 지급액은 보험가입금액의 몇 %인가요?,"질병수술(8대특정수술 제외)급여금은 특약보험가입금액의 1%를 지급합니다. 다만, 계약일부터 1년 미만에 지급사유가 발생한 경우에는 “특약보험가입금액의 0.5%”를 지급합니다.",확정,"| 구분 | 지급사유 | 지급금액 |
| --- | --- | --- |
| 질병수술 (8대특정수술 제외) 급여금 | 특약보험기간 중 피보험자가 질병 (특정다빈도 7대질병 제외)으로 인한 그 직접적인 치료를 목적으로 수술 (제왕절개 제외)을 받았을 때 (다만, 동일 질병당 1회에 한함) | 특약보험가입금액의 1% (다만, 계약일부터 1년 미 만에 지급사유가 발생한 경우 “특약보험가입금액의 0.5%”를 지급함) |

※ 1년 미만 : 계약일부터 1년이 되는 시점의 계약해당일의 전날까지",250212원문재검증(v3정화),v3-offline-0434,single_lookup,True
199,문서커버리지,(간편)질병수술(백내장및대장용종제외)특약의 질병수술 (백내장 및 대장용종 제외)급여금 지급액은 보험가입금액의 몇 %인가요?,"질병수술(백내장 및 대장용종 제외)급여금은 특약보험가입금액의 1%를 지급합니다. 다만, 계약일부터 1년 미만에 지급사유가 발생한 경우에는 “특약보험가입금액의 0.5%”를 지급합니다.",확정,"| 구분 | 지급사유 | 지급금액 |
| --- | --- | --- |
| 질병수술<br>(백내장 및<br>대장용종 제외)<br>급여금 | 특약보험기간 중 피보험자가 “질병<br>(백내장 및 대장용종 제외)”으로 인<br>한 그 직접적인 치료를 목적으로<br>수술을 받았을 때 (다만, 동일 질<br>병당 1회에 한함) | 특약보험가입금액의 1%<br>(다만, 계약일부터 1년 미<br>만에 지급사유가 발생한<br>경우 “특약보험가입금액의<br>0.5%”를 지급함) |

※ 1년 미만 : 계약일부터 1년이 되는 시점의 계약해당일의 전날까지",250212원문재검증(v3정화),v3-offline-0435,single_lookup,True
200,문서커버리지,(간편)[기본]뇌혈관질환진단특약의 뇌혈관질환진단급여금은 계약일부터 1년 미만에 진단확정되면 절반으로 감액되나요?,"네. 뇌혈관질환진단급여금은 특약보험가입금액의 100%이지만, 계약일부터 1년 미만에 지급사유가 발생한 경우에는 “특약보험가입금액의 50%”를 지급합니다. 여기서 1년 미만은 계약일부터 1년이 되는 시점의 계약해당일의 전날까지를 말합니다.",확정,"| 구분 | 지급사유 | 지급금액 |
| --- | --- | --- |
| 뇌혈관질환진단급여금 | 특약보험기간 중 피보험자가 뇌혈관질환으로 진단확정 되었을 때 (다만, 최초 1회의 진단확정에 한함) | 특약보험가입금액의 100% (다만, 계약일부터 1년 미만에 지급사유가 발생한 경우 “특약보험가입금액의 50%”를 지급함) |

※ 1년 미만 : 계약일부터 1년이 되는 시점의 계약해당일의 전날까지",250212원문재검증(v3정화),v3-offline-0482,single_lookup,True
201,문서커버리지,보험금을 한 번 받은 뒤에도 주계약이 계속 유지되나요?,"보험금을 한 번 받았다는 사실만으로 계약의 효력이 없어지는 것은 아닙니다. 이 약관은 “보험기간 중 피보험자가 사망하거나 이 약관에서 정하는 보험금 지급사유가 더 이상 발생할 수 없는 경우에는 이 계약은 그때부터 효력이 없습니다”라고 정하고 있으므로, 피보험자가 사망하거나 보험금 지급사유가 더 이상 발생할 수 없는 경우에 해당하지 않는 한 주계약은 계속 유지됩니다.",확정,"| 사망보험금 | 보험기간 중 피보험자가 사망하였을 때 | 보험가입금액의 100% (다만, ""간편심사형""에 한하여 계약일부터 2년 미만에 재해 이외의 원인으로 지급사유가 발생한 경우 ""보험가입금액의 50%""를 지급함) |

※ 2년 미만 : 계약일부터 2년이 되는 시점의 계약해당일의 전날까지

주) 1. 보험기간 중 피보험자가 사망하거나 이 약관에서 정하는 보험금 지급사유가 더 이상 발생할 수 없는 경우에는 이 계약은 그때부터 효력이 없습니다.

2. 주계약은 납입면제가 없습니다. 다만, 이 주계약의 보험료를 납입면제 할 수 있는 특약을 가입한 경우, 보험료 납입기간 중 피보험자가 해당 특약에 서 정하는 기준에 따라 납입면제 사유에 해당되는 경우에는 차회 이후 주 계약의 보험료 납입을 면제합니다.

3. 사망 당시에 이미 납입한 주계약 보험료가 주계약의 사망보험금을 초과하는 경우, 이미 납입한 주계약 보험료를 사망보험금으로 지급하여 드립니다.",250212원문재검증(v3정화),v3-offline-0491,single_lookup,True
202,문서커버리지,설계사가 준 안내자료와 약관 내용이 다르면 어느 내용으로 계약된 것으로 보나요?,회사가 제작한 보험안내자료가 약관과 다르면 계약자에게 유리한 내용으로 계약이 성립된 것으로 봅니다.,확정,"① 회사는 일반금융소비자에게 청약을 권유하거나 일반금융소비자가 설명을 요청하는 경우 보험상품에 관한 중요한 사항을 계약자가 이해할 수 있도록 설명하고 계약자가 이해하였음을 서명(전자서명법 제2조 제2호 (<별첨1> 참조)에 따른 전자서명을 포함), 기명날인 또는 녹취 등을 통해 확인받아야 하며, 설명서를 제공하여야 합니다.

② 설명서, 약관, 계약자 보관용 청약서 및 보험증권의 제공 사실에 관하여 계약자와 회사간에 다툼이 있는 경우에는 회사가 이를 증명하여야 합니다.

③ 보험설계사 등이 모집과정에서 사용한 회사 제작의 보험안내자료(계약의 청약을 권유하기 위해 만든 자료 등을 말합니다) 내용이 이 약관의 내용과 다른 경우에는 계약자에게 유리한 내용으로 계약이 성립된 것으로 봅니다.

제40조 회사의 손해배상책임

① 회사는 계약과 관련하여 임·직원, 보험설계사 및 대리점의 책임있는 사유로 계약자, 피보험자 및 보험수익자에게 발생된 손해에 대하여 관계 법령 등에 따라 손해배상의 책임을 집니다.",기존3단계검수+250212원문재앵커링,v3-offline-0502,single_lookup,True
203,문서커버리지,보험금을 거절당한 뒤 질병 코드 기준이 바뀌어 새 기준으로는 보장 대상이 되었습니다. 기존 거절 결과도 다시 판단하나요?,"아닙니다. 진단 당시의 분류 기준으로 판단하며, 이후 코드가 변경되어도 기존 지급 여부를 다시 판단하지 않습니다.",확정,"제2조의2 한국표준질병·사인분류 적용 기준

① 이 약관(특약포함)에서 한국표준질병·사인분류 상의 질병 및 재해 분류 코드는 제8차 한국표준질병·사인분류(통계청 고시 제2020-175호, 2021.1.1. 시행) 상의 분류코드이며, 이후 한국표준질병·사인분류가 개정되는 경우에는 질병의 진단 및 재해 발생 당시에 시행되고 있는 한국 표준질병·사인분류를 기준으로 판단합니다.

② 이 약관(특약포함)에서 정한 보험금 지급 여부의 판단은 질병의 진단 및 재해 발생 당시의 한국표준질병·사인분류를 기준으로 하며, 이후 한국표준질병·사인분류 개정으로 분류코드가 변경되더라도 이 약관(특약포함)에서 보장하는 분류코드의 해당 여부를 다시 판단하지 않습니다.

③ 제1항을 적용함에 있어 이 약관(특약포함)에서 진단 기준을 별도로 정한 경우에는 그에 따릅니다.

_____________________________________________________________",기존3단계검수+250212원문재앵커링,v3-offline-0486,single_lookup,True
204,문서커버리지,고액암으로 두 번 진단받으면 진단급여금도 두 번 받을 수 있나요?,아닙니다. 고액암보장개시일 이후 고액암으로 진단확정된 경우 최초 1회에 한해 진단급여금을 지급합니다.,확정,"제2관 보험금의 지급

제2-2조 보험금의 지급사유

회사는 특약보험기간 중 피보험자가 고액암보장개시일 이후에 ""고액암""으로 진단 확정 되었을 때에는 보험수익자에게 약정한 고액암진단급여금(<부표2-1> ""보험금 지급기준표"" 참조)을 지급합니다. (다만, 최초 1회의 진단확정에 한함)

제2-3조 보험금 지급에 관한 세부규정

① 특약보험료 납입기간 중 주계약의 보험료 납입이 면제된 경우 이 특약의 차회 이후 보험료 납입을 면제합니다. 다만, 주계약의 보험료 납입면제가 ""보험료의 납입을 면제하는 특약""에 의해 납입면제가 된 경우 그 ""보험료의 납입을 면제하는 특약""의 약관에서 정한 바를 따르며, 이 특약이 해당 약관의 「보험료납입면제대상계약」에 해당되지 않는 경우 보험료 납입면제가 되지 않습니다.",기존3단계검수+250212원문재앵커링,v3-offline-0463,single_lookup,True
205,문서커버리지,주계약 보험료는 암이나 질병을 진단받으면 자동으로 납입이 면제되나요?,"아닙니다. 주계약은 납입면제가 없습니다. 다만, 이 주계약의 보험료를 납입면제 할 수 있는 특약을 가입한 경우, 보험료 납입기간 중 피보험자가 해당 특약에서 정하는 기준에 따라 납입면제 사유에 해당되는 경우에는 차회 이후 주계약의 보험료 납입을 면제합니다. 따라서 암이나 질병을 진단받았다는 사실만으로 주계약 보험료가 자동으로 면제되는 것은 아닙니다.",확정,"※ 2년 미만 : 계약일부터 2년이 되는 시점의 계약해당일의 전날까지

주) 1. 보험기간 중 피보험자가 사망하거나 이 약관에서 정하는 보험금 지급사유가 더 이상 발생할 수 없는 경우에는 이 계약은 그때부터 효력이 없습니다.

2. 주계약은 납입면제가 없습니다. 다만, 이 주계약의 보험료를 납입면제 할 수 있는 특약을 가입한 경우, 보험료 납입기간 중 피보험자가 해당 특약에 서 정하는 기준에 따라 납입면제 사유에 해당되는 경우에는 차회 이후 주 계약의 보험료 납입을 면제합니다.

3. 사망 당시에 이미 납입한 주계약 보험료가 주계약의 사망보험금을 초과하는 경우, 이미 납입한 주계약 보험료를 사망보험금으로 지급하여 드립니다.

$ \underline{ \text{The first question} } $",250212원문재검증(v3정화),v3-offline-0522,single_lookup,True
206,문서커버리지,청약하면 승낙이 나기 전까지는 보장을 못 받나요?,"아닙니다. 회사는 이 특약의 청약을 승낙하고 제1회 보험료를 받은 때부터 약관이 정한 바에 따라 보장을 하며, 회사가 청약과 함께 제1회 보험료를 받은 후 승낙한 경우에도 제1회 보험료를 받은 때부터 보장이 개시됩니다. 다만, 갱신계약의 경우는 갱신일을 보장개시일로 하며, 암보장개시일은 최초 계약의 계약일부터 그 날을 포함하여 90일이 지난 날의 다음 날로 합니다.",확정,"제1관 용어의 정의 등

제2-1조 특약의 보장개시

① 회사는 이 특약의 청약을 승낙하고 제1회 보험료를 받은 때부터 이 특 약의 약관이 정한 바에 따라 보장을 합니다. 또한, 회사가 청약과 함께 제1회 보험료를 받은 후 승낙한 경우에도 제1회 보험료를 받은 때부터 보장이 개시됩니다. 다만, 갱신계약의 경우는 갱신일을 보장개시일로 합니다.

② 제1항에도 불구하고 제1-13조[보험료의 납입을 연체하여 해지된 특약의 부활(효력회복)]에 따라 이 특약을 부활(효력회복)하는 경우 이 특약의 보장개시일은 부활(효력회복)일로 합니다.

③ 제1항 및 제2항에도 불구하고 암보장개시일은 제2-1조의3(""암"" 등의 정의 및 진단확정) 제1항에서 정한 ""암""의 보장이 개시되는 날로, 최초 계약의 계약일부터 그 날을 포함하여 90일이 지난 날의 다음 날로 하며 갱신계약의 경우 갱신일로 합니다. 다만, 부활(효력회복)계약의 경우 최초계약 및 갱신계약의 부활(효력회복)일부터 그날을 포함하여 90일이 지난날의 다음 날로 합니다.",250212원문재검증(v3정화),v3-offline-0532,single_lookup,True
207,문서커버리지,보험료를 연체했는데 별도 안내 없이 바로 계약이 해지되나요?,바로 해지되지 않습니다. 회사는 14일 이상(보험기간 1년 미만이면 7일 이상)의 납입최고 기간을 정해 안내해야 합니다.,확정,"---

다만, 특약의 보험료 납입이 완료된 이후에 주계약의 보험료를 납입하지 않아 주계약이 해지되었으나 해약환급금을 받지 않은 경우(보험계약대출 등에 따라 해약환급금이 차감되었으나 받지 않은 경우 또는 해약환급금이 없는 경우를 포함합니다)에는 특약은 해지되지 않습니다.

② 특약의 보험료를 납입기일까지 납입하지 않아 보험료 납입이 연체 중인 경우에 회사는 14일(보험기간이 1년 미만인 경우에는 7일) 이상의 기간을 납입최고(독촉)기간[납입최고(독촉)기간의 마지막 날이 영업일이 아닌 때에는 최고(독촉)기간은 그 다음 영업일까지로 합니다]으로 정하여 아래 사항에 대하여 계약자(보험수익자와 계약자가 다른 경우 보험수익자를 포함합니다)에게 서면(등기우편 등), 전화(음성녹음) 또는 전자문서 등으로 알려드립니다. 다만, 해지 전에 발생한 보험금 지급사유에 대하여 회사는 보상하여 드립니다.

1. 납입최고(독촉)기간 내에 연체보험료를 납입하여야 한다는 내용

2. 납입최고(독촉)기간이 끝나는 날까지 보험료를 납입하지 않을 경우 납입최고(독촉)기간이 끝나는 날의 다음 날에 특약이 해지된다는 내용(이 경우 특약이 해지되는 때에는 즉시 해약환급금에서 보험계약대출의 원금과 이자가 차감된다는 내용을 포함합니다)
---
주계약 약관 제26조

보험계약자가 보험료의 납입을 연체하는 경우 회사는 14일 이상의 기간을 납입최고(독촉)기간으로 정하여 보험료 납입을 최고(독촉)하고, 그 때까지 해당보험료를 납입하지 않을 경우 납입최고(독촉)기간이 끝나는 날의 다음날 계약이 해지됩니다.

* 납입최고(독촉)기간: 14일 이상(보험기간 1년 미만인 경우 7일 이상)

* 납입연체: ① 보험료 납입이 연체 중이거나 ② 유니버설 상품에서 월대체보험료를 충당할 수 없는 경우

|  |  |",기존3단계검수+250212원문재앵커링,v3-offline-0493,multi_evidence,False
208,문서커버리지,약관 문구의 뜻이 애매하면 보험사에게 유리하게 풀어야 하나요?,아닙니다. 약관의 뜻이 명백하지 않으면 계약자에게 유리하게 해석합니다.,확정,"95

---

② 회사는 약관의 뜻이 명백하지 않은 경우에는 계약자에게 유리하게 해석합니다.

③ 회사는 보험금을 지급하지 않는 사유 등 계약자나 피보험자에게 불리하거나 부담을 주는 내용은 확대하여 해석하지 않습니다.

제39조 설명서 교부 및 보험안내자료 등의 효력",기존3단계검수+250212원문재앵커링,v3-offline-0518,single_lookup,True
209,문서커버리지,뇌혈관질환으로 상급종합병원에 입원하면 입원급여금은 하루에 얼마씩 지급되나요?,【입원일수 1일당】 특약보험가입금액의 1%,확정,"S

| 구분 | 지급사유 | 지급금액 |
|------|---------|----------|
| 입원 급여금 | 특약보험기간 중 「피보험자가 질병 또는 재해로 인한 그 직접적인 치료를 목적으로 1일 이상 계속 입원」하였을 때 (다만, 1회 입원당 180일 한도) | 【입원일수 1일당】 특약보험가입금액의 1% (다만, “간편심사형”에 한하여 계약일부터 1년 미만에 재해 이외의 원인으로 지급사유가 발생한 경우 “특약보험가입금액의 0.5%”를 지급함) |

※ 1년 미만 : 계약일부터 1년이 되는 시점의 계약해당일의 전날까지

주) 1. 「이 특약의 피보험자가 특약보험기간 중 사망하였을 경우」 또는 「주계약이 해지, 무효, 취소 또는 철회된 경우」 이 특약은 그때부터 효력이 없습니다.",기존3단계검수+250212원문재앵커링,v3-offline-0483,single_lookup,True
210,문서커버리지,허혈심장질환으로 상급종합병원에 입원하면 입원급여금은 하루에 얼마씩 지급되나요?,【입원일수 1일당】 특약보험가입금액의 1%,확정,"S

| 구분 | 지급사유 | 지급금액 |
|------|---------|----------|
| 입원 급여금 | 특약보험기간 중 「피보험자가 질병 또는 재해로 인한 그 직접적인 치료를 목적으로 1일 이상 계속 입원」하였을 때 (다만, 1회 입원당 180일 한도) | 【입원일수 1일당】 특약보험가입금액의 1% (다만, “간편심사형”에 한하여 계약일부터 1년 미만에 재해 이외의 원인으로 지급사유가 발생한 경우 “특약보험가입금액의 0.5%”를 지급함) |

※ 1년 미만 : 계약일부터 1년이 되는 시점의 계약해당일의 전날까지

주) 1. 「이 특약의 피보험자가 특약보험기간 중 사망하였을 경우」 또는 「주계약이 해지, 무효, 취소 또는 철회된 경우」 이 특약은 그때부터 효력이 없습니다.",기존3단계검수+250212원문재앵커링,v3-offline-0550,single_lookup,True
211,상품,해당 상품에서 자체 납입면제사유를 가지고 있는 특약리스트를 알려줘,"이 약관에서 자체적으로 '제2-2조의2 보험료 납입면제사유' 조항을 두고 있는 특약은 다음과 같습니다. [보험료 납입면제 전용 특약] (간편)[50%장해납입면제형]보험료납입면제특약, (간편)[일반암납입면제형]보험료납입면제특약, (간편)[남녀특정암납입면제형]보험료납입면제특약, (간편)[뇌혈관질환납입면제형]보험료납입면제특약, (간편)[허혈심장질환납입면제형]보험료납입면제특약, [중등도이상치매납입면제형]보험료납입면제특약(각 해약환급금 미지급형·갱신형). [자체 납입면제사유를 함께 규정한 보장 특약] (간편)암주요치료비특약 — 피보험자가 [암, 대장점막내암 및 비침습방광암 주요치료 보장계약]에서 보장개시일(“암”의 경우 암보장개시일) 이후 “암”, “대장점막내암” 또는 “비침습방광암”으로 최초 진단확정 되었을 경우 또는 [기타피부암 및 갑상선암 주요치료 보장계약]에서 보장개시일 이후 “기타피부암” 또는 “갑상선암”으로 최초 진단확정 되었을 경우 차회 이후 보험료 납입을 면제합니다. (간편)뇌혈관·허혈심장질환주요치료비특약 — 특약보험료 납입기간 중 피보험자가 “뇌혈관질환 또는 허혈심장질환”으로 최초 진단확정 되었을 때 차회 이후의 보험료의 납입을 면제합니다. 한편 주계약은 납입면제가 없습니다. 다만, 이 주계약의 보험료를 납입면제 할 수 있는 특약을 가입한 경우, 피보험자가 해당 특약에서 정하는 기준에 따라 납입면제 사유에 해당되는 경우에는 차회 이후 주계약의 보험료 납입을 면제합니다.",확정,"| (간편)급여인공관절치환수술특약(무배당, 해약환급금 미지급형) | 2,843 |
| (간편)[50%장해납입면제형]보험료납입면제특약(무배당, 해약환급금 미지급형) | 2,859 |
| (간편)[일반암납입면제형]보험료납입면제특약(무배당, 해약환급금 미지급형) | 2,875 |
| (간편)[남녀특정암납입면제형]보험료납입면제특약(무배당, 해약환급금 미지급형) | 2,897 |
| (간편)[뇌혈관질환납입면제형]보험료납입면제특약(무배당, 해약환급금 미지급형) | 2,917 |
| (간편)[허혈심장질환납입면제형]보험료납입면제특약(무배당, 해약환급금 미지급형) | 2,933 |
| [중등도이상치매납입면제형]보험료납입면제특약(무배당, 해약환급금 미지급형) | 2,949 |
| (간편)[50%장해납입면제형]보험료납입면제특약(무배당, 갱신형) | 2,967 |
| (간편)[일반암납입면제형]보험료납입면제특약(무배당, 갱신형) | 2,985 |
---
제2-2조의2 보험료 납입면제사유

① 회사는 특약보험료 납입기간 중 다음 중 어느 한 가지에 해당될 경우 이 특약의 차회 이후 보험료 납입을 면제합니다.

1. 주계약의 보험료 납입이 면제되었을 경우

다만, 주계약의 보험료 납입면제가 ""보험료의 납입을 면제하는 특약""에 의해 납입면제가 된 경우 그 ""보험료의 납입을 면제하는 특약""의 약관에서 정한 바를 따르며, 이 특약이 해당 약관의 「보험료납입면제대상계약」에 해당되지 않는 경우 보험료 납입면제가 되지 않습니다.

2. 피보험자가 [암, 대장점막내암 및 비침습방광암 주요치료 보장계약]에서 보장개시일(""암""의 경우 암보장개시일) 이후 ""암"", ""대장점막내암"" 또는 ""비침습방광암""으로 최초 진단확정 되었을 경우

SHINHAN LIFE

784

---

3. 피보험자가 [기타피부암 및 갑상선암 주요치료 보장계약]에서 보장개시일 이후 ""기타피부암"" 또는 ""갑상선암""으로 최초 진단확정 되었을 경우
---
(간편)뇌혈관·허혈심장질환주요치료비특약(무배당, 갱신형)

1615

---

제2-2조의2 보험료 납입면제사유

① 특약보험료 납입기간 중 피보험자가 ""뇌혈관질환 또는 허혈심장질환""으로 최초 진단확정 되었을 때에는 이 특약의 차회 이후의 보험료의 납입을 면제합니다.

② 제1항에도 불구하고 특약보험료 납입기간 중 주계약의 보험료 납입이 면제된 경우 이 특약의 차회 이후 보험료 납입을 면제합니다. 다만, 주계약의 보험료 납입면제가 ""보험료의 납입을 면제하는 특약""에 의해 납입면제가 된 경우 그 ""보험료의 납입을 면제하는 특약""의 약관에서 정한 바를 따르며, 이 특약이 해당 약관의 「보험료납입면제대상계약」에 해당되지 않는 경우 보험료 납입면제가 되지 않습니다.
---
2. 주계약은 납입면제가 없습니다. 다만, 이 주계약의 보험료를 납입면제 할 수 있는 특약을 가입한 경우, 보험료 납입기간 중 피보험자가 해당 특약에 서 정하는 기준에 따라 납입면제 사유에 해당되는 경우에는 차회 이후 주 계약의 보험료 납입을 면제합니다.",250212원문재검증(v3정화),v3-offline-0338,multi_evidence,False
212,고객상담,한쪽무릎 인공관절치환술 받았는데 장해급여금 청구 가능한가요?,"질병을 직접적인 원인으로 무릎관절(슬관절)에 인공관절을 삽입한 경우라면 청구 가능합니다. 회사는 특약보험기간 중 피보험자가 질병을 직접적인 원인으로 장해분류표에서 정한 장해지급률 중 3% 이상 100% 이하에 해당하는 장해상태가 되었을 경우 보험수익자에게 약정한 (3~100%)질병장해급여금을 지급합니다. 장해분류표의 다리의 장해에서 '다리의 3대 관절'이라 함은 엉덩이관절(고관절), 무릎관절(슬관절), 발목관절(족관절)을 말하며, '관절 하나의 기능에 심한 장해를 남긴 때'는 인공관절이나 인공골두를 삽입한 경우를 포함합니다. '한 다리의 3대 관절 중 관절 하나의 기능에 심한 장해를 남긴 때'의 지급률은 20입니다.",확정,"제2관 보험금의 지급

제2-2조 보험금의 지급사유

회사는 특약보험기간 중 피보험자가 질병을 직접적인 원인으로 장해분류표 (<부표2-2> 참조) 에서 정한 장해지급률 중 3% 이상 100% 이하에 해당하는 장해상태가 되었을 경우에는 보험수익자에게 약정한 (3~100%)질병장해급여금(<부표2-1> ""보험금 지급기준표"" 참조)을 지급합니다.

제2-3조 보험금 지급에 관한 세부규정

① 특약보험료 납입기간 중 주계약의 보험료 납입이 면제된 경우 이 특약의 차회 이후 보험료 납입을 면제합니다. 다만, 주계약의 보험료 납입면제가 ""보험료의 납입을 면제하는 특약""에 의해 납입면제가 된 경우 그 ""보험료의 납입을 면제하는 특약""의 약관에서 정한 바를 따르며, 이 특약이 해당 약관의 「보험료납입면제대상계약」에 해당되지 않는 경우 보험료 납입면제가 되지 않습니다.
---
| 장해의 분류 | 지급률 |
| --- | --- |
| 1) 두 다리의 발목 이상을 잃었을 때 | 100 |
| 2) 한 다리의 발목 이상을 잃었을 때 | 60 |
| 3) 한 다리의 3대 관절 중 관절 하나의 기능을 완전히 잃었을 때 | 30 |
| 4) 한 다리의 3대 관절 중 관절 하나의 기능에 심한 장해를 남긴 때 | 20 |
| 5) 한 다리의 3대 관절 중 관절 하나의 기능에 뚜렷한 장해를 남긴 때 | 10 |
| 6) 한 다리의 3대 관절 중 관절 하나의 기능에 약간의 장해를 남긴 때 | 5 |
| 7) 한 다리에 가관절이 남아 뚜렷한 장해를 남긴 때 | 20 |
| 8) 한 다리에 가관절이 남아 약간의 장해를 남긴 때 | 10 |
| 9) 한 다리의 뼈에 기형을 남긴 때 | 5 |
| 10) 한 다리가 5cm 이상 짧아지거나 길어진 때 | 30 |
| 11) 한 다리가 3cm 이상 짧아지거나 길어진 때 | 15 |
| 12) 한 다리가 1cm 이상 짧아지거나 길어진 때 | 5 |

나. 장해판정기준

1) 골절부에 금속내고정물 등을 사용하였기 때문에 그것이 기능장해의 원인이 되는 때에는 그 내 고정물 등이 제거된 후에 장해를 평가한다. 단, 제거가 불가능한 경우에는 고정물 등이 있는 상태에서 장해를 평가한다.

2) 관절을 사용하지 않아 발생한 일시적인 기능장해(예를 들면 캐스트로 환부를 고정시켰기 때문에 치유 후의 관절에 기능장해가 발생한 경우)는 장해로 평가하지 않는다.

3) '다리'라 함은 엉덩이관절(고관절)부터 발목관절(족관절)까지를 말한다.

4) '다리의 3대 관절'이라 함은 엉덩이관절(고관절), 무릎관절(슬관절), 발목관절(족관절)을 말한다.
---
8) '관절 하나의 기능에 심한 장해를 남긴 때'라 함은 아래의 경우 중 하나에 해당하는 때를 말한다.

가) 해당 관절의 운동범위 합계가 정상 운동범위의 1/4 이하로 제한된 경우

나) 인공관절이나 인공골두를 삽입한 경우",250212원문재검증(v3정화),v3-offline-0333,multi_evidence,False
213,상품,약관에서 자주 헷갈리는 용어를 찾아서 정의해줘,"약관 발췌에서 정의된 주요 용어는 다음과 같습니다. ① 부활(효력회복): 보험료 납입을 연체하여 계약이 해지되고 계약자가 해약환급금을 받지 않은 경우에 회사가 정하는 소정의 절차에 따라 해지된 계약을 다시 되살리는 일을 말합니다. ② 계약자적립액: 장래의 해약환급금 등을 지급하기 위하여 계약자가 납입한 보험료 중 일정액을 기준으로 보험료 및 해약환급금 산출방법서에서 정한 방법에 따라 계산한 금액을 말합니다. ③ 간병인: 유상으로 간병서비스를 제공하는 활동을 하는 자로서 의료법 제3조(의료기관)에 소속되어 급여를 받는 자 또는 사업자를 등록하거나 사업자 등록된 업체를 통하여 간병서비스를 제공하고 고객이 해당 서비스에 상응하는 비용을 지불하는 것이 확인된 자에 한합니다. ④ 병원급 의료기관: 의료법 제3조(의료기관)에서 규정한 국내의 병원을 말합니다. ⑤ 보장개시·암보장개시일: 회사는 특약의 청약을 승낙하고 제1회 보험료를 받은 때부터 보장을 하며, 청약과 함께 제1회 보험료를 받은 후 승낙한 경우에도 제1회 보험료를 받은 때부터 보장이 개시됩니다. 암보장개시일은 계약일[부활(효력회복)일]부터 그 날을 포함하여 90일이 지난 날의 다음 날로 합니다.",확정,"② 이 특약에 대한 회사의 보장개시일은 계약일[부활(효력회복)일]부터 그 날을 포함하여 2년이 지난날의 다음 날로 합니다.

부활(효력회복)

보험료 납입을 연체하여 계약이 해지되고 계약자가 해약환급금을 받지 않은 경우에 회사가 정하는 소정의 절차에 따라 해지된 계약을 다시 되살리는 일

제11조 해지된 특약의 부활(효력회복)

① 회사는 이 특약의 부활(효력회복)청약을 받은 경우에는 주계약의 부활(효력회복)을 승낙한 경우에 한하여 주계약 약관의 부활(효력회복)의 규정에 따라 주계약과 동시에 이 특약의 부활(효력회복)을 취급합니다.
---
계약자적립액

장래의 해약환급금 등을 지급하기 위하여 계약자가 납입한 보험료 중 일정액을 기준으로 보험료 및 해약환급금 산출방법서에서 정한 방법에 따라 계산한 금액을 말합니다.
---
3. 병원급 의료기관 : 의료법 제3조(의료기관)에서 규정(<별첨1> 참조) 한 국내의 병원을 말합니다.

제2-1조의4 ""간병인""의 정의

① 이 특약에서 ""간병인""이라 함은 유상으로 간병서비스를 제공하는 활동을 하는 자로서 의료법 제3조(의료기관)에 소속되어 급여를 받는 자 또는 사업자를 등록하거나 사업자 등록된 업체를 통하여 간병서비스를 제공하고 고객이 해당 서비스에 상응하는 비용을 지불하는 것이 확인된 자에 한합니다.

② 제1항에서 사업자는 간병 관련 업종에 해당되어야 하며, 국세청 업종코

SHINHAN LIFE
---
① 회사는 이 특약의 청약을 승낙하고 제1회 보험료를 받은 때부터 이 특 약의 약관이 정한 바에 따라 보장을 합니다. 또한, 회사가 청약과 함께 제1회 보험료를 받은 후 승낙한 경우에도 제1회 보험료를 받은 때부터 보장이 개시됩니다.

② 제1항에도 불구하고 제1-13조[보험료의 납입을 연체하여 해지된 특약의 부활(효력회복)]에 따라 이 특약을 부활(효력회복)하는 경우 이 특약의 보장개시일은 부활(효력회복)일로 합니다.

③ 제1항 및 제2항에도 불구하고 암보장개시일은 제2-1조의3(""암"" 등의 정의 및 진단확정) 제1항에서 정한 ""암""의 보장이 개시되는 날로, 계약 일[부활(효력회복)일]부터 그 날을 포함하여 90일이 지난 날의 다음 날로 합니다.

""암보장개시일"" 예시

___",250212원문재검증(v3정화),v3-offline-0197,multi_evidence,False
214,고객상담,파킨슨병 진단받았는데 정신및 행동장해질환 관련 보장도 가능한가요?,"파킨슨병은 이 약관의 “14대질병” 정의에 포함되는 질병입니다. “14대질병 분류표”에서 정한 항목에 '14. 파킨슨병'이 명시되어 있습니다. 장해 보장과 관련하여서는, 회사는 특약보험기간 중 피보험자가 질병을 직접적인 원인으로 장해분류표에서 정한 장해지급률 중 3% 이상 100% 이하에 해당하는 장해상태가 되었을 경우 보험수익자에게 약정한 (3~100%)질병장해급여금을 지급합니다. 다만 정신행동장해는 각종 기질성 정신장해와 외상후 간질에 한하여 보상하며, 외상후 스트레스장애, 우울증(반응성) 등의 질환, 정신분열증(조현병), 편집증, 조울증(양극성장애), 불안장애, 전환장애, 공포장애, 강박장애 등 각종 신경증 및 각종 인격장애는 보상의 대상이 되지 않습니다. 또한 정신행동장해는 뇌의 기능 및 결손을 입증할 수 있는 뇌자기공명촬영, 뇌전산화촬영, 뇌파 등 객관적 근거를 기초로 평가합니다.",확정,"제2-1조의10 ""14대질병""의 정의 및 진단확정

① 이 특약에 있어서 ""14대질병""이라 함은 제8차 개정 한국표준질병·사인 분류 중 ""14대질병 분류표""(<부표2-6 참조>)에서 정한 1. 기타피부암, 2. 갑상선암, 3. 제자리암, 4. 경계성종양, 5. 간질환, 6. 폐질환, 7. 신장질환, 8. 특정장질환, 9. 복막의 질환, 10. 췌장질환, 11. 동정맥질환, 12. 뇌전증, 13. 뇌하수체질환 또는 14. 파킨슨병에 해당하는 항목을 말합니다.
---
차) 정신행동장해 진단 전문의는 정신건강의학과 전문의를 말한다.

카) 정신행동장해는 뇌의 기능 및 결손을 입증할 수 있는 뇌자기공명촬영, 뇌전산화촬영, 뇌파 등 객관적 근거를 기초로 평가한다. 다만, 보호자나 환자의 진술, 감정의의 추정 혹은 인정, 한국 표준화가 이루어지지 않고 신빙성이 적은 검사들(뇌 SPECT 등)은 객관적 근거로 인정하지 않는다.

타) 각종 기질성 정신장해와 외상후 간질에 한하여 보상한다.

파) 외상후 스트레스장애, 우울증(반응성) 등의 질환, 정신분열증(조현병), 편집증, 조울증(양극성장애), 불안장애, 전환장애, 공포장애, 강박장애 등 각종 신경증 및 각종 인격장애는 보상의 대상이 되지 않는다.

3) 치매
---
제2관 보험금의 지급

제2-2조 보험금의 지급사유

회사는 특약보험기간 중 피보험자가 질병을 직접적인 원인으로 장해분류표 (<부표2-2> 참조) 에서 정한 장해지급률 중 3% 이상 100% 이하에 해당하는 장해상태가 되었을 경우에는 보험수익자에게 약정한 (3~100%)질병장해급여금(<부표2-1> ""보험금 지급기준표"" 참조)을 지급합니다.

제2-3조 보험금 지급에 관한 세부규정

① 특약보험료 납입기간 중 주계약의 보험료 납입이 면제된 경우 이 특약의 차회 이후 보험료 납입을 면제합니다. 다만, 주계약의 보험료 납입면제가 ""보험료의 납입을 면제하는 특약""에 의해 납입면제가 된 경우 그 ""보험료의 납입을 면제하는 특약""의 약관에서 정한 바를 따르며, 이 특약이 해당 약관의 「보험료납입면제대상계약」에 해당되지 않는 경우 보험료 납입면제가 되지 않습니다.",250212원문재검증(v3정화),v3-offline-0325,multi_evidence,False
215,고객상담,통합상해보장특약에 보험금 청구 구비서류알려줘,"이 판매약관의 특약 목차에는 '통합상해보장특약'이 부가되어 있지 않습니다(상해 관련 담보는 재해장해특약 등 재해 계열 특약으로 구성). 참고로 이 약관의 보험금 청구 공통 구비서류는 청구서(회사양식), 사고증명서(사망진단서, 진단서(병명·분류코드 기입), 진료기록부(검사기록지 포함), 각종사고 증명서류 등), 신분증 등이며, 사고증명서는 의료기관·국민건강보험공단·경찰서 등 발급본이어야 합니다(주계약 제7조).",불가,,250212원문재검증(v3정화),v3-offline-0316,not_answerable,False
216,챗봇,"안녕하세요. 신한통합건강보장보험 원(ONE)(무배당,해약환급금 미지급형) 보험으로 어깨 mri촬영시 환급이 가능한가요?","어깨 MRI 촬영은 보장(환급) 대상에 해당하지 않습니다. 이 상품에서 “급여 뇌심장질환 검사”라 함은 의사에 의하여 뇌심장질환의 진단 및 치료가 필요하다고 인정된 경우로서 의료기관에서 의사에 의하여 뇌CT, 심장CT, 뇌MRI, 심장MRI, 심장초음파, 뇌파검사, 뇌척수액검사 의료행위를 받은 경우를 말합니다. 또한 급여6대질병진단검사는 특약보험기간 중 피보험자가 “6대질병”으로 진단확정 되고, 의료기관의 의사에 의하여 그 “6대질병”의 진단 및 치료를 위한 필요소견을 토대로 받은 PET, MRI, CT, 초음파, 간/호흡기/신장 기능검사를 말합니다(다만 연간 1회에 한함). 어깨 질환 진료 목적의 어깨 MRI 촬영은 이러한 지급사유에 해당하지 않으므로 보장되지 않습니다.",확정,"뇌와 척수를 둘러싸 보호하고 있는 맑은 액체인 뇌척수액의 이상 유무를 알아보는 것

제2-1조의4 ""급여 뇌심장질환 검사""의 정의 및 장소

① 이 특약에 있어서 ""급여 뇌심장질환 검사""이라 함은 의사에 의하여 뇌 심장질환의 진단 및 치료가 필요하다고 인정된 경우로서 의료기관에서 의사에 의하여 <부표2-3> ""급여 뇌심장질환 검사 분류표""에 해당하는 뇌CT, 심장CT, 뇌MRI, 심장MRI, 심장초음파, 뇌파검사, 뇌척수액검사 의료행위를 받은 경우를 말합니다.

2212152200000007830

(간편)급여뇌심장질환특정검사지원특약(무배당, 갱신형)
---
| | 일반심사형 | 특약보험기간 중 피보험자가 보장개시일(""암""의 경우 암보장개시일) 이후 ""6대질병""으로 진단확정 되고, 특약보험기간 중 의료기관의 의사에 의하여 그 ""6대질병""의 진단 및 치료를 위한 필요소견을 토대로 ""급여6대질병진단검사""를 받았을 때 (다만 연간 1회에 한함) |

※ 1년 미만 : 최초계약의 계약일부터 1년이 되는 시점의 계약해당일의 전날까지
※ 6대질병 : ""암, 기타피부암, 갑상선암, 대장점막내암, 비침습방광암, 제자리암 및 경계성종양"", ""뇌혈관질환"", ""허혈심장질환"", ""간질환"", ""폐질환"", ""신장질환"" (세부사항은 <부표2-2> 참조)
※ 급여6대질병진단검사 : PET, MRI, CT, 초음파, 간/호흡기/신장 기능검사 (세부사항은 <부표2-4> 참조)

SHINHAN LIFE

1056",250212원문재검증(v3정화),v3-offline-0166,multi_evidence,False
217,Claim,상급종합병원(국립암센터 및 원자력병원 포함)암주요치료비특약의 보장대상이 되는 의료기관은 무엇인가요?,"이 판매약관에는 '상급종합병원(국립암센터 및 원자력병원 포함)암주요치료비특약'이라는 특약이 존재하지 않고, '국립암센터'·'원자력병원'에 관한 규정도 원문에 없어 보장대상 의료기관을 확인해 드릴 수 없습니다.",불가,,250212원문재검증(v3정화),v3-offline-0125,not_answerable,False
218,상품,진단특약80plus 상품들에서 감액 후 연장형 계약으로의 전환도 가능한지 알려줘,"이 판매약관에는 '진단특약80plus' 명칭의 특약이 존재하지 않고 '연장형 계약으로의 전환' 제도에 관한 조항도 원문에 없어, 감액 후 전환 가능 여부를 답변해 드릴 수 없습니다.",불가,,250212원문재검증(v3정화),v3-offline-0264,not_answerable,False
219,상품,보험금 지급 조건을 항목별로 나눠서 알려줘,"보험금 지급과 관련된 조건을 항목별로 정리하면 다음과 같습니다. ① 발생통지: 계약자 또는 피보험자나 보험수익자는 보험금 지급사유나 보험료 납입면제 사유 발생을 안 때에는 지체 없이 이를 회사에 알려야 합니다. ② 청구: 보험수익자 또는 계약자는 다음의 서류 중 해당서류를 제출하고 보험금 또는 보험료 납입면제를 청구하여야 합니다. ③ 계약 전 알릴 의무 관련: 제13조(계약 전 알릴 의무)의 계약 전 알릴 의무를 위반한 사실이 보험금 지급사유 발생에 영향을 미쳤음을 회사가 증명하지 못한 경우에는 계약의 해지 또는 보장을 제한하기 이전까지 발생한 해당 보험금을 지급합니다. ④ 면책(보장제한) 조건: 면책기간 중에 면책(보장제한) 조건으로 정한 각 호의 질병을 직접적인 원인으로 “해당계약”에서 정한 “보험금 지급사유”가 발생한 경우에는 보장이 제한됩니다. ⑤ 합의 절차: 계약자와 회사가 보험료 납입면제사유에 대해 합의하지 못할 때는 계약자와 회사가 함께 제3자를 정하고 그 제3자의 의견에 따를 수 있으며, 제3자는 의료법 제3조(의료기관)에 규정한 종합병원 소속 전문의 중에서 정하고 판정에 드는 의료비용은 회사가 전액 부담합니다.",확정,"② 계약자와 회사가 보험료 납입면제사유에 대해 합의하지 못할 때는 계약자와 회사가 함께 제3자를 정하고 그 제3자의 의견에 따를 수 있습니다. 제3자는 의료법 제3조(의료기관)에 규정(<별첨1> 참조)한 종합병원소속 전문의 중에서 정하며, 보험료 납입면제사유 판정에 드는 의료비용은 회사가 전액 부담합니다.

제1-4조 보험금 지급사유 등의 발생통지

계약자 또는 피보험자나 보험수익자는 보험금 지급사유나 보험료 납입면제 사유 발생을 안 때에는 지체 없이 이를 회사에 알려야 합니다.

제1-5조 보험금 등의 청구

보험수익자 또는 계약자는 다음의 서류 중 해당서류를 제출하고 보험금 또는 보험료 납입면제를 청구하여야 합니다.
---
소송법상 입증책임이 없는 당사자가 상대방에서 입증하는 사실을 부정할 목적으로 반대되는 사실을 증명하기 위해 제출하는 증거

③ 제1항에 따라 계약을 해지하였을 때에는 제32조(해약환급금) 제1항에 따른 해약환급금을 지급하며, 보장을 제한하였을 때에는 보험료, 보험가입금액 등이 조정될 수 있습니다.

④ 제13조(계약 전 알릴 의무)의 계약 전 알릴 의무를 위반한 사실이 보험금 지급사유 발생에 영향을 미쳤음을 회사가 증명하지 못한 경우에는 제1항에도 불구하고 계약의 해지 또는 보장을 제한하기 이전까지 발생한 해당 보험금을 지급합니다.

⑤ 회사는 다른 보험가입내역에 대한 계약 전 알릴 의무 위반을 이유로

(간편)신한통합건강보장보험 원(ONE)(무배당, 해약환급금 미지급형)
---
제3조 면책(보장제한) 조건의 내용

① 주계약에 이 특약을 부가할 때 피보험자의 건강상태에 따라서 1종(특정신체부위 보장제한형)의 경우에는 제2항 제1호의 조건을 부가하며, 2종(특정신체부위 및 특정질병 보장제한형)의 경우에는 제2항 제1호 또는 제2호의 조건을 부가합니다.

② 이 특약에서 정한 면책기간 중에 다음 각 호의 질병을 직접적인 원인으로 ""해당계약""에서 정한 ""보험금 지급사유"" 또는 ""보험료 납입면제사유""가 발생

SHINHAN LIFE

3194",250212원문재검증(v3정화),v3-offline-0113,multi_evidence,False
220,챗봇,신한통합건강보험원(ONE)에서 1~5종 수술비 특약이 있는데 그렇다면 1~5종 수술분류표 보내줘,"1~5종 수술분류표는 Ⅰ.일반 질병 및 재해 치료목적의 수술, Ⅱ.악성신생물 치료목적의 수술, Ⅲ.악성신생물 근치·두개내신생물 근치 방사선 조사 분류표로 구성되며, 각 수술을 수술종류(1~5종)로 분류합니다(예: 피부이식수술(25㎝이상인 경우) 3종, 유방절단수술 3종, 골(骨) 이식수술 2종 등).",확정,"3. '근본(根本)' 혹은 '근치(根治)' 수술이라 함은 일회의 수술로 해당 질병을 완전히 치유할 수 있는 수술을 말합니다.

4. '관혈적 악성신생물 근치수술'이라 함은 관혈적 방법을 통해 악성신생물의 원발 병소를 완전히 절제, 적제, 적출하고 혹은 곽청술을 함께 실시한 경우입니다.

5. <1 ~ 5종 수술분류표> 상에 열거되지 않은 선진의료적 첨단 수술에 대한 인정 및 적용 기준<1 ~ 5종 수술분류표> 에서의 선진의료적 첨단 수술은 상기 ""수술""의 정의에 해당하여야 하고 약물 투여치료, 방사선조사치료 또는 기타의 보존적 치료로 분류될 수 없는 경우이어야 합니다.

1) 1 ~ 5종 수술분류표상의 수술 이외에 보건복지부 산하 신의료기술평가위원회(향후 제도 변경시에는 동 위원회와 동일한 기능을 수행하는 기관)로부터 안전성과 치료효과를 인정받은 최신 수술기법으로 치료한 경우 1 ~ 5종 수술분류표상의 동일부위 수술로 봅니다. 이 때에 해당 최신 수술기법은 수술개시일부터 60일 이내 2회 이상의 수술은 1회의 수술로 간주하여 1회의 수술 보험금을 지급하며 이후 동일한 기준으로 반복 지급이 가능합니다.

2) 단, 이 선진의료적 첨단 수술이 본질적으로 내시경(Fiberscope)에 의한 내시경 수술 또는 카테터(Catheter)-고주파 전극 등에 의한 경피적 수술인 경우에는 <1 ~ 5종 수술분류표> 중 '일반 질병 및 재해치료 목적의 수술' 88항 (약성신생물의 경우는 '약성신생물 치료목적의 수술' 2항)을 우선 적용합니다.
---
| I. 일반 질병 및 재해 치료목적의 수술

| 구분 | 수술명 | 수술종류 |
|------|---------|-----------|
| 피부, 유방의 수술 | 1. 피부이식수술(25㎝이상인 경우), 피판수술(피판분리수술, Z flap, W flap 제외) | 3 |
| | 2. 피부이식수술(25㎝미만인 경우) | 1 |
| | 3. 유방절단수술(切斷術, Mastectomy) | 3 |
| | 4. 기타 유방수술(농양의 절개 및 배액은 제외) [단, 치료목적의 Mammotomy는 수술개시일부터 60일 이내 2회 이상의 수술은 1회의 수술로 간주하여 1회의 수술보험금을 지급하며 이후 동일한 기준으로 반복 지급이 가능합니다.] | 1 |
| 근골(筋骨)의 수술 [발정술(拔釘術) 등 내고정물 제거술은 제외함] [치(齒) · 치은 · 치근(齒根) · 치조골(齒槽骨)의 처치, 임플란트 (Implant) 등 치과 처치 및 수술에 수반하는 것은 제외함] | 5. 골(骨) 이식수술 | 2 |
---
- 조혈모세포이식술(일련의 과정 ‘추출, 필터링, 배양, 제거, 주입’을 모두 포함하여 1회의 수술로 인정)을 제외한 근치수술의 경우 수술개시일부터 60일 이내 2회 이상의 수술은 1회의 수술로 간주하여 1회의 수술급여금을 지급하며 이후 동일한 기준으로 반복지급이 가능합니다.

- 다만, 약물 등을 투여하기 위한 시술(예: 중심정맥삽관술)만 시행할 경우에는 5종으로 인정하지 않습니다.

III. 악성신생물 근치·두개내신생물 근치 방사선 조사 분류표

| 방사선 조사 분류항목 | 수술종류 |
| --- | --- |
| 1. 악성신생물 근치 방사선 조사 [5,000Rad 이상의 조사(照)를 하는 경우로 한정하며, 악성신생물 근치 사이버 나이프(Cyberknife) 정위적 방사선 치료(定位의 射線 治療, Stereotactic radiotherapy)를 포함함] | 3 |",250212원문재검증(v3정화),v3-offline-0157,multi_evidence,False
221,챗봇,신한통합건강보장보험원 수술분류표 알려죠,"수술분류표는 1~5종 수술분류표로, Ⅰ.일반 질병 및 재해 치료목적의 수술(각 수술을 1~5종의 수술종류로 구분), Ⅱ.악성신생물 치료목적의 수술, Ⅲ.악성신생물 근치·두개내신생물 근치 방사선 조사 분류표로 구성됩니다.",확정,"3. '근본(根本)' 혹은 '근치(根治)' 수술이라 함은 일회의 수술로 해당 질병을 완전히 치유할 수 있는 수술을 말합니다.

4. '관혈적 악성신생물 근치수술'이라 함은 관혈적 방법을 통해 악성신생물의 원발 병소를 완전히 절제, 적제, 적출하고 혹은 곽청술을 함께 실시한 경우입니다.

5. <1 ~ 5종 수술분류표> 상에 열거되지 않은 선진의료적 첨단 수술에 대한 인정 및 적용 기준<1 ~ 5종 수술분류표> 에서의 선진의료적 첨단 수술은 상기 ""수술""의 정의에 해당하여야 하고 약물 투여치료, 방사선조사치료 또는 기타의 보존적 치료로 분류될 수 없는 경우이어야 합니다.

1) 1 ~ 5종 수술분류표상의 수술 이외에 보건복지부 산하 신의료기술평가위원회(향후 제도 변경시에는 동 위원회와 동일한 기능을 수행하는 기관)로부터 안전성과 치료효과를 인정받은 최신 수술기법으로 치료한 경우 1 ~ 5종 수술분류표상의 동일부위 수술로 봅니다. 이 때에 해당 최신 수술기법은 수술개시일부터 60일 이내 2회 이상의 수술은 1회의 수술로 간주하여 1회의 수술 보험금을 지급하며 이후 동일한 기준으로 반복 지급이 가능합니다.

2) 단, 이 선진의료적 첨단 수술이 본질적으로 내시경(Fiberscope)에 의한 내시경 수술 또는 카테터(Catheter)-고주파 전극 등에 의한 경피적 수술인 경우에는 <1 ~ 5종 수술분류표> 중 '일반 질병 및 재해치료 목적의 수술' 88항 (약성신생물의 경우는 '약성신생물 치료목적의 수술' 2항)을 우선 적용합니다.
---
- 조혈모세포이식술(일련의 과정 ‘추출, 필터링, 배양, 제거, 주입’을 모두 포함하여 1회의 수술로 인정)을 제외한 근치수술의 경우 수술개시일부터 60일 이내 2회 이상의 수술은 1회의 수술로 간주하여 1회의 수술급여금을 지급하며 이후 동일한 기준으로 반복지급이 가능합니다.

- 다만, 약물 등을 투여하기 위한 시술(예: 중심정맥삽관술)만 시행할 경우에는 5종으로 인정하지 않습니다.

III. 악성신생물 근치·두개내신생물 근치 방사선 조사 분류표

| 방사선 조사 분류항목 | 수술종류 |
| --- | --- |
| 1. 악성신생물 근치 방사선 조사 [5,000Rad 이상의 조사(照)를 하는 경우로 한정하며, 악성신생물 근치 사이버 나이프(Cyberknife) 정위적 방사선 치료(定位의 射線 治療, Stereotactic radiotherapy)를 포함함] | 3 |",250212원문재검증(v3정화),v3-offline-0147,multi_evidence,False
222,Claim,이 약관의 '본인일부부담금 산정특례 심장질환의 수술' 분류표에서 '부분체외순환'과 '체외순환막형산화요법'에 해당하는 수술코드는 무엇인가요?,"이 약관에서 규정하는 '본인일부부담금 산정특례 심장질환의 수술'은 '중증질환자 심장질환'으로 인한 수술로서 「본인일부부담금 산정특례에 관한 기준」에 해당하는 수술을 말하며, 그 분류표에서 대상수술 '부분체외순환'의 수술코드는 O1901 ~ O1902이며 '체외순환막형산화요법'의 수술코드는 O1903 ~ O1904, O1907입니다.",확정,"이 약관에서 규정하는 '본인일부부담금 산정특례 심장질환의 수술'은 '중증질환자 심장질환'으로 인한 수술로서 건강보험심사평가원 전산청구(EDI)코드 분류상 국민건강보험법 시행령 제19조 제1항 및 동 법 시행령 [별표2]에 의한 「본인일부부담금 산정특례에 관한 기준(보건복지부 고시 제2023-100호, 2023.6.1 시행)」제4조 별표3(중증질환자 산정특례 대상)의 [별첨2]에 해당하는 수술을 말합니다. 이후 본인일부부담금 산정특례에 관한 기준이 개정되는 경우는 개정된 기준에 따릅니다.
---
| 대혈관전위증 수술 | O1879, O1881, O1882, O1883 |
| 심실 보조장치 치료술 | O0881, O0882, O0883, O0886, O0887, O0888, O0889 |
| 인공심폐순환 | O1890, O1891 |
| 개흉심장마사지 | O1895 |
| 부분체외순환 | O1901 ~ O1902 |
| 체외순환막형산화요법 | O1903 ~ O1904, O1907 |
| 국소관류 | O1910 |
| 대동맥내풍선펌프 | O1921, O1922 |
| 심낭루조성술 | O1931 |",250212원문재검증(v3정화),v3-offline-0321,multi_evidence,False
223,상품,"00(ex.치매, 암)의 치료를를 보장하는 상품이 있는지 알려줘","네, 있습니다. 치매의 경우 경증이상치매보장특약(무배당, 해약환급금 미지급형)에서 경증이상치매진단급여금과 중등도이상치매진단급여금을 각각 최초 1회에 한해 보장하고, 중증치매보장특약(무배당, 해약환급금 미지급형)에서 중증치매진단급여금을 최초 1회에 한해 보장합니다. 암 치료의 경우 (간편)암수술특약(무배당, 해약환급금 미지급형)의 암수술급여금, (간편)항암방사선치료특약(무배당, 해약환급금 미지급형)의 항암방사선치료 급여금, (간편)항암약물치료특약(무배당, 해약환급금 미지급형)의 항암약물치료 급여금 등이 있으며, 암(기타피부암, 갑상선암, 대장점막내암 및 비침습방광암 제외)의 경우 가입 후 90일간 보장 제외됩니다.",확정,"| 중증난치질환자(중증치매제외)산정특례대상보장특약(무배당, 갱신형) | 중증난치질환자(중증치매제외) 산정특례 보장급여금 | 최초 1회에 한해 보장 |
| 중증치매산정특례대상보장특약(무배당, 갱신형) | 중증치매 I 산정특례대상 보장급여금 | 최초 1회에 한해 보장 |
|  | 중증치매 II 산정특례대상 보장급여금 | 최초 1회에 한해 보장 |
| 희귀질환자산정특례대상보장특약(무배당, 갱신형) | 희귀질환자 산정특례 보장급여금 | 최초 1회에 한해 보장 |
| 경증이상치매보장특약(무배당, 해약환급금 미지급형) | 경증이상치매진단급여금 | 최초 1회에 한해 보장 |
|  | 중등도이상치매진단급여금 | 최초 1회에 한해 보장 |
| 중증치매보장특약(무배당, 해약환급금 미지급형) | 중증치매진단급여금 | 최초 1회에 한해 보장 |
| (간편)특정류마티스관절염진단특약(무배당, 해약환급금 미지급형) | 특정 류마티스 관절염 진단급여금 | 최초 1회에 한해 보장 |
| 고혈압(원발성)약물치료특약(무배당, 해약환급금 미지급형) | 고혈압(원발성)약물 치료급여금 | 최초 1회에 한해 보장 |
---
| 상품명 | 담보명 | 면책기간 |
| --- | --- | --- |
| (간편)암수술특약 (무배당, 해약환급금 미지급형) | 암수술급여금 | 암(기타피부암, 갑상선암, 대장점막내암 및 비침습방광암 제외)의 경우 가입 후 90일간 보장 제외 |
| (간편)항암방사선치료특약 (무배당, 해약환급금 미지급형) | 항암방사선치료 급여금 | 암(기타피부암, 갑상선암, 대장점막내암 및 비침습방광암 제외)의 경우 가입 후 90일간 보장 제외 |
| (간편)항암약물치료특약 (무배당, 해약환급금 미지급형) | 항암약물치료 급여금 | 암(기타피부암, 갑상선암, 대장점막내암 및 비침습방광암 제외)의 경우 가입 후 90일간 보장 제외 |
| (간편)암다빈치로봇수술특약 (무배당, 갱신형) | (갑상선암 및 전립선암 제외)다빈치로봇수술 급여금 | 가입 후 90일간 보장 제외 |
|  | (갑상선암 및 전립선암 포함)다빈치로봇수술 급여금 | 가입 후 90일간 보장 제외 |
| (간편)표적항암약물허가치료특약 (무배당, 갱신형) | 표적항암약물허가치료 급여금 | 암(기타피부암, 갑상선암, 대장점막내암 및 비침습방광암 제외)의 경우 가입 후 90일간 보장 제외 |
| (간편)카티(CAR-T)항암약물허가치료특약(무배당, 갱신형) | 카티(CAR-T)항암약물허가치료급여금 | 암(기타피부암, 갑상선암, 대장점막내암 및 비침습방광암 제외)의 경우 가입 후 90일간 보장 제외 |",250212원문재검증(v3정화),v3-offline-0009,multi_evidence,False
224,고객상담,중증 갑상선암은 갑산선암 진단 기준과 다른 건가요?,"네, 다릅니다. '중증 갑상선암'은 제8차 개정 한국표준질병·사인분류 중 '갑상선암 분류표'에 해당하는 질병 중에서 '수질성암(Medullary carcinoma)' 또는 '역형성암(Anaplastic carcinoma)'에 해당하는 질병을 말하며, '중증 이외 갑상선암'이라 함은 '갑상선암'에 해당하는 질병 중 '중증 갑상선암'을 제외한 나머지 갑상선암을 말합니다. 즉, 갑상선암 중에서도 수질성암 또는 역형성암에 해당하는 경우에만 '중증 갑상선암'으로 구분됩니다.",확정,"① 이 특약에 있어서 ""중증 갑상선암""은 제8차 개정 한국표준질병·사인분류 중 <부표2-5>""갑상선암 분류표""에 해당하는 질병 중에서 ""수질성암(Medullary carcinoma)"" 또는 ""역형성암(Anaplastic carcinoma)""에 해당하는 질병을 말하며, 아래에 해당하는 질병은 이 계약에 있어서 ""갑상선암""에 해당하지 않습니다.

- 전압(前癌)상태(암으로 변하기 이전 상태, Premalignant condition or condition with malignant potential)

② 이 특약에 있어서 ""중증 이외 갑상선암""이라 함은 ""갑상선암""에 해당하는 질병 중 ""중증 갑상선암""을 제외한 나머지 갑상선암을 말합니다.

③ ""중증 갑상선암"" 및 ""중증 이외 갑상선암""의 진단 확정은 병리과 또는 진단검사의학과 전문의 자격증을 가진 자에 의하여 내려져야 하며, 이 진단은 조직(fixed tissue)검사, 미세바늘흡인검사(fine needle aspiration) 또는 혈액(hemic system)검사에 대한 현미경 소견을 기초로 하여야 하며, 이 경우 ""중증 갑상선암"", ""중증 이외 갑상선암""의 진단확정 시점은 상기 검사에 의한 결과보고 시점으로 합니다.

④ 제3항에 따른 진단이 가능하지 않을 때에는 피보험자가 ""중증 갑상선암"" 및 ""중증 이외 갑상선암""으로 진단 또는 치료를 받고 있음을 증명할 만한 문서화된 기록 또는 증거가 있어야 합니다.",250212원문재검증(v3정화),v3-offline-0261,single_lookup,True
225,고객상담,상급종합병원암주요치료비에서 암수술받으면 종합병원암주요치료비에서도 중복보장가능해?,질문에서 전제한 '상급종합병원암주요치료비특약'과 '종합병원암주요치료비특약'은 이 약관에 존재하지 않는 특약입니다.,불가,,250212원문재검증(v3정화),v3-offline-0127,not_answerable,False
226,고객상담,뇌경색인데 진단급여금 보장돼? 보장되는 진단 코드 알려줘,"네, 약관에서 정한 '뇌경색증'으로 분류되는 질병에 해당하면 보장 대상이 됩니다. '뇌경색증'으로 분류되는 질병은 제8차 개정 한국표준질병·사인분류(통계청 고시 제 2020-175호, 2021. 1. 1 시행) 중 다음에 적은 대상질병을 말하며, 대상 질병명은 '뇌경색증', 분류코드는 I63입니다.",확정,"뇌경색증 분류표

S

약관에서 정한 ""뇌경색증""으로 분류되는 질병은 제8차 개정 한국표준질병·사인분류(통계청 고시 제 2020-175호, 2021. 1. 1 시행) 중 다음에 적은 대상질병을 말합니다.

| 대상 질병명 | 분류코드 |
| --- | --- |
| 뇌경색증 | 163 |",250212원문재검증(v3정화),v3-offline-0071,single_lookup,True
227,문서커버리지,(간편)허혈심장질환수술특약의 허혈심장질환 수술급여금은 계약일부터 1년 미만에 지급사유가 발생한 경우와 그 이후의 지급률이 어떻게 다른가요?,"허혈심장질환 수술급여금은 【수술 1회당】 특약보험가입금액의 100%를 지급하며, 다만 계약일부터 1년 미만에 지급사유가 발생한 경우 '특약보험가입금액의 50%'를 지급합니다. 여기서 1년 미만이란 계약일부터 1년이 되는 시점의 계약해당일의 전날까지를 말합니다.",확정,"S

| 구분 | 지급사유 | | 지급금액 |
|------|---------|---|---------|
| 허혈심장질환 수술급여금 | 간편 심사형 | 특약보험기간 중 피보험자가 ""허혈심장질환""의 직접적인 치료를 목적으로 수술을 받았을 때 | 【수술 1회당】 특약보험가입금액의 100% (다만, 계약일부터 1년 미만에 지급사유가 발생한 경우 ""특약보험가입금액의 50%""를 지급함) |
| | 일반 심사형 | 특약보험기간 중 피보험자가 ""허혈심장질환""으로 진단확정 되고, 특약보험기간 중 그 ""허혈심장질환""의 직접적인 치료를 목적으로 수술을 받았을 때 | |

※ 1년 미만 : 계약일부터 1년이 되는 시점의 계약해당일의 전날까지
",250212원문재검증(v3정화),v3-offline-0440,single_lookup,True
228,문서커버리지,"(간편)질병수술(8대특정수술제외)특약에서 ""수술(제왕절개 제외)""의 정의는 무엇인가요?","이 특약에 있어서 ""수술(제왕절개 제외)""이라 함은 의사에 의하여 ""질병분류표Ⅱ(특정다빈도 7대질병 제외)""(<부표2-2> 참조)에서 정하는 질병(이하 ""질병(특정다빈도 7대질병 제외)""이라 합니다)의 직접적인 치료를 목적으로 필요하다고 인정된 경우로서 의료기관에서 의사의 관리 하 에 기구를 사용하여 생체(生體)에 절단(切斷, 특정부위를 잘라내는 것), 절제(切除, 특정부위를 잘라 없애는 것) 등의 조작을 가하는 것[보건복지부 산하 신의료기술평가위원회(향후 제도 변경 시에는 동 위원회와 동일한 기능을 수행하는 기관)로부터 안전성과 치료효과를 인정받은 최신 수술기법도 포함됩니다]을 말합니다.",확정,"① 이 특약에 있어서 ""수술(제왕절개 제외)""이라 함은 의사에 의하여 ""질병분류표Ⅱ(특정다빈도 7대질병 제외)""(<부표2-2> 참조)에서 정하는 질병(이하 ""질병(특정다빈도 7대질병 제외)""이라 합니다)의 직접적인 치료를 목적으로 필요하다고 인정된 경우로서 의료기관에서 의사의 관리 하

SHINHAN LIFE

2238

---

에 기구를 사용하여 생체(生體)에 절단(切斷, 특정부위를 잘라내는 것), 절제(切除, 특정부위를 잘라 없애는 것) 등의 조작을 가하는 것[보건복지부 산하 신의료기술평가위원회(향후 제도 변경 시에는 동 위원회와 동일한 기능을 수행하는 기관)로부터 안전성과 치료효과를 인정받은 최신 수술기법도 포함됩니다]을 말합니다. 다만, 흡인(吸引, 주사기 등으로 발아들이는 것), 천자(穿刺, 바늘 또는 관을 꽃아 체액·조직을 봅아내거나 약물을 주입하는 것) 등의 조치 및 신경(神經) BLOCK(신경의 차단), 미용 성형상의 수술, 피임(避妊) 목적의 수술, 피임 및 불임술 후 가임목적의 수술, 검사 및 진단을 위한 수술[생검(生檢), 복강경 검사(腹腔鏡檢査) 등], ""제왕절개수술 분류표""(<부표2-3> 참조)에서 정하는 제왕절개수술은 제외됩니다.",기존3단계검수+250212원문재앵커링,v3-generated-def-0027,single_lookup,True
229,문서커버리지,"(간편)급여암특정재활치료특약에서 ""급여암특정재활치료(기본물리치료)""의 정의는 무엇인가요?","이 특약에 있어서 ""급여암특정재활치료(기본물리치료)""라 함은 암 자체 또는 암 치료로 인한 구조적 손상과 기능적 장해를 치료하기 위하여 의사에 의하여 치료가 필요하다고 인정된 경우로서 아래 ""급여암특정재활치료(기본물리치료) 분류표""에 해당하는 진료행위(「국민건강보험법에서 정한 요양급여」또는 「의료급여법에서 정한 의료급여」절차를 거쳐 급여 항목이 발생한 경우에 한하며, 이하 ""급여암특정재활치료(기본물리치료) 인정기준""이라 합니다)를 말합니다.",확정,"① 이 특약에 있어서 ""급여암특정재활치료(기본물리치료)""라 함은 암 자체 또는 암 치료로 인한 구조적 손상과 기능적 장해를 치료하기 위하여 의사에 의하여 치료가 필요하다고 인정된 경우로서 아래 ""급여암특정재활치료(기본물리치료) 분류표""에 해당하는 진료행위(「국민건강보험법에서 정한 요양급여」또는 「의료급여법에서 정한 의료급여」절차를 거쳐 급여 항목이 발생한 경우에 한하며, 이하 ""급여암특정재활치료(기본물리치료) 인정기준""이라 합니다)를 말합니다.",기존3단계검수+250212원문재앵커링,v3-generated-def-0006,single_lookup,True
230,문서커버리지,"(간편)급여암특정재활치료특약에서 ""급여암특정재활치료(단순재활치료)""의 정의는 무엇인가요?","이 특약에 있어서 ""급여암특정재활치료(단순재활치료)""라 함은 암 자체 또는 암 치료로 인한 구조적 손상과 기능적 장해를 치료하기 위하여 의사에 의하여 치료가 필요하다고 인정된 경우로서 아래 ""급여암특정 재활치료(단순재활치료) 분류표""에 해당하는 진료행위(「국민건강보험법에서 정한 요양급여」또는 「의료급여법에서 정한 의료급여」절차를 거쳐 급여 항목이 발생한 경우에 한하며, 이하 ""급여 암 특정재활치료(단순재활치료) 인정기준""이라 합니다)를 말합니다.",확정,"① 이 특약에 있어서 ""급여암특정재활치료(단순재활치료)""라 함은 암 자체 또는 암 치료로 인한 구조적 손상과 기능적 장해를 치료하기 위하여

2212152200000007497

(간편)급여암특정재활치료특약(무배당, 갱신형)

991

---

의사에 의하여 치료가 필요하다고 인정된 경우로서 아래 ""급여암특정 재활치료(단순재활치료) 분류표""에 해당하는 진료행위(「국민건강보험법에서 정한 요양급여」또는 「의료급여법에서 정한 의료급여」절차를 거쳐 급여 항목이 발생한 경우에 한하며, 이하 ""급여 암 특정재활치료(단순재활치료) 인정기준""이라 합니다)를 말합니다.",기존3단계검수+250212원문재앵커링,v3-generated-def-0007,single_lookup,True
231,문서커버리지,"(간편)뇌혈관·허혈심장질환주요치료비특약에서 ""종합병원 중환자실치료""의 정의는 무엇인가요?","이 특약에 있어서 ""종합병원 중환자실치료""라 함은 의사에 의하여 ""뇌혈관질환 또는 허혈심장질환""으로 인한 직접적인 치료를 목적으로 필요하다고 인정된 경우로서 자택 등에서의 치료가 곤란하여 제2-1조의9(""종합병원""의 정의)에서 정한 ""종합병원""의 중환자실(Intensive Care Unit, 집중치료실 또는 집중강화치료실)""(이하 ""중환자실""이라 합니다)에 입실하여 의사의 관리 하에 치료에 전념하는 것을 말합니다.",확정,"① 이 특약에 있어서 ""종합병원 중환자실치료""라 함은 의사에 의하여 ""뇌혈관질환 또는 허혈심장질환""으로 인한 직접적인 치료를 목적으로 필요하다고 인정된 경우로서 자택 등에서의 치료가 곤란하여 제2-1조의9(""종합병원""의 정의)에서 정한 ""종합병원""의 중환자실(Intensive Care Unit, 집중치료실 또는 집중강화치료실)""(이하 ""중환자실""이라 합니다)에 입실하여 의사의 관리 하에 치료에 전념하는 것을 말합니다.",기존3단계검수+250212원문재앵커링,v3-generated-def-0012,single_lookup,True
232,문서커버리지,"(간편)카티(CAR-T)항암약물허가치료특약에서 ""카티(CAR-T)항암약물허가치료 적응증""의 정의는 무엇인가요?","이 특약에 있어서 ""카티(CAR-T)항암약물허가치료 적응증""이라 함은 암, 기타피부암, 갑상선암, 대장점막내암 또는 비침습방광암 중 제2-1 조의7(""카티(CAR-T)항암약물치료제"" 및 ""카티(CAR-T)항암약물허가치료""의 정의)에서 정한 ""카티(CAR-T)항암약물치료제""의 ""안전성과 유효성 인정 범위""에 따라 투약 처방이 가능한 암, 기타피부암, 갑상선암, 대장점막내암 또는 비침습방광암을 말합니다.",확정,"① 이 특약에 있어서 ""카티(CAR-T)항암약물허가치료 적응증""이라 함은 암, 기타피부암, 갑상선암, 대장점막내암 또는 비침습방광암 중 제2-1 조의7(""카티(CAR-T)항암약물치료제"" 및 ""카티(CAR-T)항암약물허가치료""의 정의)에서 정한 ""카티(CAR-T)항암약물치료제""의 ""안전성과 유효성 인정 범위""에 따라 투약 처방이 가능한 암, 기타피부암, 갑상선암, 대장점막내암 또는 비침습방광암을 말합니다.",기존3단계검수+250212원문재앵커링,v3-generated-def-0003,single_lookup,True
233,문서커버리지,"(간편)카티(CAR-T)항암약물허가치료특약에서 ""카티(CAR-T)항암약물치료제""의 정의는 무엇인가요?","이 특약에 있어서 ""카티(CAR-T)항암약물치료제""란 환자 본인의 혈액에서 T세포를 분리하고 체외에서 유전자 도입(변형)을 통해 제조 및 증폭된 키메라항원수용체T세포(CAR-T(카티)세포)를 환자의 몸에 주입함으로써 암세포의 표면항원을 특이적으로 인지해 암세포를 공격하여 사멸시키는 치료제를 말합니다.",확정,"① 이 특약에 있어서 ""카티(CAR-T)항암약물치료제""란 환자 본인의 혈액에서 T세포를 분리하고 체외에서 유전자 도입(변형)을 통해 제조 및 증폭된 키메라항원수용체T세포(CAR-T(카티)세포)를 환자의 몸에 주입함으로써 암세포의 표면항원을 특이적으로 인지해 암세포를 공격하여 사멸시키는 치료제를 말합니다.",기존3단계검수+250212원문재앵커링,v3-generated-def-0002,single_lookup,True
234,문서커버리지,"경증이상치매보장특약에서 ""중등도이상치매상태""의 정의는 무엇인가요?","이 계약에 있어서 ""중등도이상치매상태""라 함은 피보험자가 계약일 이후에 발생한 재해 또는 질병으로 인하여 치매보장개시일 이후에 ""중등도이상의 인지기능의 장애""로 진단되고, 그 상태가 진단 시점으로부터 90일 이상 계속되어 더 이상의 호전을 기대할 수 없는 상태로 최종 진 단확정 받은 경우를 말합니다.",확정,"① 이 계약에 있어서 ""중등도이상치매상태""라 함은 피보험자가 계약일 이후에 발생한 재해 또는 질병으로 인하여 치매보장개시일 이후에 ""중등도이상의 인지기능의 장애""로 진단되고, 그 상태가 진단 시점으로부터 90일 이상 계속되어 더 이상의 호전을 기대할 수 없는 상태로 최종 진

22121522000000071390

경증이상치매보장특약(무배당, 해약환급금 미지급형)

2777

---

단확정 받은 경우를 말합니다.",기존3단계검수+250212원문재앵커링,v3-generated-def-0034,single_lookup,True
235,문서커버리지,"(간편)[9대관절척추질병]신수술특약에서 ""9대관절척추질병""의 정의는 무엇인가요?","이 특약에 있어서 ""9대관절척추질병""이라 함은 제8차 개정 한국표준질병·사인분류 중 <부표2-3> ""9대관절척추질병 분류표""에서 정한 1. 관절염, 2. 전신결합조직장애, 3. 근육 및 조직의 장애, 4. 척추변형, 5. 척추병증, 6. 추간판장애, 7. 골다공증, 8. 뼈의 병증, 9. 연골병증에 해당하는 항목을 말합니다.",확정,"① 이 특약에 있어서 ""9대관절척추질병""이라 함은 제8차 개정 한국표준질병·사인분류 중 <부표2-3> ""9대관절척추질병 분류표""에서 정한 1. 관절염, 2. 전신결합조직장애, 3. 근육 및 조직의 장애, 4. 척추변형, 5. 척추병증, 6. 추간판장애, 7. 골다공증, 8. 뼈의 병증, 9. 연골병증에 해당하는 항목을 말합니다.",기존3단계검수+250212원문재앵커링,v3-generated-def-0025,single_lookup,True
236,문서커버리지,"중증치매보장특약에서 ""중증치매상태""의 정의는 무엇인가요?","이 특약에 있어서 ""중증치매상태""라 함은 피보험자가 계약일 이후에 발생한 재해 또는 질병으로 인하여 치매보장개시일 이후에 ""중증의 인지기능의 장애""로 진단되고, 그 상태가 진단 시점으로부터 90일 이상 계속되어 더 이상의 호전을 기대할 수 없는 상태로 최종 진단확정 받은 경우를 말합니다.",확정,"① 이 특약에 있어서 ""중증치매상태""라 함은 피보험자가 계약일 이후에 발생한 재해 또는 질병으로 인하여 치매보장개시일 이후에 ""중증의 인지기능의 장애""로 진단되고, 그 상태가 진단 시점으로부터 90일 이상 계속되어 더 이상의 호전을 기대할 수 없는 상태로 최종 진단확정 받은 경우를 말합니다.",기존3단계검수+250212원문재앵커링,v3-generated-def-0035,single_lookup,True
237,문서커버리지,"(간편)[기본]신수술특약에서 ""급여수술""의 정의는 무엇인가요?","이 특약에 있어서 ""급여수술""이라 함은 의사에 의하여 피보험자의 ""수술보장대상 질병 또는 재해""로 인한 직접적인 치료를 목적으로 필요하다고 인정된 경우로서 의료기관에서 의사의 관리하에 ""신수술 분류 표""(<부표2-3> 참조)에서 정한 ""수술코드""에 해당하는 행위를 받는 경우를 말합니다.",확정,"① 이 특약에 있어서 ""급여수술""이라 함은 의사에 의하여 피보험자의 ""수술보장대상 질병 또는 재해""로 인한 직접적인 치료를 목적으로 필요하다고 인정된 경우로서 의료기관에서 의사의 관리하에 ""신수술 분류 표""(<부표2-3> 참조)에서 정한 ""수술코드""에 해당하는 행위를 받는 경우를 말합니다.",기존3단계검수+250212원문재앵커링,v3-generated-def-0020,single_lookup,True
238,문서커버리지,"(간편)중증질환자[암]산정특례대상보장특약에서 ""중증질환자[암] 산정특례 신규암 등록""의 정의는 무엇인가요?","""중증질환자[암] 산정특례 신규암 등록""이라 함은 「본인일부부담금 산정특례에 관한 기준」제7조에 의해 건강보험 산정특례 등록신청서를 국민건강보험공단 또는 요양기관에 제출하여 ""신규암""으로 ""중증질환자[암] 산정특례대상""에서 정한 산정특례대상으로 등록된 경우를 말합니다.",확정,"① ""중증질환자[암] 산정특례 신규암 등록""이라 함은 「본인일부부담금 산정특례에 관한 기준」제7조에 의해 건강보험 산정특례 등록신청서를 국민건강보험공단 또는 요양기관에 제출하여 ""신규암""으로 ""중증질환자[암] 산정특례대상""에서 정한 산정특례대상으로 등록된 경우를 말합니다.",기존3단계검수+250212원문재앵커링,v3-generated-def-0030,single_lookup,True
239,문서커버리지,"(간편)항암호르몬약물허가치료특약에서 ""특정항암호르몬치료제""의 정의는 무엇인가요?","""특정항암호르몬치료제""란 암의 발생과 성장에 호르몬을 이용하는 암종에서 사용되는 항암약물치료제로, 암세포의 성장과 확산을 억제하거나 진행 속도를 늦추기 위한 목적으로 호르몬을 차단하거나 호르몬 양을 감소시키는데 작용하는 호르몬 관련 치료제를 말합니다.",확정,"① ""특정항암호르몬치료제""란 암의 발생과 성장에 호르몬을 이용하는 암종에서 사용되는 항암약물치료제로, 암세포의 성장과 확산을 억제하거나 진행 속도를 늦추기 위한 목적으로 호르몬을 차단하거나 호르몬 양을 감소시키는데 작용하는 호르몬 관련 치료제를 말합니다.",기존3단계검수+250212원문재앵커링,v3-generated-def-0004,single_lookup,True
240,문서커버리지,"중증치매산정특례대상보장특약에서 ""중증치매 | 산정특례대상""의 정의는 무엇인가요?","이 특약에 있어서 ""중증치매 | 산정특례대상""이라 함은 보건복지부에서 고시하는 「본인일부부담금 산정특례에 관한 기준(보건복지부 고시 제 2023-286호, 2024.1.1 시행)」제5조 별표4의 2(중증난치질환자 산정 특례 대상) 중 다음에 해당하는 경우를 말합니다.",확정,"① 이 특약에 있어서 ""중증치매 | 산정특례대상""이라 함은 보건복지부에서 고시하는 「본인일부부담금 산정특례에 관한 기준(보건복지부 고시 제 2023-286호, 2024.1.1 시행)」제5조 별표4의 2(중증난치질환자 산정 특례 대상) 중 다음에 해당하는 경우를 말합니다.",기존3단계검수+250212원문재앵커링,v3-generated-def-0032,single_lookup,True
241,문서커버리지,"(간편)항암호르몬약물허가치료특약에서 ""갑상선암수술후항암호르몬치료제""의 정의는 무엇인가요?","""갑상선암수술후항암호르몬치료제""란 갑상선암 수술 후 갑상선호르몬 투여로 갑상선자극호르몬을 억제하기 위해 사용되는 치료제로, 암세포의 성장과 확산을 억제하거나 진행속도를 늦추기 위한 호르몬 관련 치료제를 말합니다.",확정,"① ""갑상선암수술후항암호르몬치료제""란 갑상선암 수술 후 갑상선호르몬 투여로 갑상선자극호르몬을 억제하기 위해 사용되는 치료제로, 암세포의 성장과 확산을 억제하거나 진행속도를 늦추기 위한 호르몬 관련 치료제를 말합니다.",기존3단계검수+250212원문재앵커링,v3-generated-def-0005,single_lookup,True
242,문서커버리지,"(간편)특정순환계질환진단특약에서 ""특정순환계질환(1종~3종)""의 정의는 무엇인가요?","이 특약에 있어서 ""특정순환계질환(1종~3종)""이라 함은 제8차 개정 한국표준질병사인분류 중 <부표2-2> ""특정순환계질환(1종~3종) 분류표""에 해당하는 항목을 말합니다.",확정,"① 이 특약에 있어서 ""특정순환계질환(1종~3종)""이라 함은 제8차 개정 한국표준질병사인분류 중 <부표2-2> ""특정순환계질환(1종~3종) 분류표""에 해당하는 항목을 말합니다. 다만, 혈관성 치매 또는 외상성 두개내",기존3단계검수+250212원문재앵커링,v3-generated-def-0009,single_lookup,True
243,문서커버리지,"(간편)특정순환계질환진단특약에서 ""특정순환계질환(2종~3종)""의 정의는 무엇인가요?","이 특약에 있어서 ""특정순환계질환(2종~3종)""이라 함은 제8차 개정 한국표준질병사인분류 중 <부표2-3> ""특정순환계질환(2종~3종) 분류표""에 해당하는 항목을 말합니다.",확정,"① 이 특약에 있어서 ""특정순환계질환(2종~3종)""이라 함은 제8차 개정 한국표준질병사인분류 중 <부표2-3> ""특정순환계질환(2종~3종) 분류표""에 해당하는 항목을 말합니다. 다만, 혈관성 치매 또는 외상성 두개내출혈로 분류되는 경우에는 보장하지 않습니다.",기존3단계검수+250212원문재앵커링,v3-generated-def-0010,single_lookup,True
244,문서커버리지,"(간편)[질병별]신수술특약에서 ""뇌혈관질환Ⅲ""의 정의는 무엇인가요?","이 특약에 있어서 ""뇌혈관질환Ⅲ""이라 함은 제8차 개정 한국표준질병·사인분류 중 ""뇌혈관질환Ⅲ 분류표""(<부표2-4> 참조)에 해당하는 항목을 말합니다.",확정,"① 이 특약에 있어서 ""뇌혈관질환Ⅲ""이라 함은 제8차 개정 한국표준질병·사인분류 중 ""뇌혈관질환Ⅲ 분류표""(<부표2-4> 참조)에 해당하는 항목을 말합니다. 다만, 혈관성 치매 또는 외상성 두개내 출혈로 분류되는 경우에는 보장하지 않습니다.",기존3단계검수+250212원문재앵커링,v3-generated-def-0021,single_lookup,True
245,문서커버리지,"(간편)특정류마티스관절염진단특약에서 ""특정 류마티스 관절염""의 정의는 무엇인가요?","이 특약에 있어서 ""특정 류마티스 관절염""이라 함은 제8차 개정 한국 표준질병·사인분류 중 <부표2-2> ""특정 류마티스 관절염 분류표""에 해당하는 항목을 말합니다.",확정,"① 이 특약에 있어서 ""특정 류마티스 관절염""이라 함은 제8차 개정 한국 표준질병·사인분류 중 <부표2-2> ""특정 류마티스 관절염 분류표""에 해당하는 항목을 말합니다.",기존3단계검수+250212원문재앵커링,v3-generated-def-0019,single_lookup,True
246,문서커버리지,"(간편)특정순환계질환진단특약에서 ""특정순환계질환(3종)""의 정의는 무엇인가요?","이 특약에 있어서 ""특정순환계질환(3종)""이라 함은 제8차 개정 한국표준질병사인분류 중 <부표2-4> ""특정순환계질환(3종) 분류표""에 해당하는 항목을 말합니다.",확정,"① 이 특약에 있어서 ""특정순환계질환(3종)""이라 함은 제8차 개정 한국표준질병사인분류 중 <부표2-4> ""특정순환계질환(3종) 분류표""에 해당하는 항목을 말합니다.",기존3단계검수+250212원문재앵커링,v3-generated-def-0011,single_lookup,True
247,Claim,재해장해특약에서 보장제외 재해는 무엇인가요?,"재해분류에서 제외하여 보험금을 지급하지 않는 재해는 다음과 같습니다. ① 질병 또는 체질적 요인이 있는 자로서 경미한 외부 요인으로 발병하거나 그 증상이 더욱 악화된 경우, ② 사고의 원인이 과잉노력 및 격심한 또는 반복적 운동(X50), 무중력 환경에서의 장기간 체류(X52), 식량부족(X53), 물부족(X54), 상세불명의 결핍(X57), 고의적 자해(X60 ~ X84), ""법적 개입"" 중 법적 처형(Y35.5)인 경우, ③ ""외과적 및 내과적 치료 중 환자의 재난(Y60 ~ Y69)"" 중 진료기관의 고의 또는 과실이 없는 사고 (단, 처치 당시에는 재난에 대한 언급이 없었으나 환자의 이상반응 또는 이후 합병증의 원인이 된 외과적 및 기타 내과적 처치(Y83 ~ Y84)는 보장), ④ ""자연의 힘에 노출(X30 ~ X39)"" 중 급격한 액체손실로 인한 탈수, ⑤ ""우발적 익사 및 익수(W65 ~ W74), 호흡과 관련된 기타 불의의 위협(W75 ~ W84), 눈 또는 인체의 개구부를 통하여 들어온 이물(W44)"" 중 질병에 의한 호흡장해 및 삼킴장해, ⑥ 한국표준질병·사인분류상의 (U00 ~ U99)에 해당하는 질병입니다.",확정,"2. 보험금을 지급하지 않는 재해

다음 각 호에 해당하는 경우에는 재해분류에서 제외하여 보험금을 지급하지 않습니다.

① 질병 또는 체질적 요인이 있는 자로서 경미한 외부 요인으로 발병하거나 그 증상이 더욱 악화된 경우

② 사고의 원인이 다음과 같은 경우

- 과잉노력 및 격심한 또는 반복적 운동(X50)

- 무중력 환경에서의 장기간 체류(X52)

- 식량부족(X53)

- 물부족(X54)

- 상세불명의 결핍(X57)

- 고의적 자해(X60 ~ X84)

- ""법적 개입"" 중 법적 처형(Y35.5)

---
③ ""외과적 및 내과적 치료 중 환자의 재난(Y60 ~ Y69)"" 중 진료기관의 고의 또는 과실이 없는 사고 (단, 처치 당시에는 재난에 대한 언급이 없었으나 환자의 이상반응 또는 이후 합병증의 원인이 된 외과적 및 기타 내과적 처치(Y83 ~ Y84)는 보장)

④ ""자연의 힘에 노출(X30 ~ X39)"" 중 급격한 액체손실로 인한 탈수

⑤ “우발적 익사 및 익수(W65 ~ W74), 호흡과 관련된 기타 불의의 위협(W75 ~ W84), 눈 또는 인체의 개구부를 통하여 들어온 이물(W44)” 중 질병에 의한 호흡장해 및 삼킴장해

⑥ 한국표준질병·사인분류상의 (U00 ~ U99)에 해당하는 질병

주) 1. ( )안은 제8차 개정 한국표준질병·사인분류(통계청고시 제2020-175호, 2021. 1. 1 시행)상의 분류코드이며, 제9차 개정 이후 상기 “1. 보장대상이 되는 재해” 및 “2. 보험금을 지급하지 않는 재해” 해당 여부는 재해 발생 당시에 시행되고 있는 한국표준질병·사인분류에 따라 판단합니다.",250212원문재검증(v3정화),v3-offline-0245,multi_evidence,False
248,상품,청구서류 목록을 보장사유별로 정리해줘,"보장사유별 청구서류는 다음과 같습니다.

1. 중증치매보장특약(무배당, 해약환급금 미지급형), 경증이상치매보장특약(무배당, 해약환급금 미지급형):
- 청구서(회사양식)
- 사고증명서(사망진단서, '치매상태'에 대한 진단서, 진단서(병명 및 분류코드 기입), 진료기록부(검사기록지 포함), 각종사고 증명서류 등)
- 신분증(주민등록증 또는 운전면허증 등 사진이 부착된 정부기관발행 신분증)
- 피보험자 및 대리청구인의 가족관계등록부(가족관계증명서) 및 주민등록등본 등
- 기타 대리청구인이 보험금 등의 수령에 필요하여 제출하는 서류
*사고증명서는 의료기관, 국민건강보험공단, 경찰서 등에서 발급한 것이어야 함

2. 중증치매산정특례대상보장특약(무배당, 갱신형):
- 청구서(회사양식)
- 사고증명서(사망진단서, 진단서(상병명, 상병코드, 특정기호, 건강보험 산정특례 등록 신청서 사본 등 포함), 산정특례 등록 승인이 완료되었음을 확인할 수 있는 서류(등록결과 통보방법에 따른 알림톡, 이메일 등), 진료비계산서 및 진료비세부내역서(산정특례 적용영수증), 진료기록부(검사기록지 포함) 등)
- 신분증(주민등록증 또는 운전면허증 등 사진이 부착된 정부기관발행 신분증)
- 피보험자 및 대리청구인의 가족관계등록부(가족관계증명서) 및 주민등록등본 등
- 기타 대리청구인이 보험금 등의 수령에 필요하여 제출하는 서류
*사고증명서는 의료기관, 국민건강보험공단, 경찰서 등에서 발급한 것이어야 함

3. (간편)간병인사용입원특약(무배당, 해약환급금 미지급형):
- 사고증명서(사망진단서, 진료비계산서, 진료비세부내역서, 입원치료확인서, 기타 간병인 사용 확인서, 진단서(병명 및 분류코드 기입), 진료기록부(검사기록지 포함), 각종사고 증명서류 등)
- 간병인을 사용한 경우: 입원간병인 사용확인서(회사양식), 간병인 사용 영수증(사업자등록된 업체 발행, 사업자등록번호 포함, 카드전표 또는 현금영수증), 사업자등록증
- 간호·간병통합서비스 사용 시: 간호·간병통합서비스 사용여부 및 사용일자를 판단할 수 있는 서류
*사고증명서는 의료기관, 국민건강보험공단, 경찰서 등에서 발급한 것이어야 하며, 기타 간병인 사용 확인서는 별도 기준을 따름",확정,"제2-16조 대리청구인에 의한 보험금 등 청구시 구비서류

① 대리청구인은 회사가 정하는 방법에 따라 다음의 서류 중 해당서류를 제출하고 보험금을 청구하여야 합니다.

1. 청구서 (회사양식)

2. 사고증명서 [사망진단서, 진단서(상병명, 상병코드, 특정기호, 건강보험 산정특례 등록 신청서 사본 등 포함), 산정특례 등록 승인이 완료되었음을 확인할 수 있는 서류(등록결과 통보방법에 따른 알림톡, 이메일 등), 진료비계산서 및 진료비세부내역서(산정특례 적용영수증), 진료기록부(검사기록지 포함) 등]

3. 신분증 (주민등록증 또는 운전면허증 등 사진이 부착된 정부기관발행 신분증)

4. 피보험자 및 대리청구인의 가족관계등록부(가족관계증명서) 및 주민등록등본 등

5. 기타 대리청구인이 보험금 등의 수령에 필요하여 제출하는 서류

② 제1항 제2호의 사고증명서는 의료기관, 국민건강보험공단, 경찰서 등에서 발급한 것이어야 합니다.
---
제2-5조 사고증명서

① 제1-5조(보험금 등의 청구) 제2호에서 말하는 이 특약의 사고증명서는 ""사망진단서, 진료비계산서, 진료비세부내역서, 입원치료확인서, 기타 간 병인 사용 확인서, 진단서(병명 및 분류코드 기입), 진료기록부(검사기록지 포함), 각종사고 증명서류 등""을 말합니다.

② 간병인을 사용한 경우 제1항의 “기타 간병인 사용 확인서”를 추가로 제출해야하며 다음 각 호의 서류를 말합니다.

1. 입원간병인 사용확인서(회사양식)

2. 간병인 사용 영수증

사업자등록된 업체가 발행한 영수증으로 사업자등록번호를 포함하여야 하며, 간이영수증을 제외한 카드전표 또는 현금영수증이어야 합니다.

3. 사업자등록증

③ 제1항의 사고증명서는 의료기관, 국민건강보험공단, 경찰서 등에서 발급한 것이어야 합니다. 다만, 기타 간병인 사용 확인서는 제2항 각 호에서 정한 내용을 따릅니다.

④ 간호·간병통합서비스를 사용한 경우, 제1항의 사고증명서는 간호·간병통합서비스 사용여부 및 사용일자를 판단할 수 있는 서류이어야 합니다.",기존3단계검수+250212원문재앵커링,v3-offline-0271,multi_evidence,False
249,Claim,정기특약에서 고의사고로 인한 사망시 예외적으로 보장하는 경우는 무엇인가요?,"(간편)정기특약은 원칙적으로 피보험자가 고의로 자신을 해친 경우 사망보험금을 지급하지 않으나, 다음의 경우에는 예외적으로 보험금을 지급합니다. ① 피보험자가 심신상실 등으로 자유로운 의사결정을 할 수 없는 상태에서 자신을 해친 경우(그 결과 사망에 이른 경우 재해를 원인으로 하는 사망보험금 지급), ② 특약 최초계약의 보장개시일(부활(효력회복)계약의 경우 최초계약 및 갱신계약의 부활 청약일)부터 2년이 지난 후에 자살한 경우.",확정,"제2-4조 보험금을 지급하지 않는 사유

회사는 다음 중 어느 한 가지로 보험금 지급사유가 발생한 때에는 보험금을 지급하지 않습니다.

1. 피보험자가 고의로 자신을 해친 경우

다만, 다음 중 어느 하나에 해당하면 보험금을 지급합니다.

가. 피보험자가 심신상실 등으로 자유로운 의사결정을 할 수 없는 상태에서 자신을 해침으로써 보험금 지급사유가 발생한 경우에는 해당 보험금을 지급합니다. 특히, 그 결과 사망에 이르게 된 경우에는 제2-2조(보험금의 지급사유)에 따른 사망보험금 중 ""재해를 원인으로 하는 사망보험금""을 지급합니다.

나. 특약의 보장개시일 [부활(효력회복)계약의 경우는 부활(효력회복) 청약일]부터 2년이 지난 후에 자살한 경우에는 제2-2조(보험금 의 지급사유)에 따른 사망보험금을 지급합니다.",기존3단계검수+250212원문재앵커링,v3-offline-0248,single_lookup,True
250,상품,"삭감, 면책, 체증/체감 등 보장금액이 기간에 따라 달라지는 주/특 상품들 정리","보장금액·보장여부가 기간에 따라 달라지는 내용은 다음과 같습니다. [면책기간] (간편)급여암특정재활치료특약(무배당, 갱신형)의 [기본물리]·[단순재활]·[전문재활] 급여암특정재활치료급여금, (간편)급여암특정통증완화치료특약(무배당, 갱신형)의 급여암특정통증완화치료급여금, (간편)암직접치료입원특약(무배당, 해약환급금 미지급형)의 암직접치료입원급여금은 암(기타피부암, 갑상선암, 대장점막내암 및 비침습방광암 제외)의 경우 가입 후 90일간 보장 제외됩니다. (간편)보험료납입면제특약(무배당, 해약환급금 미지급형)은 [일반암납입면제형] 「여성유방암 및 전립선암」 이외의 암, 중증갑상선암의 경우 가입 후 90일간 보장 제외, [남녀특정암납입면제형] 여성유방암 및 전립선암의 경우 가입 후 90일간 보장 제외, [중등도이상치매납입면제형] 가입 후 2년간 보장 제외입니다. 고혈압(원발성)약물치료특약과 당뇨병(당화혈색소 6.5%이상)진단특약 등 당뇨병 진단특약들은 가입 후 1년간 보장 제외입니다. [삭감지급] '보험금 삭감지급 도해(간편심사형에 한함)'에 따르면 [기본물리]급여암특정재활치료급여금(1일 1회, 연간 20회에 한함)은 암의 경우 암보장개시일(90일) 이후 특약보험가입금액의 0.1%를 지급하고, 최초계약일부터 1년 경과시점 이후에는 특약보험가입금액의 0.2%를 지급합니다.",확정,"---

| 상품명 | 담보명 | 면책기간 |
| --- | --- | --- |
| (간편)급여암특정재활치료특약(무배당, 갱신형) | [기본물리]급여암특정재활치료급여금 | 암(기타피부암, 갑상선암, 대장점막내암 및 비침습방광암 제외)의 경우 가입 후 90일간 보장 제외 |
|  | [단순재활]급여암특정재활치료급여금 | 암(기타피부암, 갑상선암, 대장점막내암 및 비침습방광암 제외)의 경우 가입 후 90일간 보장 제외 |
|  | [전문재활]급여암특정재활치료급여금 | 암(기타피부암, 갑상선암, 대장점막내암 및 비침습방광암 제외)의 경우 가입 후 90일간 보장 제외 |
| (간편)급여암특정통증완화치료특약(무배당, 갱신형) | 급여암특정통증완화치료급여금 | 암(기타피부암, 갑상선암, 대장점막내암 및 비침습방광암 제외)의 경우 가입 후 90일간 보장 제외 |
| (간편)암직접치료입원특약(무배당, 해약환급금 미지급형) | 암직접치료입원급여금 | 암(기타피부암, 갑상선암, 대장점막내암 및 비침습방광암 제외)의 경우 가입 후 90일간 보장 제외 |
---
보험금 삭감지급 도해 (간편심사형에 한함)

[기본물리]급여암특정재활치료급여금(1일 1회, 연간 20회에 한함)
- 암

↑ (90일)
초초 계약일
↑ 암보장 개시일
특약보험가입금액의 0.1%
↑ 특약보험가입금액의 0.2%
최초계약일부터 1년 경과시점

- 기타피부암, 갑상선암, 대장점막내암 및 비침습방광암

특약보험가입금액의 0.2%

특약보험가입금액의 0.1%
---
| (간편)보험료납입면제특약<br>(무배당, 해약환급금 미지급형) | 보험료납입면제대상계약의 보험료 납입 면제<br>(50%장해납입면제형/ 일반암납입면제형/ 남녀특정암납입면제형/ 뇌혈관질환납입면제형/ 허혈심장질환납입면제형/ 중등도이상치매납입면제형) | [일반암납입면제형]<br>「여성유방암 및 전립선암」<br>이외의 암, 중증갑상선암의 경우<br>가입 후 90일간 보장 제외<br>[남녀특정암납입면제형]<br>여성유방암 및 전립선암의 경우<br>가입 후 90일간 보장 제외<br>[중등도이상치매납입면제형]<br>가입 후 2년간 보장 제외 |
---
| 고혈압(원발성)약물치료특약<br>(무배당, 갱신형) | 고혈압(원발성)약물치료급여금 | 가입 후 1년간 보장 제외 |
| 당뇨병(당화혈색소<br>6.5%이상)진단특약<br>(무배당, 해약환급금 미지급형) | 당뇨병(당화혈색소<br>6.5%이상)진단급여금 | 가입 후 1년간 보장 제외 |
| 당뇨병(당화혈색소<br>7.5%이상)진단특약<br>(무배당, 해약환급금 미지급형) | 당뇨병(당화혈색소<br>7.5%이상)진단급여금 | 가입 후 1년간 보장 제외 |
| 당뇨병(당화혈색소<br>8.5%이상)진단특약<br>(무배당, 해약환급금 미지급형) | 당뇨병(당화혈색소<br>8.5%이상)진단급여금 | 가입 후 1년간 보장 제외 |
| 당뇨병(당화혈색소<br>6.5%이상)진단특약(무배당, 갱신형) | 당뇨병(당화혈색소<br>6.5%이상)진단급여금 | 가입 후 1년간 보장 제외 |
| 당뇨병(당화혈색소<br>7.5%이상)진단특약(무배당, 갱신형) | 당뇨병(당화혈색소<br>7.5%이상)진단급여금 | 가입 후 1년간 보장 제외 |
| 당뇨병(당화혈색소<br>8.5%이상)진단특약(무배당, 갱신형) | 당뇨병(당화혈색소<br>8.5%이상)진단급여금 | 가입 후 1년간 보장 제외 |
| (간편)암주요치료비특약<br>(무배당, 갱신형) | 암, 대장점막내암 및 비침습방광암 주요치료급여금 | 암(기타피부암, 갑상선암, 대장점막내암 및 비침습방광암 제외)의 경우<br>가입 후 90일간 보장 제외 |
| (간편)3대질병간병인사용입원특약<br>(무배당, 해약환급금 미지급형) | 3대질병 간병인 사용<br>입원급여금(상급종합병원)<br>3대질병 간병인 사용<br>입원급여금(요양병원 제외)<br>3대질병 간병인 사용<br>입원급여금(요양병원) | 암(기타피부암, 갑상선암, 대장점막내암 및 비침습방광암 제외)의 경우<br>가입 후 90일간 보장 제외 |",250212원문재검증(v3정화),v3-offline-0123,multi_evidence,False
251,Claim,1-5종 수술특약에서 보험금을 지급하지 않는 사유는 무엇인가요?,"1-5종 수술특약에서 보험금을 지급하지 않는 사유는 다음과 같습니다. 1) 피보험자가 고의로 자신을 해친 경우(단, 피보험자가 심신상실 등으로 자유로운 의사결정을 할 수 없는 상태에서 자신을 해침으로써 보험금 지급사유가 발생한 경우에는 보험금을 지급합니다), 2) 보험수익자가 고의로 피보험자를 해친 경우(단, 그 보험수익자가 보험금의 일부 보험수익자인 경우에는 다른 보험수익자에 대한 보험금은 지급합니다), 3) 계약자가 고의로 피보험자를 해친 경우입니다.",확정,"회사는 다음 중 어느 한 가지로 보험금 지급사유가 발생한 때에는 보험금을 지급하지 않습니다.

1. 피보험자가 고의로 자신을 해친 경우

다만, 피보험자가 심신상실 등으로 자유로운 의사결정을 할 수 없는 상태에서 자신을 해침으로써 보험금 지급사유가 발생한 경우에는 해당 보험금을 지급합니다.

2. 보험수익자가 고의로 피보험자를 해친 경우

다만, 그 보험수익자가 보험금의 일부 보험수익자인 경우에는 다른 보험수익자에 대한 보험금은 지급합니다.

3. 계약자가 고의로 피보험자를 해친 경우",기존3단계검수+250212원문재앵커링,v3-offline-0011,single_lookup,True
252,상품,"면책기간, 삭감기간, 삭감비율 등 보장별 제한사항등을 담보별 특약별로 요약해서 보여줘","근거 발췌 기준 주요 제한사항은 다음과 같습니다. ① 암 관련 특약 — (간편)급여암특정통증완화치료특약(무배당, 갱신형)의 급여암특정통증완화치료급여금, (간편)암직접치료입원특약(무배당, 해약환급금 미지급형)의 암직접치료입원급여금, (간편)요양병원암입원특약(무배당, 해약환급금 미지급형)의 요양병원암입원급여금, (간편)암직접치료통원특약(무배당, 해약환급금 미지급형)의 암직접치료통원급여금, (간편)암직접치료상급종합병원통원특약(무배당, 해약환급금 미지급형)의 암직접치료상급종합병원통원급여금은 암(기타피부암, 갑상선암, 대장점막내암 및 비침습방광암 제외)의 경우 가입 후 90일간 보장 제외됩니다. ② (간편)보험료납입면제특약(무배당, 해약환급금 미지급형) — [일반암납입면제형] 「여성유방암 및 전립선암」 이외의 암, 중증갑상선암의 경우 가입 후 90일간 보장 제외, [남녀특정암납입면제형] 여성유방암 및 전립선암의 경우 가입 후 90일간 보장 제외, [중등도이상치매납입면제형] 가입 후 2년간 보장 제외. ③ 고혈압(원발성)약물치료특약 — 가입 후 1년간 보장 제외. ④ 삭감지급 — '간편심사형'에 한하여, 계약일부터 2년 미만에 재해 이외의 원인으로 보험금 지급사유가 발생하였을 때에는 <부표2-1> '보험금 지급기준표'에서 정한 바에 따라 삭감하여 지급하는 특약이 있습니다.",확정,"| (간편)보험료납입면제특약<br>(무배당, 해약환급금 미지급형) | 보험료납입면제대상계약의 보험료 납입 면제<br>(50%장해납입면제형/ 일반암납입면제형/ 남녀특정암납입면제형/ 뇌혈관질환납입면제형/ 허혈심장질환납입면제형/ 중등도이상치매납입면제형) | [일반암납입면제형]<br>「여성유방암 및 전립선암」<br>이외의 암, 중증갑상선암의 경우<br>가입 후 90일간 보장 제외<br>[남녀특정암납입면제형]<br>여성유방암 및 전립선암의 경우<br>가입 후 90일간 보장 제외<br>[중등도이상치매납입면제형]<br>가입 후 2년간 보장 제외 |
| (간편)보험료납입면제특약<br>(무배당, 갱신형) | 보험료납입면제대상계약의 보험료 납입 면제<br>(50%장해납입면제형/ 일반암납입면제형/ 남녀특정암납입면제형/ 뇌혈관질환납입면제형/ 허혈심장질환납입면제형) | [일반암납입면제형]<br>「여성유방암 및 전립선암」<br>이외의 암, 중증갑상선암의 경우<br>가입 후 90일간 보장 제외<br>[남녀특정암납입면제형]<br>여성유방암 및 전립선암의 경우<br>가입 후 90일간 보장 제외 |
| 고혈압(원발성)약물치료특약<br>(무배당, 해약환급금 미지급형) | 고혈압(원발성)약물치료급여금 | 가입 후 1년간 보장 제외 |
| 고혈압(원발성)약물치료특약<br>(무배당, 갱신형) | 고혈압(원발성)약물치료급여금 | 가입 후 1년간 보장 제외 |
| 당뇨병(당화혈색소<br>6.5%이상)진단특약<br>(무배당, 해약환급금 미지급형) | 당뇨병(당화혈색소<br>6.5%이상)진단급여금 | 가입 후 1년간 보장 제외 |
| 당뇨병(당화혈색소<br>7.5%이상)진단특약<br>(무배당, 해약환급금 미지급형) | 당뇨병(당화혈색소<br>7.5%이상)진단급여금 | 가입 후 1년간 보장 제외 |
| 당뇨병(당화혈색소<br>8.5%이상)진단특약<br>(무배당, 해약환급금 미지급형) | 당뇨병(당화혈색소<br>8.5%이상)진단급여금 | 가입 후 1년간 보장 제외 |
| 당뇨병(당화혈색소<br>6.5%이상)진단특약(무배당, 갱신형) | 당뇨병(당화혈색소<br>6.5%이상)진단급여금 | 가입 후 1년간 보장 제외 |
| 당뇨병(당화혈색소<br>7.5%이상)진단특약(무배당, 갱신형) | 당뇨병(당화혈색소<br>7.5%이상)진단급여금 | 가입 후 1년간 보장 제외 |
---
| (간편)급여암특정통증완화치료특약(무배당, 갱신형) | 급여암특정통증완화치료급여금 | 암(기타피부암, 갑상선암, 대장점막내암 및 비침습방광암 제외)의 경우 가입 후 90일간 보장 제외 |
| (간편)암직접치료입원특약(무배당, 해약환급금 미지급형) | 암직접치료입원급여금 | 암(기타피부암, 갑상선암, 대장점막내암 및 비침습방광암 제외)의 경우 가입 후 90일간 보장 제외 |
| (간편)요양병원암입원특약(무배당, 해약환급금 미지급형) | 요양병원암입원급여금 | 암(기타피부암, 갑상선암, 대장점막내암 및 비침습방광암 제외)의 경우 가입 후 90일간 보장 제외 |
| (간편)암직접치료통원특약(무배당, 해약환급금 미지급형) | 암직접치료통원급여금 | 암(기타피부암, 갑상선암, 대장점막내암 및 비침습방광암 제외)의 경우 가입 후 90일간 보장 제외 |
| (간편)암직접치료상급종합병원통원특약(무배당, 해약환급금 미지급형) | 암직접치료상급종합병원통원급여금 | 암(기타피부암, 갑상선암, 대장점막내암 및 비침습방광암 제외)의 경우 가입 후 90일간 보장 제외 |
| (간편)[질병별]신수술특약(무배당, 해약환급금 미지급형) | 3대질병 급여수술 급여금 | 암(기타피부암, 갑상선암, 대장점막내암 및 비침습방광암 제외)의 경우 가입 후 90일간 보장 제외 |
| (간편)[질병별]신수술특약(무배당, 갱신형) | 3대질병 급여수술 급여금 | 암(기타피부암, 갑상선암, 대장점막내암 및 비침습방광암 제외)의 경우 가입 후 90일간 보장 제외 |
| (간편)첫날부터6대질병중환자실입원특약(무배당, 해약환급금 미지급형) | 6대질병 중환자실입원급여금 | 암(기타피부암, 갑상선암, 대장점막내암 및 비침습방광암 제외)의 경우 가입 후 90일간 보장 제외 |
| (간편)중증질환자[암]산정특례대상보장특약(무배당, 갱신형) | 중증질환자[암] 산정특례대상보장급여금 | 가입 후 90일간 보장 제외 |
---
② 제2-2조(보험금의 지급사유)의 경우 ""간편심사형""에 한하여, 계약일부터 2년 미만에 재해 이외의 원인으로 보험금 지급사유가 발생하였을 때에는 <부표2-1> ""보험금 지급기준표""에서 정한 바에 따라 삭감하여 지급합니다.",250212원문재검증(v3정화),v3-offline-0101,multi_evidence,False
253,고객상담,"면책기간을 특약별로 알려줘(예 : 고혈압, 당뇨, 암 등)","특약별 보장개시(면책) 관련 내용은 다음과 같습니다. ① 암: 암보장개시일은 계약일[부활(효력회복)일]부터 그날을 포함하여 90일이 지난날의 다음 날로 합니다. ② 당뇨: 당뇨보장개시일은 '당뇨병(당화혈색소 6.5%이상)'의 보장이 개시되는 날로, 최초계약의 계약일부터 그날을 포함하여 1년이 지난날의 다음 날로 하며 갱신계약의 경우 갱신일로 합니다. 다만, 부활(효력회복)계약의 경우 부활(효력회복)일부터 그날을 포함하여 1년이 지난날의 다음 날로 합니다. ③ 고혈압: 고혈압보장개시일은 '고혈압(원발성)약물치료'의 보장이 개시되는 날로, 최초계약의 계약일로부터 그날을 포함하여 1년이 지난날의 다음 날로 하며 갱신계약의 경우 갱신일로 합니다. ④ 특정신체부위·질병보장제한부 인수특약: 면책기간은 특정신체부위 또는 특정질병의 상태에 따라 '해당계약'의 보험기간 이내에서 「1개월부터 5년」 또는 「주계약의 보험기간」으로 합니다. 또한 일부보장 제외 조건을 붙여 승낙하였더라도 청약일부터 5년이 지나는 동안 보장이 제외되는 질병으로 추가 진단(단순 건강검진 제외) 또는 치료사실이 없을 경우, 청약일부터 5년이 지난 이후에는 이 약관에 따라 보장합니다.",확정,"① 회사는 이 특약의 청약을 승낙하고 제1회 보험료를 받은 때부터 이 특 약의 약관이 정한 바에 따라 보장을 합니다. 또한, 회사가 청약과 함께 제1회 보험료를 받은 후 승낙한 경우에도 제1회 보험료를 받은 때부터 보장이 개시됩니다. 다만, 갱신계약의 경우는 갱신일을 보장개시일로 합니다.

② 제1항에도 불구하고 제1-13조[보험료의 납입을 연체하여 해지된 특약의 부활(효력회복)]에 따라 이 특약을 부활(효력회복)하는 경우 이 특약의 보장개시일은 부활(효력회복)일로 합니다.

③ 제1항 및 제2항에도 불구하고 당뇨보장개시일은 제2-1조의3(""당뇨병(당화혈색소 6.5%이상)""의 정의 및 진단확정)에서 정한 ""당뇨병(당화혈색소 6.5%이상)""의 보장이 개시되는 날로, 최초계약의 계약일부터 그날을 포함하여 1년이 지난날의 다음 날로 하며 갱신계약의 경우 갱신일로 합니다. 다만, 부활(효력회복)계약의 경우 최초계약 및 갱신계약의 부활(효력회복)일부터 그날을 포함하여 1년이 지난날의 다음 날로 합니다.

___

# SHINHAN LIFE
---
및 이자 지급

※ 신용카드로 제1회 보험료를 납입한 경우에는 이자를 지급하지 않고 신용카드의 매출을 취소합니다.

⑤ 회사가 제2항에 따라 일부보장 제외 조건을 붙여 승낙하였더라도 청약일부터 5년(갱신형 특약의 경우에는 최초계약의 청약일부터 5년)이 지나는 동안 보장이 제외되는 질병으로 추가 진단(단순 건강검진 제외) 또는 치료사실이 없을 경우, 청약일부터 5년이 지난 이후에는 이 약관에 따라 보장합니다.

⑥ 제5항의 ""청약일부터 5년이 지나는 동안""이라 함은 제1-12조[보험료의 납입이 연체되는 경우 납입최고(독촉)와 특약의 해지]에서 정한 특약의 해지가 발생하지 않은 경우를 말합니다.

⑦ 제1-13조[보험료의 납입을 연체하여 해지된 특약의 부활(효력회복)]에서 정한 특약의 부활(효력회복)이 이루어진 경우 부활(효력회복)을 청약한 날을 제5항의 청약일로 하여 적용합니다.
---
③ 제2항의 면책기간은 특정신체부위 또는 특정질병의 상태에 따라 ""해당계약""의 보험기간 이내에서 「1개월부터 5년」 또는 「주계약의 보험기간」으로 합니
다. 또한, 면책기간 설정에 대한 판단은 회사에서 정한 계약심사기준을 따르며, 개개인의 질병의 상태 등에 대한 의사의 소견에 따라서 다르게 적용할 수 있습니다.
---
③ 제1항 및 제2항에도 불구하고 고혈압보장개시일은 제2-1조의3[""고혈압(원발성)"" 및 ""고혈압(원발성) 약물치료""의 정의 및 진단확정]에서 정한 ""고혈압(원발성)약물치료""의 보장이 개시되는 날로, 최초계약의 계약일로부터 그날을 포함하여 1년이 지난날의 다음 날로 하며 갱신계약의 경우 갱신일로 합니다. 다만, 부활(효력회복)계약의 경우 최초계약 및 갱신계약의 부활(효력회복)일부터 그날을 포함하여 1년이 지난날의 다음 날로 합니다.
---
2. 암보장개시일은 계약일[부활(효력회복)일]부터 그날을 포함하여 90일이 지난날의 다음 날로 합니다.",250212원문재검증(v3정화),v3-offline-0102,multi_evidence,False
254,고객상담,자궁근종수술 1차 진행후 3개월 후 2차 재수술한 경우 보장이 가능한가요?,"네, 보장 가능합니다. (간편)1-5종수술특약은 특약보험기간 중 피보험자가 질병 또는 재해로 인한 그 직접적인 치료를 목적으로 '1~5종 수술분류표'에서 정하는 수술을 받았을 때 보험수익자에게 약정한 각 보장계약에 해당하는 수술급여금을 지급하며, 지급 단위는 수술 1회당입니다. 예를 들어 5종 수술 급여금은 【수술 1회당】 특약보험가입금액의 10%(다만, '간편심사형'에 한하여 최초계약의 계약일부터 1년 미만에 재해 이외의 원인으로 지급사유가 발생한 경우 '특약보험가입금액의 5%')를 지급합니다. 따라서 자궁근종의 직접적인 치료를 목적으로 1~5종 수술분류표에서 정하는 수술을 다시 받았다면 2차 수술도 수술 1회당 급여금 지급 대상이 됩니다.",확정,"| 5종 수술 급여금 | 특약보험기간 중 피보험자가 질병 또는 재해로 인한 그 직접적인 치료를 목적으로 1~5종 수술분류표(<부표2-2> 참조)에서 정하는 5종 수술을 받았을 때 | 【수술 1회당】 특약보험가입금액의 10% (다만, “간편심사형”에 한하여 최초계약의 계약일부터 1년 미만에 재해 이외의 원인으로 지급사유가 발생한 경우 “특약보험가입금액의 5%”를 지급함) |
---
제2관 보험금의 지급

제2-2조 보험금의 지급사유

회사는 특약보험기간 중 피보험자가 질병 또는 재해로 인한 그 직접적인 치료를 목적으로 ""1~5종 수술분류표""(<부표2-2> 참조)에서 정하는 수술을 받았을 때 보험수익자에게 약정한 각 보장계약에 해당하는 수술급여금(<부표2-1> ""보험금 지급기준표"" 참조)을 지급합니다. (수술 1회당)

2212152200000007936

(간편)1-5종수술특약(무배당, 갱신형)",250212원문재검증(v3정화),v3-offline-0234,multi_evidence,False
255,챗봇,통합건강보험 원 특정순환계질환 범위,"특정순환계질환(1종~3종) 분류표의 범위는 다음과 같습니다. [1종] 급성 류마티스열(심장침범에 대한 언급이 없는 류마티스열 I00 · 심장 침범이 있는 류마티스열 I01 · 류마티스무도병 I02 · 류마티스성 승모판질환 I05 · 류마티스성 대동맥판질환 I06 · 류마티스성 삼첨판질환 I07 · 다발판막질환 I08 · 기타 류마티스심장질환 I09 · 급성 심장막염 I30 · 심장막의 기타 질환 I31 · 달리 분류된 질환에서의 심장막염 I32 · 급성 및 아급성 심내막염 I33 · 상세불명 판막의 심내막염 I38 · 급성 심근염 I40 · 달리 분류된 질환에서의 심근염 I41), 중증 방실차단(방실차단 2도 I44.1 · 완전방실차단 I44.2 · 기타 및 상세불명의 심방실차단 I44.3), 부정맥(발작성 빈맥 I47 · 심방세동 및 조동 I48 · 기타 심장부정맥 I49), 특정 동맥혈관질환(기타 동맥류 및 박리 I72 · 동맥색전증 및 혈전증 I74 · 동맥 및 세동맥의 기타 장애 I77), 문맥혈전증 I81이 해당합니다. [2종] 협심증 I20; 경증 허혈성심장질환(기타 급성 허혈심장질환 I24 · 만성 허혈심장병 I25), 폐성심장병 및 폐순환의 질환(폐색전증 I26 · 기타 폐성 심장질환 I27 · 폐혈관의 기타 질환 I28), 심근병증 I42 · 달리 분류된 질환에서의 심근병증 I43; 심부전 I50; 경증 뇌혈관질환(출혈 또는 경색증으로 명시되지 않은 뇌졸중 I64 · 뇌경색증을 유발하지 않은 뇌전동맥의 폐쇄 및 협착 I65 · 뇌경색증을 유발하지 않은 대뇌동맥의 폐쇄 및 협착 I66 · 기타 뇌혈관질환 I67 · 달리 분류된 질환에서의 뇌혈관장애 I68 · 뇌혈관질환의 후유증 I69); 대동맥동맥류 및 박리 I71; 식도정맥류(식도정맥류 I85 · 달리 분류된 질환에서의 출혈을 동반하지 않은 식도정맥류 I98.2 · 달리 분류된 질환에서의 출혈을 동반한 식도정맥류 I98.3); 인공소생에 성공한 심장정지 I46.0; 뇌경색증 I63; 급성심근경색증(급성 심근경색증 I21 · 후속심근경색증 I22 · 급성 심근경색증 후 특정 현존 합병증 I23). [3종] 뇌출혈(거미막하출혈 I60 · 뇌내출혈 I61 · 기타 비외상성 두개내출혈 I62).",확정,"표82 | 특정순환계질환(1종~3종) 분류표

S

약관에서 정한 ""특정순환계질환(1종~3종)""로 분류되는 질병은 제8차 개정 한국표준질병·사인분류(통계청 고시 제2020-175호, 2021. 1. 1시행) 중 다음에 적은 대상질병을 말합니다.

| 종구분 | 구 분 | 대 상 질 병 명 | 분 류 코 드 |
|------|------|------|------|
| 1종 | 급성 류마티스열 | 심장침범에 대한 언급이 없는 류마티스열 | I00 |
| | | 심장 침범이 있는 류마티스열 | I01 |
| | | 류마티스무도병 | I02 |
| | | 류마티스성 승모판질환 | I05 |
| | | 류마티스성 대동맥판질환 | I06 |
| | | 류마티스성 삼첨판질환 | I07 |
| | | 다발판막질환 | I08 |
| | | 기타 류마티스심장질환 | I09 |
| | | 급성 심장막염 | I30 |
| | | 심장막의 기타 질환 | I31 |
| | | 달리 분류된 질환에서의 심장막염 | I32 |
| | | 급성 및 아급성 심내막염 | I33 |
| | | 상세불명 판막의 심내막염 | I38 |
| | | 급성 심근염 | I40 |
| | | 달리 분류된 질환에서의 심근염 | I41 |
| | 중증 방실차단 | 방실차단 2도 | I44.1 |
| | | 완전방실차단 | I44.2 |
| | | 기타 및 상세불명의 심방실차단 | I44.3 |
| | 부정맥 | 발작성 빈맥 | I47 |
| | | 심방세동 및 조동 | I48 |
| | | 기타 심장부정맥 | I49 |
| | 특정 동맥혈관질환 | 기타 동맥류 및 박리 | I72 |
| | | 동맥색전증 및 혈전증 | I74 |
| | | 동맥 및 세동맥의 기타 장애 | I77 |
| | 문맥혈전증 | 문맥혈전증 | I81 |
| 2종 | 협심증 | 협심증 | I20 |
| | 경증 허혈성심장질환 | 기타 급성 허혈심장질환 | I24 |
| | | 만성 허혈심장병 | I25 |
| | 폐성심장병 및폐순환의 질환 | 폐색전증 | I26 |
| | | 기타 폐성 심장질환 | I27 |
| | | 폐혈관의 기타 질환 | I28 |
| | 심근병증 | 심근병증 | I42 |
| | | 달리 분류된 질환에서의 심근병증 | I43 |
| | 심부전 | 심부전 | I50 |
---
| | | |
|---|---|---|
| 경증 뇌혈관질환 | 출혈 또는 경색증으로 명시되지 않은 뇌졸중 | I64 |
| | 뇌경색증을 유발하지 않은 뇌전동맥의 폐쇄 및 협착 | I65 |
| | 뇌경색증을 유발하지 않은 대뇌동맥의 폐쇄 및 협착 | I66 |
| | 기타 뇌혈관질환 | I67 |
| | 달리 분류된 질환에서의 뇌혈관장애 | I68 |
| | 뇌혈관질환의 후유증 | I69 |
| 대동맥동맥류 및 박리 | 대동맥동맥류 및 박리 | I71 |
| | 식도정맥류 | I85 |
| | 달리 분류된 질환에서의 출혈을 동반하지 않은 식도정맥류 | I98.2 |
| 식도정맥류 | 달리 분류된 질환에서의 출혈을 동반한 식도정맥류 | I98.3 |
| 인공소생에 성공한 심장정지 | 인공소생에 성공한 심장정지 | I46.0 |
| 뇌경색증 | 뇌경색증 | I63 |
| 급성심근경색증 | 급성 심근경색증 | I21 |
| | 후속심근경색증 | I22 |
| | 급성 심근경색증 후 특정 현존 합병증 | I23 |
| 3종 | 거미막하출혈 | I60 |
| 뇌출혈 | 뇌내출혈 | I61 |
| | 기타 비외상성 두개내출혈 | I62 |",250212원문재검증(v3정화),v3-offline-0293,multi_evidence,False
256,상품,"주/특별 소멸사유, 무효/취소 사유, 실효사유, 납입면제 사유 등 정리","근거 발췌 기준으로 정리하면 다음과 같습니다. [계약의 무효] 다음 중 한 가지에 해당되는 경우에는 이 계약을 무효로 하며 계약자에게 실제 납입한 보험료 누계액(다만, '감액 등으로 회사가 실제 지급한 금액'을 차감한 금액)을 돌려 드립니다. ① 타인의 사망을 보험금 지급사유로 하는 보험계약에서 피보험자의 서면(전자서명이 있는 경우 본인 확인 및 위조·변조 방지에 대한 신뢰성을 갖춘 전자문서 포함) 동의를 얻지 않은 경우, ② 만15세 미만자, 심신상실자 또는 심신박약자를 피보험자로 하여 사망을 보험금 지급사유로 한 계약의 경우(다만, 심신박약자가 계약을 체결하거나 소속 단체의 규약에 따라 단체보험의 피보험자가 될 때에 의사능력이 있는 경우에는 계약이 유효함), ③ 체결시 계약에서 정한 피보험자의 나이에 미달되었거나 초과되었을 경우(다만, 회사가 나이의 착오를 발견하였을 때 이미 계약나이에 도달한 경우에는 유효한 계약으로 봄), ④ [간편심사형 가입시] 계약자 또는 피보험자가 계약일부터 3개월 이내에 이 계약의 동일한 피보험자를 대상으로 '일반심사보험' 가입을 원하여 일반 계약 심사를 받는 경우입니다. [특약의 임의해지 및 서면동의 철회] 계약자는 이 특약이 소멸하기 전에 언제든지 이 특약을 해지할 수 있으며, 이 경우 회사는 해약환급금을 계약자에게 지급합니다. 또한 사망을 보험금 지급사유로 하는 특약에서 서면으로 동의를 한 피보험자는 특약의 효력이 유지되는 기간에는 언제든지 서면동의를 장래를 향하여 철회할 수 있으며, 서면동의 철회로 특약이 해지되어 회사가 지급하여야 할 해약환급금이 있을 때에는 해약환급금을 계약자에게 지급합니다.",확정,"다음 중 한 가지에 해당되는 경우에는 이 계약을 무효로 하며 계약자에게 실제 납입한 보험료 누계액(다만, ""감액 등으로 회사가 실제 지급한 금액""을 차감한 금액)을 돌려 드립니다. 다만, 회사의 고의 또는 과실로 계약이 무효로 된 경우와 회사가 승낙 전에 무효임을 알았거나 알 수 있었음에도 보험료를 반환하지 않은 경우에는 보험료를 납입한 날의 다음날부터 반환일까지의 기간에 대하여 회사는 이 계약의 보험계약대출이율을 연단위 복리로 계산한 금액을 더하여 돌려드립니다.

① 타인의 사망을 보험금 지급사유로 하는 보험계약에서 피보험자의 서면(전자서명이 있는 경우 본인 확인 및 위조·변조 방지에 대한 신뢰성을 갖춘 전자문서 포함) 동의를 얻지 않은 경우. 이 때 단체보험의 보험수익자를 피보험자 또는 그 상속인이 아닌 자로 지정할 때에는 단체의 규약에서 명시적으로 정한 경우가 아니면 이를 적용함.

② 만15세 미만자, 심신상실자 또는 심신박약자를 피보험자로 하여 사망을 보험금 지급사 유로 한 계약의 경우. 다만, 심신박약자가 계약을 체결하거나 소속 단체의 규약에 따라 단체보험의 피보험자가 될 때에 의사능력이 있는 경우에는 계약이 유효함.

③ 체결시 계약에서 정한 피보험자의 나이에 미달되었거나 초과되었을 경우. 다만, 회사가 나이의 착오를 발견하였을 때 이미 계약나이에 도달한 경우에는 유효한 계약으로 보나, 만 15세 미만자에 관한 예외가 인정되는 것은 아님.

④ [간편심사형 가입시] 계약자 또는 피보험자가 계약일부터 3개월 이내에 이 계약의 동일한 피보험자를 대상으로 ""일반심사보험"" 가입을 원하여 일반 계약 심사를 통해 ""일반심사보험""에 가입한 경우. 다만, 보험금이 이미 지급되거나 약관에서 정한 보험금 청구서류를 접수한 경우에는 이를 적용하지 않습니다.
---
제2-10조 계약자의 임의해지 및 피보험자의 서면동의 철회권

① 계약자는 이 특약이 소멸하기 전에 언제든지 이 특약을 해지할 수 있으며, 이 경우 회사는 제2-11조(해약환급금) 제1항에 따른 해약환급금을 계약자에게 지급합니다.

② 제2-9조의2(""특약의 무효"")에 대한 특칙)에 따라 사망을 보험금 지급사유로 하는 특약에서 서면으로 동의를 한 피보험자는 특약의 효력이 유지되는 기간에는 언제든지 서면동의를 장래를 향하여 철회할 수 있으며, 서면동의 철회로 특약이 해지되어 회사가 지급하여야 할 해약환급금이 있을 때에는 제2-11조(해약환급금) 제1항에 따른 해약환급금을 계약자에게 지급합니다.

③ 제1항 또는 제2항에 따라 특약이 해지된 경우에는 보험증권의 뒷면에 기재하여 드립니다.

제2-11조 해약환급금",250212원문재검증(v3정화),v3-offline-0254,multi_evidence,False
257,고객상담,교통사고로 척추골절되어 장해진단 받았는데 AMA 방식의 운동각도 기재된 진단서를 제출하라고 하는데 무슨 차이가 있는건지?,"약관 별첨의 산업재해보상보험법 시행규칙 제47조(운동기능장해의 측정)는 운동기능장해의 정도를 미국의학협회(AMA, American Medical Association)식 측정 방법 중 공단이 정하는 방법으로 측정한 신체 각 관절의 운동가능영역과 평균 운동가능영역을 비교하여 판정하도록 정하고 있습니다. 다만, 척주의 운동가능영역은 그러하지 아니합니다. 예를 들어 팔의 관절기능장해 평가에서 각 관절의 운동범위 측정은 장해평가시점의 「산업재해보상보험법 시행규칙」 제47조 제1항 및 제3항의 정상인의 신체 각 관절에 대한 평균 운동가능영역을 기준으로 정상각도 및 측정방법 등을 따르며, 관절기능장해를 표시할 경우 장해부위의 장해각도와 정상부위의 측정치를 동시에 판단하여 장해상태를 명확히 합니다. 반면 척추(등뼈)의 기형장해는 척추체(척추뼈 몸통)의 압박률 또는 척추체(척추뼈 몸통)의 만곡 정도에 따라 평가하며, 만곡변화는 객관적인 측정방법(Cobb's Angle)에 따라 측정합니다. 즉, 일반 관절의 장해는 AMA식으로 측정한 운동가능영역 비교로 판정하므로 운동각도가 기재된 진단서가 필요하고, 척추(등뼈)는 압박률과 Cobb's Angle 등으로 판정한다는 차이가 있습니다.",확정,"산업재해보상보험법 시행규칙 제47조(운동기능장해의 측정)

① 비장해인의 신체 각 관절에 대한 평균 운동가능영역은 별표 4와 같다.

② 운동기능장해의 정도는 미국의학협회(AMA, American Medical Association)식 측정 방법 중 공단이 정하는 방법으로 측정한 해당 근로자의 신체 각 관절의 운동가능영역과 별표 4의 평균 운동가능영역을 비교하여 판정한다. 다만, 척주의 운동가능영역은 그러하지 아니하다.

③ 제2항에 따라 해당 근로자의 신체 각 관절의 운동가능영역을 측정할 때에는 다음 각 호의 구분에 따른 방법으로 한다.

1. 강직, 오그라듐, 신경손상 등 운동기능장해의 원인이 명확한 경우: 근로자의 능동적 운동에 의한 측정방법
---
6) 팔의 관절기능장해 평가는 팔의 3대 관절의 관절운동범위 제한 등으로 평가한다.

가) 각 관절의 운동범위 측정은 장해평가시점의 「산업재해보상보험법 시행규칙」 제47조 제1항 및 제3항(별첨1> 참조)의 정상인의 신체 각 관절에 대한 평균 운동가능영역을 기준으로 정상각도 및 측정방법 등을 따른다.

나) 관절기능장해를 표시할 경우 장해부위의 장해각도와 정상부위의 측정치를 동시에 판단하여 장해상태를 명확히 한다. 단, 관절기능장해가 신경손상으로 인한 경우에는 운동범위 측정이 아닌 근력 및 근전도 검사를 기준으로 평가한다.

7) '관절 하나의 기능을 완전히 잃었을 때'라 함은 아래의 경우 중 하나에 해당하는 경우를 말한다.
가) 완전 강직(관절군음)

---
나. 장해판정기준

1) 척추(등뼈)는 경추에서 흉추, 요추, 제1천추까지를 동일한 부위로 한다. 제2천추 이하의 천골 및 미골은 체간골의 장해로 평가한다.

2) 척추(등뼈)의 기형장해는 척추체(척추뼈 몸통을 말하며, 횡돌기 및 극돌기는 제외한다. 이하 이 신체부위에서 같다)의 압박률 또는 척추체(척추뼈 몸통)의 만곡 정도에 따라 평가한다.

가) 척추체(척추뼈 몸통)의 만곡변화는 객관적인 측정방법(Cobb's Angle)에 따라 골절이 발생한 척추체(척추뼈 몸통)의 상·하 인접 정상 척추체(척추뼈 몸통)를 포함하여 측정하며, 생리적 정상만곡을 고려하여 평가한다.

나) 척추(등뼈)의 기형장해는 척추체(척추뼈 몸통)의 압박률, 골절의 부위 등을 기준으로 판정한다. 척추체(척추뼈 몸통)의 압박률은 인접 상·하부[인접 상·하부 척추체(척추뼈 몸통)에 진구성 골절이 있거나, 다발성 척추골절이 있는 경우에는 골절된 척추와 가장 인접한 상·하부] 정상",250212원문재검증(v3정화),v3-offline-0058,comparison,False
258,Claim,급여암특정통증완화치료 중 '급여 신경차단술'에 해당하기 위해 충족해야 하는 조건은 무엇인가요?,"<부표2-3> 급여 신경차단술 분류표에 해당하는 진료행위여야 하며, 국민건강보험법에서 정한 요양급여 또는 의료급여법에서 정한 의료급여 절차를 거쳐 급여 항목이 발생한 경우에 한합니다.",확정,"가. 이 특약에 있어서 ""급여 신경차단술""이라 함은 <부표2-3> ""급여 신경차단술 분류표""에 해당하는 진료행위(「국민건강보험법에서 정한 요양급여」또는「의료급여법에서 정한 의료급여」절차를 거쳐 급여 항목이 발생한 경우에 한하며, 이하 ""급여 신경차단술 인정기준""이라 합니다)를 말합니다.",기존3단계검수+250212원문재앵커링,v3-offline-0062,single_lookup,True
259,상품,"특정질병분류표에서 병명이 당뇨병인 분류코드랑, 세부내용 같이 뽑아주고 만약 주석에도 당뇨(병)이라는 말 있으면 같이 뽑아줘","특정질병분류표에서 병명이 '당뇨병'인 분류코드와 세부내용은 다음과 같습니다. E10(1형 당뇨병), E11(2형 당뇨병), E12 영양실조-관련 당뇨병, E13 기타 명시된 당뇨병, E14 상세불명의 당뇨병, G59.0 당뇨병성 단일신경병증, G63.2 당뇨병성 다발신경병증, H28.0 당뇨병성 백내장, H36.0 당뇨병성 망막병증, M14.2 당뇨병성 관절병증, N08.3 당뇨병에서의 사구체장애입니다. 또한 분류표의 주석에 '당뇨병(E10~E14)에는 눈, 신장 등의 합병증을 동반한 당뇨병이 포함되어 있음(자세한 내용은 「한국표준질병·사인분류」를 참조)'라는 내용이 있습니다.",확정,"| 당뇨병 | E10 | 1형 당뇨병 |
| | E11 | 2형 당뇨병 |
| | E12 | 영양실조-관련 당뇨병 |
| | E13 | 기타 명시된 당뇨병 |
| | E14 | 상세불명의 당뇨병 |
| | G59.0 | 당뇨병성 단일신경병증 |
| | G63.2 | 당뇨병성 다발신경병증 |
| | H28.0 | 당뇨병성 백내장 |
| | H36.0 | 당뇨병성 망막병증 |
| | M14.2 | 당뇨병성 관절병증 |
| | N08.3 | 당뇨병에서의 사구체장애 |
---
2. 당뇨병(E10~E14)에는 눈, 신장 등의 합병증을 동반한 당뇨병이 포함되어 있음(자세한 내용은 「한국표준질병·사인분류」를 참조)",250212원문재검증(v3정화),v3-offline-0323,multi_evidence,False
260,Claim,소액암진단특약의 보장대상 암은 무엇인가요?,"소액암진단특약은 보장개시일 이후 ""기타피부암"", ""중증이외 갑상선암"", ""제자리암"", ""경계성종양"", ""대장점막내암"" 또는 ""비침습방광암""으로 진단확정되었을 때 소액암진단급여금을 지급합니다(각각 최초 1회에 한함).",확정,"회사는 특약보험기간 중 피보험자가 보장개시일 이후에 ""기타피부암"", ""중증이외 갑상선암"", ""제자리암"", ""경계성종양"", ""대장점막내암"" 또는 ""비침습방광암""으로 진단 확정되었을 때에는 보험수익자에게 약정한 소액암진단급여금(<부표2-1> ""보험금 지급기준표"" 참조)을 지급합니다. (다만, 각각 최초 1회에 한함)",기존3단계검수+250212원문재앵커링,v3-offline-0131,single_lookup,True
261,Claim,(간편)[30일한도형]첫날부터입원특약의 보험금 지급에 관한 세부규정 상 지급기준은 무엇인가요?,"이 특약의 보험금 지급에 관한 세부규정에 따르면 지급일수는 1회 입원당 30일을 최고 한도로 합니다. 피보험자가 동일한 질병 또는 재해로 인한 직접적인 치료를 목적으로 2회 이상 입원한 경우에는 「1회 입원」으로 보아 각 입원일수를 더하여 위 한도를 적용하며, 동일한 질병 또는 재해로 인한 입원이라도 입원급여금이 지급된 최종 입원의 퇴원일부터 180일이 지난 후 개시한 입원은 새로운 입원으로 봅니다. 또한 재해는 특약보험기간 중 발생한 재해에 한하며, 특약보험기간 중 발생한 재해가 아닌 경우에는 보험금 지급사유 중 해당 재해와 관련한 보험금을 지급하지 않습니다.",확정,"⑤ 재해는 특약보험기간 중 발생한 재해에 한하며, 특약보험기간 중 발생한 한 재해가 아닌 경우에는 보험금 지급사유 중 해당 재해와 관련한 보험금을 지급하지 않습니다.

⑥ 제2-2조(보험금의 지급사유)의 경우 지급일수는 1회 입원당 30일을 최고 한도로 합니다.

⑦ 제2-2조(보험금의 지급사유)의 경우 피보험자가 동일한 질병 또는 재해로 인한 직접적인 치료를 목적으로 2회 이상 입원한 경우에는 「1회 입원」으로 보아 각 입원일수를 더하여 제6항을 적용합니다.

⑧ 제7항에도 불구하고 동일한 질병 또는 재해로 인한 입원이라도 입원급 여금이 지급된 최종 입원의 퇴원일부터 180일이 지난 후 개시한 입원은 새로운 입원으로 봅니다. 다만, 아래와 같이 입원급여금이 지급된 최종 입원일부터 180일이 경과하도록 퇴원 없이 계속 입원중인 경우에는 입원급여금이 지급된 최종입원일의 그 다음날을 퇴원일로 봅니다.

________________________________________________________",250212원문재검증(v3정화),v3-offline-0251,single_lookup,True
262,고객상담,"보장개시일(암, 치매, 치아치료등 )이 언제부터인지 알려줘","치매 관련 보장의 ""치매보장개시일""은 계약일[부활(효력회복)일]부터 그 날을 포함하여 2년이 지난 날의 다음날로 합니다. 다만, 질병이 없는 상태에서 재해로 인한 뇌의 손상을 직접적인 원인으로 ""경증이상의 인지기능의 장애"" 또는 ""중등도이상의 인지기능 장애""가 진단된 경우 제2-1조(특약의 보장개시) 제1항 및 제2항에서 정한 보장개시일로 합니다. 암 관련 특약의 ""암"" 및 ""중증 갑상선암"" 보장개시일은 최초계약의 계약일부터 그날을 포함하여 90일이 지난날의 다음 날로 하며 갱신계약의 경우 갱신일로 합니다. 다만, 부활(효력회복)계약의 경우 최초계약 및 갱신계약의 부활(효력회복)일부터 그날을 포함하여 90일이 지난날의 다음 날로 합니다. 치아치료 보장에 관한 보장개시일 규정은 이 약관에 없습니다.",확정,"① 회사는 이 특약의 청약을 승낙하고 제1회 보험료를 받은 때부터 이 특 약의 약관이 정한 바에 따라 보장을 합니다. 또한, 회사가 청약과 함께 제1회 보험료를 받은 후 승낙한 경우에도 제1회 보험료를 받은 때부터 보장이 개시됩니다.

② 제1항에도 불구하고 제1-13조[보험료의 납입을 연체하여 해지된 특약의 부활(효력회복)]에 따라 이 특약을 부활(효력회복)하는 경우 이 특약의 보장개시일은 부활(효력회복)일로 합니다.

③ 제1항 및 제2항에도 불구하고 치매보장개시일은 제2-1조의2(""중증치매상태""의 정의 및 최종 진단확정)에서 정한 ""중증치매상태""의 보장이 개시되는 날로, 계약일[부활(효력회복)일]부터 그 날을 포함하여 2년이 지난 날의 다음날로 합니다. 다만, 질병이 없는 상태에서 재해로 인한 뇌의 손상을 직접적인 원인으로 제2-1조의2(""중증치매상태""의 정의 및 최종 진단확정) 제2항에서 정한 ""중증의 인지기능의 장애""가 진단된 경우 제1항 및 제2항에서 정한 보장개시일로 합니다.

SHINHAN LIFE

2796
---
※「이 특약의 피보험자가 특약보험기간 중 사망하였을 경우」 또는 「주계약이 해지, 무효, 취소 또는 철회된 경우」이 특약은 그때부터 효력이 없습니다. 또한, 이 특약의 피보험자에게 특약보험기간 중 각 보장계약에 대한 지급사유가 발생하였을 경우 각 보장계약에 한하여 그때부터 효력이 없습니다.

※ 특약보험기간 중 피보험자의 사망으로 이 특약이 소멸하는 경우에는 계약자적립액 등을 지급하지 않습니다.

※ ""치매보장개시일""은 계약일[부활(효력회복)일]부터 그 날을 포함하여 2년이 지난 날의 다음날로 합니다. 다만, 질병이 없는 상태에서 재해로 인한 뇌의 손상을 직접적인 원인으로 ""경증이상의 인지기능의 장애"" 또는 ""중등도이상의 인지기능 장애""가 진단된 경우 제2-1조(특약의 보장개시) 제1항 및 제2항에서 정한 보장개시일로 합니다.

[경증이상치매 보장계약]

| 구분 | 지급사유 | 지급금액 |
---
주) 1. 「이 특약의 피보험자가 특약보험기간 중 사망하거나 이 특약의 보험금 지급사유가 더 이상 발생할 수 없는 경우」 또는 「주계약이 해지, 무효, 취소 또는 철회된 경우」 이 특약은 그때부터 효력이 없습니다. 다만, 특약보험기간 중 피보험자가 사망한 경우에는 산출방법서에서 정하는 바에 따라 회사가 적립한 사망당시의 계약자적립액을 계약자에게 지급합니다.

2. ""암"" 및 ""중증 갑상선암"" 보장개시일은 최초계약의 계약일부터 그날을 포함하여 90일이 지난날의 다음 날로 하며 갱신계약의 경우 갱신일로 합니다. 다만, 부활(효력회복)계약의 경우 최초계약 및 갱신계약의 부활(효력회복)일부터 그날을 포함하여 90일이 지난날의 다음 날로 합니다.

3. 이 특약의 ""암""은 「기타피부암, 갑상선암, 대장점막내암 및 비침습방광암」을 제외하며, ""「여성유방암 및 전립선암」이외의 암""이라 함은 ""암"" 중에서 ""여성유방암"" 및 ""전립선암""을 제외한 ""암""을 말합니다.

4. 이 특약의 ""중증 갑상선암""은 ""갑상선암""에 해당하는 질병 중 ""수질성암(Medullary carcinoma)"" 또는 ""역형성암(Anaplastic carcinoma)""에 해당하는 질병을 말하며, ""중증 이외 갑상선암""이라 함은 ""갑상선암""에 해당하는 질병 중 ""중증 갑상선암""을 제외한 나머지 갑상선암을 말합니다.

___",250212원문재검증(v3정화),v3-offline-0106,multi_evidence,False
263,LICO,면역항암치료도되나요?,"네, 보장됩니다. 이 약관에서 ""항암약물치료""라 함은 의료기관에서 해당 진료과목의 전문의 자격증을 가진 자가 피보험자의 ""암"", ""기타피부암"", ""갑상선암"", ""대장점막내암"" 또는 ""비침습방광암""의 직접적인 치료를 목적으로 항암화학요법 또는 항암면역요법에 의해 항암약물을 투여하여 치료하는 것을 말하며, 항암면역요법이란 면역기전을 이용해서 암세포를 제거하는 치료를 말합니다. 따라서 항암면역요법에 의한 치료도 포함됩니다. 다만, 암세포가 없는 상태에서 면역력을 증가시키는 약물치료는 제외됩니다.",확정,"---

제2-1조의6 ""항암약물치료""의 정의

이 특약에 있어서 ""항암약물치료""라 함은 의료기관에서 해당 진료과목의 전문의 자격증을 가진 자가 피보험자의 ""암"", ""기타피부암"", ""갑상선암"", ""대장점막내암"" 또는 ""비침습방광암""의 직접적인 치료를 목적으로 항암화학요법 또는 항암면역요법에 의해 항암약물을 투여하여 치료하는 것을 말합니다. 다만, 항암면역요법이란 면역기전을 이용해서 암세포를 제거하는 치료를 말하며, 암세포가 없는 상태에서 면역력을 증가시키는 약물치료는 제외됩니다.

제2-1조의7 ""카티(CAR-T)항암약물치료제"" 및 ""카티(CAR-T)항암약물허가치료""의 정의

① 이 특약에 있어서 ""카티(CAR-T)항암약물치료제""란 환자 본인의 혈액에서 T세포를 분리하고 체외에서 유전자 도입(변형)을 통해 제조 및 증폭된 키메라항원수용체T세포(CAR-T(카티)세포)를 환자의 몸에 주입함으로써 암세포의 표면항원을 특이적으로 인지해 암세포를 공격하여 사멸시키는 치료제를 말합니다.",250212원문재검증(v3정화),v3-offline-0100,single_lookup,True
264,고객상담,암 보장개시일 이전 진단시 계약무효에 해당되는 특약 알려줘,"대표적으로 다음 특약에 보장개시일 전 진단에 대한 ""특약의 무효"" 특칙이 있습니다. (간편)암주요치료비특약(무배당, 갱신형)은 피보험자가 ""암보장개시일"" 전일 이전에 제2-1조의3(""암"" 등의 정의 및 진단확정) 제1항에서 정한 ""암""으로 진단이 확정되는 경우 [암, 대장점막내암 및 비침습방광암 주요치료 보장계약]을 무효로 하며 계약자에게 실제 납입한 보험료 누계액을 돌려 드립니다. 다만, 최초로 ""대장점막내암"" 또는 ""비침습방광암""으로 진단 확정되어 ""암, 대장점막내암 및 비침습방광암 보험금 지급기간""이 시작된 경우에는 무효로 하지 않습니다. (간편)암다빈치로봇수술특약(무배당, 갱신형)은 「피보험자가 다빈치로봇수술보장개시일 전일 이전에 아래 질병으로 진단이 확정 되는 경우」 이 특약을 무효로 하며 실제 납입한 보험료 누계액을 돌려 드립니다. 여기서 아래 질병이란 제2-1조의3(""암"" 등의 정의 및 진단확정)에서 정한 ""전립선암"", ""전립선암 이외의 암"", ""기타피부암"" 및 ""갑상선암""과 제2-1조의4(""대장점막내암""의 정의 및 진단확정)에서 정한 ""대장점막내암""을 말합니다.",확정,"⑦ 「호스피스·완화의료 및 임종과정에 있는 환자의 연명의료 결정에 관한 법률」에 따른「연명의료중단등결정 및 그 이행」과 관계없이 지급금은 제2항부터 제4항에 해당하는 경우 해당 조항에 따라 지급합니다.

제2-9조의2 ""특약의 무효""에 대한 특칙

① 제1-10조(특약의 무효) 제1항 이외에 다음에 해당되는 경우에는 [암, 대장점막내암 및 비침습방광암 주요치료 보장계약]을 무효로 하며 계약자에게 실제 납입한 [암, 대장점막내암 및 비침습방광암 주요치료 보장계약]의 보험료 누계액(다만, ""감액 등으로 회사가 실제 지급한 금액""을 차감한 금액)을 돌려 드립니다.

1. 피보험자가 ""암보장개시일"" 전일 이전에 제2-1조의3(""암"" 등의 정의 및 진단확정) 제1항에서 정한 ""암""으로 진단이 확정되는 경우

무효
---
이전에 ""암"", ""대장점막내암"" 또는 ""비침습방광암"" 중 최초로 ""대장점막내암"" 또는 ""비침습방광암""으로 진단 확정되어 ""암, 대장점막내암 및 비침습방광암 보험금 지급기간""이 시작된 경우에는 [암, 대장점막내암 및 비침습방광암 주요치료 보장계약]을 무효로 하지 않습니다.
---
⑤「호스피스·완화의료 및 임종과정에 있는 환자의 연명의료 결정에 관한 법률」에 따른 「연명의료중단등결정 및 그 이행」과 관계없이 지급금은 제2항에 해당하는 경우 해당 조항에 따라 지급합니다.

제2-9조2 ""특약의 무효""에 대한 특칙

제1-10조(특약의 무효) 제1항 이외에 「피보험자가 다빈치로봇수술보장개시일 전일 이전에 아래 질병으로 진단이 확정 되는 경우」에는 이 특약을 무효로 하며 계약자에게 실제 납입한 보험료 누계액(다만, ""감액 등으로 회사가 실제 지급한 금액""을 차감한 금액)을 돌려 드립니다.

1. 제2-1조의3(""암"" 등의 정의 및 진단확정)에서 정한 ""전립선암"", ""전립선암 이외의 암"", ""기타피부암"" 및 ""갑상선암""

2. 제2-1조의4(""대장점막내암""의 정의 및 진단확정)에서 정한 ""대장점막내암""",250212원문재검증(v3정화),v3-offline-0169,multi_evidence,False
265,LICO,협심증도보장되나요?,"네, 협심증도 보장됩니다. 회사는 특약보험기간 중 피보험자가 ""허혈심장질환""으로 진단확정 되었을 경우에는 보험수익자에게 약정한 허혈심장질환진단급여금을 지급합니다(다만, 최초 1회의 진단확정에 한함). ""허혈심장질환""이라 함은 제8차 개정 한국표준질병·사인분류 중 ""허혈심장질환 분류표""에 해당하는 항목을 말하며, 허혈심장질환 분류표의 대상 질병 명에는 협심증(분류 코드 I20)이 포함되어 있습니다. 지급금액은 특약보험가입금액의 100%이며, 다만 최초계약의 계약일부터 1년 미만에 지급사유가 발생한 경우 ""특약보험가입금액의 50%""를 지급합니다.",확정,"S

| 구분 | 지급사유 | 지급금액 |
|------|----------|----------|
| 허혈심장질환진단급여금 | 특약보험기간 중 피보험자가 허혈심장질환으로 진단확정 되었을 때 (다만, 최초 1회의 진단확정에 한함) | 특약보험가입금액의 100% (다만, 최초계약의 계약일부터 1년 미만에 지급사유가 발생한 경우 “특약보험가입금액의 50%”를 지급함) |

※ 1년 미만 : 최초계약의 계약일부터 1년이 되는 시점의 계약해당일의 전날까지

주) 「이 특약의 피보험자가 특약보험기간 중 사망하거나 이 특약의 보험금 지급사유가 더 이상 발생할 수 없는 경우」 또는 「주계약이 해지, 무효, 취소 또는 철회된 경우」 이 특약은 그때부터 더 이상 효력이 없습니다. 다만, 특약보험기간 중 피보험자가 사망한 경우에는 산출방법서에서 정하는 바에 따라 회사가 적립한 사망당시의 계약자적립액을 계약자에게 지급합니다.
---
제2관 보험금의 지급

제2-2조 보험금의 지급사유

회사는 특약보험기간 중 피보험자가 ""허혈심장질환""으로 진단확정 되었을 경우에는 보험수익자에게 약정한 허혈심장질환진단급여금(<부표2-1> ""보험금 지급기준표"" 참조)을 지급합니다. (다만, 최초 1회의 진단확정에 한함)

제2-3조 보험금 지급에 관한 세부규정

① 특약보험료 납입기간 중 주계약의 보험료 납입이 면제된 경우 이 특약의 차회 이후 보험료 납입을 면제합니다. 다만, 주계약의 보험료 납입면제가 ""보험료의 납입을 면제하는 특약""에 의해 납입면제가 된 경우 그 ""보험료의 납입을 면제하는 특약""의 약관에서 정한 바를 따르며, 이 특약이 해당 약관의 「보험료납입면제대상계약」에 해당되지 않는 경우 보
---
제2-1조의3 ""허혈심장질환""의 정의 및 진단확정

① 이 특약에 있어서 ""허혈심장질환""이라 함은 제8차 개정 한국표준질병·사인분류 중 <부표2-2> ""허혈심장질환 분류표""에 해당하는 항목을 말합니다.
---
| 대상 질병 명 | 분류 코드 |
| --- | --- |
| 협심증 | I20 |
| 급성심근경색증 | I21 |
| 후속심근경색증 | I22 |
| 급성심근경색증 후 특정 현존 합병증 | I23 |
| 기타 급성 허혈심장질환 | I24 |
| 만성 허혈심장병 | I25 |",250212원문재검증(v3정화),v3-offline-0351,multi_evidence,False
266,고객상담,재해장해 특약 장해금여금 수령후 장해진단 추가판정시 지급기준 알려줘,"다른 재해로 장해가 2회 이상 발생하면 그때마다 장해지급률을 결정하되, 이미 (3-100%)재해장해급여금을 지급받은 동일부위에 가중된 때에는 최종 장해상태 해당 급여금에서 기지급액을 뺀 차액만 지급합니다.",확정,"⑪ 제2-2조(보험금의 지급사유)에서 다른 재해로 장해가 2회 이상 발생하였을 경우에는 그 때마다 이에 해당하는 장해지급률을 결정합니다. 그러나 그 장해가 이미 (3~100%)재해장해급여금을 지급받은 동일부위에 가중된 때에는 최종장해상태에 해당하는 (3~100%)재해장해급여금에서 이미 지급받은 (3~100%)재해장해급여금을 뺀 금액을 지급합니다. 다만, 장해분류표(<부표2-2> 참조)의 각 신체부위별 판정기준에서 별도로 정한 경우에는 그 기준을 따릅니다.",기존3단계검수+250212원문재앵커링,v3-offline-0243,single_lookup,True
267,LICO,뇌혈관질환도납입면제가되나요?,"네. (간편)[뇌혈관질환납입면제형]보험료납입면제특약(무배당, 갱신형)에 가입한 경우, 회사는 특약보험기간 중 피보험자가 뇌혈관질환으로 진단 확정되었을 때 차회 이후의 '보험료납입면제대상계약'의 보험료(추가납입보험료 제외) 납입을 면제합니다. 다만 보험료 납입이 면제된 이후에 보험료납입면제대상계약이 갱신되는 경우에는 갱신된 계약의 보험료를 납입하여야 합니다.",확정,"제2-2조의2 보험료 납입면제사유

① 특약보험료 납입기간 중 피보험자가 ""뇌혈관질환 또는 허혈심장질환""으로 최초 진단확정 되었을 때에는 이 특약의 차회 이후의 보험료의 납입을 면제합니다.

② 제1항에도 불구하고 특약보험료 납입기간 중 주계약의 보험료 납입이 면제된 경우 이 특약의 차회 이후 보험료 납입을 면제합니다. 다만, 주계약의 보험료 납입면제가 ""보험료의 납입을 면제하는 특약""에 의해 납입면제가 된 경우 그 ""보험료의 납입을 면제하는 특약""의 약관에서 정한 바를 따르며, 이 특약이 해당 약관의 「보험료납입면제대상계약」에 해당되지 않는 경우 보험료 납입면제가 되지 않습니다.

③ 제2항에 따라 보험료의 납입이 면제된 이후에 이 특약이 갱신되는 경우 갱신계약의 보험료를 납입하여야 합니다.

제2-3조 보험금 지급에 관한 세부규정
---
이 특약은 보험금의 지급사유가 없습니다.

제2-2조의2 보험료 납입면제사유

회사는 특약보험기간 중 피보험자가 허혈심장질환으로 진단 확정되었을 때 차회 이후의 ""보험료납입면제대상계약""의 보험료(다만, 추가납입보험료

22121522000000071528

(간편)[허혈심장질환납입면제형]보험료납입면제특약(무배당, 갱신형) 3053
---
2973

---

의 납입이 면제된 이후에 보험료납입면제대상계약이 갱신되는 경우 갱신된 보험료납입면제대상계약의 보험료를 납입하여야 합니다. 다만, 이 특약은 제2-1조의2(특약의 보험기간 및 갱신) 제5항 제4호에 따라 갱신되지 않습니다.

③ 재해는 특약보험기간 중 발생한 재해에 한하며, 특약보험기간 중 발생한 재해가 아닌 경우에는 보험료 납입면제사유 중 해당 재해와 관련한 보험료 납입을 면제하지 않습니다.

④ 제2-2조의2(보험료 납입면제사유)에서 장해지급률이 재해일 또는 질병의 진단확정일부터 180일 이내에 확정되지 않는 경우에는 재해일 또는 질병의 진단확정일부터 180일이 되는 날의 의사의 진단에 기초하여 고정될 것으로 인정되는 상태를 장해지급률로 결정합니다. 다만, 장해분류표(<부표2-2> 참조)에 장해판정시기를 별도로 정한 경우에는 그에 따릅니다.",기존3단계검수+250212원문재앵커링,v3-offline-0082,multi_evidence,False
268,고객상담,인공관절 무릎수술받았는데 질병장해 청구가능해?,"청구 가능합니다. 질병장해특약 제2-2조(보험금의 지급사유)에 따라 질병을 직접적인 원인으로 장해분류표상 장해지급률 3% 이상 100% 이하의 장해상태가 되면 (3~100%)질병장해급여금이 지급됩니다. 무릎관절(슬관절)은 다리의 3대 관절 중 하나이며, 장해판정기준상 인공관절이나 인공골두를 삽입한 경우는 '관절 하나의 기능에 심한 장해를 남긴 때'에 해당합니다. '한 다리의 3대 관절 중 관절 하나의 기능에 심한 장해를 남긴 때'의 지급률은 20%이므로, 질병(관절질환 등)을 원인으로 인공관절 무릎수술을 받은 경우 장해지급률 20%로 평가되어 질병장해급여금 청구가 가능합니다.",확정,"제2관 보험금의 지급

제2-2조 보험금의 지급사유

회사는 특약보험기간 중 피보험자가 질병을 직접적인 원인으로 장해분류표 (<부표2-2> 참조) 에서 정한 장해지급률 중 3% 이상 100% 이하에 해당하는 장해상태가 되었을 경우에는 보험수익자에게 약정한 (3~100%)질병장해급여금(<부표2-1> ""보험금 지급기준표"" 참조)을 지급합니다.

제2-3조 보험금 지급에 관한 세부규정

① 특약보험료 납입기간 중 주계약의 보험료 납입이 면제된 경우 이 특약의 차회 이후 보험료 납입을 면제합니다. 다만, 주계약의 보험료 납입면제가 ""보험료의 납입을 면제하는 특약""에 의해 납입면제가 된 경우 그 ""보험료의 납입을 면제하는 특약""의 약관에서 정한 바를 따르며, 이 특약이 해당 약관의 「보험료납입면제대상계약」에 해당되지 않는 경우 보험료 납입면제가 되지 않습니다.
---
8) '관절 하나의 기능에 심한 장해를 남긴 때'라 함은 아래의 경우 중 하나에 해당하는 때를 말한다.

가) 해당 관절의 운동범위 합계가 정상 운동범위의 1/4 이하로 제한된 경우

나) 인공관절이나 인공골두를 삽입한 경우
---
2) 관절을 사용하지 않아 발생한 일시적인 기능장해(예를 들면 캐스트로 환부를 고정시켰기 때문에 치유 후의 관절에 기능장해가 발생한 경우)는 장해로 평가하지 않는다.

3) '다리'라 함은 엉덩이관절(고관절)부터 발목관절(족관절)까지를 말한다.

4) '다리의 3대 관절'이라 함은 엉덩이관절(고관절), 무릎관절(슬관절), 발목관절(족관절)을 말한다.

5) '한 다리의 발목이상을 잃었을 때'라 함은 발목관절(족관절)부터(발목관절 포함) 심장에 가까운 쪽에서 절단된 때를 말하며, 무릎관절(슬관절)의 상부에서 절단된 경우도 포함한다.

6) 다리의 관절기능장해 평가는 다리의 3대 관절의 관절운동범위 제한 및 무릎관절(슬관절)의 동요성 등으로 평가한다.
---
⑥ 제2-2조(보험금의 지급사유)의 경우 하나의 장해가 관찰방법에 따라서 장해분류표(<부표2-2> 참조)상 두 가지 이상의 신체부위에서 장해로 평가되는 경우에는 그 중 높은 장해지급률을 적용합니다.

또한, 하나의 장해가 다른 장해와 통상 파생하는 관계에 있는 경우에는 그 중 높은 장해지급률만을 적용하며, 하나의 장해로 둘 이상의 파생장해가 발생하는 경우 각 파생장해의 장해지급률을 더한 장해지급률과 최초 장해의 장해지급률을 비교하여 그 중 높은 장해지급률을 적용합니다.

⑤ 제2-2조(보험금의 지급사유)의 경우 장해상태가 영구히 고정된 증상은 아니지만 치료 종결 후 한시적으로 나타나는 장해(이하 ""한시장해""라 합니다)에 대하여는 그 기간이 5년 이상인 경우 해당 장해지급률의 20%를 한시장해의 장해지급률로 정합니다.

⑦ 제2-2조(보험금의 지급사유)의 경우 동일한 질병으로 두 가지 이상의 장해가 생긴 때에는 각각에 해당하는 장해지급률을 더하여 최종 장해지급률을 결정합니다. 다만, 장해분류표(<부표2-2> 참조)의 각 신체부위별 판정기준에서 별도로 정한 경우에는 그 기준에 따릅니다.

⑧ 제7항에도 불구하고 동일한 신체부위에 장해분류표(<부표2-2> 참조)상의 두 가지 이상의 장해가 발생한 경우에는 더하지 않고 그 중 높은 장해지급률을 적용합니다. 다만, 장해분류표(<부표2-2> 참조)의 각 신체부위별 판정기준에서 별도로 정한 경우에는 그 기준에 따릅니다.",기존3단계검수+250212원문재앵커링,v3-offline-0225,multi_evidence,False
269,Claim,표적항암약물허가치료특약의 납입면제 사유는 무엇인가요?,"표적항암약물허가치료특약 자체의 별도 납입면제 사유는 없으며, 주계약의 보험료 납입이 면제된 경우 이 특약의 차회 이후 보험료 납입이 면제됩니다. 다만 주계약 납입면제가 '보험료의 납입을 면제하는 특약'에 의한 경우에는 그 특약 약관을 따르며, 이 특약이 해당 약관의 「보험료납입면제대상계약」에 해당하지 않으면 면제되지 않습니다.",확정,"회사는 특약보험기간 중 피보험자가 재해를 직접적인 원인으로 장해분류표 (<부표2-2> 참조)에서 정한 장해지급률 중 3%이상 100%이하에 해당하는 장해상태가 되었을 경우 보험수익자에게 약정한 (3~100%)재해장해급여금(<부표2-1> ""보험금 지급기준표"" 참조)을 지급합니다.

제2-3조 보험금 지급에 관한 세부규정

① 특약보험료 납입기간 중 주계약의 보험료 납입이 면제된 경우 이 특약의 차회 이후 보험료 납입을 면제합니다. 다만, 주계약의 보험료 납입면제가 ""보험료의 납입을 면제하는 특약""에 의해 납입면제가 된 경우 그 ""보험료의 납입을 면제하는 특약""의 약관에서 정한 바를 따르며, 이 특약이 해당 약관의 「보험료납입면제대상계약」에 해당되지 않는 경우 보험료 납입면제가 되지 않습니다.

② 재해는 특약보험기간 중 발생한 재해에 한하며, 특약보험기간 중 발생한 재해가 아닌 경우에는 보험금 지급사유 중 해당 재해와 관련한 보험금을 지급하지 않습니다.

③ 제2-2조(보험금의 지급사유)에서 장해지급률이 재해일부터 180일 이내에 확정되지 않는 경우에는 재해일부터 180일이 되는 날의 의사의 진단에 기초하여 고정될 것으로 인정되는 상태를 장해지급률로 결정합니다. 다만, 장해분류표(<부표2-2> 참조)에 장해판정시기를 별도로 정한 경우에는 그에 따릅니다.",기존3단계검수+250212원문재앵커링,v3-offline-0328,single_lookup,True
270,고객상담,암 보장개시일과 무효조건 알려줘,"암 보장개시일은 최초계약의 계약일부터 그날을 포함하여 90일이 지난 날의 다음 날이며, 갱신계약은 갱신일, 부활계약은 부활일부터 90일이 지난 날의 다음 날입니다. 무효조건은 특약보험기간 중 피보험자가 사망하거나 주계약이 해지, 무효, 취소 또는 철회된 경우 특약의 효력이 상실됩니다.",확정,"| 암진단 급여금 | 특약보험기간 중 피보험자가 ""암"" 및 ""중증 갑상선암"" 보장개시일 이후에 ""여성유방암 및 전립선암, 이외의 암"" 또는 ""중증 갑상선암""으로 진단확정되었을 때 (다만, 최초 1회의 진단확정에 한함) | 특약보험가입금액의 100% (다만, 최초계약의 계약일부터 1년 미만에 지급사유가 발생한 경우 특약보험가입금액의 50%를 지급함) |

※ 1년 미만 : 최초계약의 계약일부터 1년이 되는 시점의 계약해당일의 전날까지

주) 1. 「이 특약의 피보험자가 특약보험기간 중 사망하거나 이 특약의 보험금 지급사유가 더 이상 발생할 수 없는 경우」 또는 「주계약이 해지, 무효, 취소 또는 철회된 경우」 이 특약은 그때부터 효력이 없습니다. 다만, 특약보험기간 중 피보험자가 사망한 경우에는 산출방법서에서 정하는 바에 따라 회사가 적립한 사망당시의 계약자적립액을 계약자에게 지급합니다.
2. ""암"" 및 ""중증 갑상선암"" 보장개시일은 최초계약의 계약일부터 그날을 포함하여 90일이 지난날의 다음 날로 하며 갱신계약의 경우 갱신일로 합니다. 다만, 부활(효력회복)계약의 경우 최초계약 및 갱신계약의 부활(효력회복)일부터 그날을 포함하여 90일이 지난날의 다음 날로 합니다.
3. 이 특약의 ""암""은 「기타피부암, 갑상선암, 대장점막내암 및 비침습방광암」을 제외하며, 「여성유방암 및 전립선암, 이외의 암」이라 함은 ""암"" 중에서 ""여성유방암"" 및 ""전립선암""을 제외한 ""암""을 말합니다.
4. 이 특약의 ""중증 갑상선암""은 ""갑상선암""에 해당하는 질병 중 ""수질성암 (Medullary carcinoma)"" 또는 ""역형성암(Anaplastic carcinoma)""에 해당하는 질병을 말하며, ""중증 이외 갑상선암""이라 함은 ""갑상선암""에 해당하는 질병 중 ""중증 갑상선암""을 제외한 나머지 갑상선암을 말합니다.",기존3단계검수+250212원문재앵커링,v3-offline-0170,single_lookup,True
271,챗봇,신한통합건강보장보험이 20년 납입후 보장은 언제까지 받을 수 있니.,"보험료 납입기간이 끝나도 보장은 계약 시 정한 보험기간까지 계속됩니다. 갱신형 특약의 보험기간은 일반심사형의 경우 10년, 15년 또는 20년만기 갱신으로 하고, 간편심사형의 경우 10년 또는 20년만기 갱신으로 하며, 계약자가 이 특약의 보험기간 만료일 15일 전까지 이 특약을 계속 유지하지 않는다는 뜻을 회사에 통지하지 않으면 이 특약은 갱신되어 계속 유지되는 것으로 합니다. 최종 갱신계약의 보험기간 만료일은 주계약의 보험기간(주계약 체결시점에 계약자가 선택한 보험기간) 만료일로 합니다. 다만, 주계약의 보험기간 만료일이 피보험자의 100세 계약해당일 이후인 경우에는 100세 계약해당일로 합니다.",확정,"① 이 특약의 보험기간은 일반심사형의 경우 10년, 15년 또는 20년만기 갱신으로 하고, 간편심사형의 경우 10년 또는 20년만기 갱신으로 합니다. 또한 제2항에 따라 이 특약이 갱신된 경우 이 특약이 갱신되기 직전 계약(이하 ""갱신전 계약""이라 합니다)과 동일한 보험기간으로 갱신합니다. 다만, 갱신일부터 제3항에서 정한 최종 갱신계약의 보험기간 만료일까지가 ""10년만기의 경우 10년"", ""15년만기의 경우 15년"", ""20년만기의 경우 20년"" 미만일 경우에는 갱신일부터 최종 갱신계약의 보험기간 만료일까지를 이 특약의 보험기간으로 합니다.

② 제1-9조(특약의 성립)에도 불구하고 계약자가 이 특약의 보험기간 만료일 15일 전까지 이 특약을 계속 유지하지 않는다는 뜻을 회사에 통지하지 않으면 이 특약은 갱신되어 계속 유지되는 것으로 합니다. 다만, 제1-12조[보험료의 납입이 연체되는 경우 납입최고(독촉)와 특약의 해지]에서 정한 납입최고(독촉)기간 내에 갱신 전 계약의 보험료 및 갱신계약의 제1회 보험료를 납입하지 않으면 이 특약은 갱신되지 않습니다.

③ 최종 갱신계약의 보험기간 만료일은 주계약의 보험기간(다만, 주계약 체결시점에 계약자가 선택한 보험기간으로 하며, 주계약이 갱신형 보험인 경우에는 주계약의 최종 갱신계약 보험기간, 이하 같습니다) 만료일로 합니다. 다만, 주계약의 보험기간 만료일이 피보험자의 100세 계약해당일 이후인 경우에는 100세 계약해당일로 합니다.

④ 제2항에 따라 갱신된 특약에 대해서는 갱신 전 특약의 약관을 준용합니다.

22121522000000007307",250212원문재검증(v3정화),v3-offline-0149,single_lookup,False
272,고객상담,진료수가코드가 뭐야?,"진료수가코드(EDI)는 건강보험심사평가원이 의료행위(진료행위)별로 부여한 코드로, 보건복지부 고시 「건강보험 행위 급여·비급여 목록표 및 급여 상대가치점수」에서 정한 의료행위별 코드(수가코드)를 말합니다. 약관상 보험금 청구 시 사고증명서인 진료비세부내역서에 '건강보험심사평가원 진료수가코드(EDI)'를 필수 기재하도록 하고 있으며, 고시 개정으로 수가코드가 폐지·변경된 경우 의료행위 당시의 개정된 기준을 따릅니다.",확정,"② 제1항의 “의료행위”란 보건복지부에서 고시하는「건강보험 행위 급여·비급여 목록표 및 급여 상대 가치점수(보건복지부 고시 제2023-28호, 2023.3.1. 시행)」에서 정한 분류번호 및 코드를 따릅니다.

③ 제1항의 ""급여6대질병진단검사""는 「국민건강보험법」에서 정한 요양급여(이하 ""요양급여""라 합니다) 또는 「의료급여법」에서 정한 의료급여(이하 ""의료급여""라 합니다)의 절차를 거쳐 급여항목이 발생한 경우로서 의료기관에서 행한 것에 한합니다.

④ 이 특약 체결시점 이후 보건복지부에서 고시하는「건강보험 행위 급여·비급여 목록표 및 급여 상대가치점수」의 개정에 따라 수가코드가 폐지 또는 변경된 경우에는 의료행위 당시의 개정된 기준을 따릅니다. 다만 수가코드 폐지 또는 변경으로 보험금 지급사유 판정이 불가능한 경우 폐지 또는 변경 전 급여인정 기준을 적용합니다.

⑤ 제4항에도 불구하고 “급여6대질병진단검사” 당시 「건강보험 행위 급여·비급여 목록표 및 급여 상대가치점수」에 따라 보험금 지급여부가 판단된 경우, 이후 「건강보험 행위 급여·비급여 목록표 및 급여 상대가치점수」 개정으로 변경되더라도 이 특약에서 보장하는 “급여6대질병진단검사” 해당 여부를 다시 판단하지 않습니다.

__________________________________________________________
---
① 제1-5조(보험금 등의 청구) 제2호에서 말하는 이 특약의 사고증명서는 ""사망진단서, 진단서(병명 및 분류코드 기입), 진료기록부(검사기록지 포함), 진료비 계산서, 진료비세부내역서('건강보험심사평가원 진료수가코드(EDI)' 필수 기재), 각종사고 증명서류 등""을 말합니다.",기존3단계검수+250212원문재앵커링,v3-offline-0265,multi_evidence,False
273,고객상담,F04로 치매진단되었는데 질병장해특약에서 어떤 보장이 있어?,"(간편)[3~100%장해형]질병장해특약에서 치매는 장해분류표의 신경계·정신행동 장해로 평가합니다. 장해의 분류상 극심한 치매 : CDR척도 5점은 지급률 100이며 심한치매 : CDR척도 4점은 지급률 80이고 뚜렷한 치매 : CDR 척도 3점은 지급률 60이며 약간의 치매 : CDR 척도 2점은 지급률 40입니다. 치매의 장해평가는 임상적인 증상 분 아니라 뇌영상검사(CT 및 MRI, SPECT등)를 기초로 진단되어져야 하며, 18개월 이상 지속적인 치료 후 평가합니다. 다만, 진단시점에 이미 극심한 치매 또는 심한 치매로 진행된 경우에는 6개월간 지속적인 치료 후 평가하며, 치매의 장해평가는 전문의(정신건강의학과, 신경과)에 의한 임상치매척도(한국판 Expanded Clinical Dementia Rating) 검사결과에 따릅니다.",확정,"3) 치매

가) ""치매""라 함은 정상적으로 성숙한 뇌가 질병이나 외상 후 기질성 손상으로 파괴되어 한번 획득한 지적기능이 지속적 또는 전반적으로 저하되는 것을 말한다.

나) 치매의 장해평가는 임상적인 증상 분 아니라 뇌영상검사(CT 및 MRI, SPECT등)를 기초로 진단되어져야 하며, 18개월 이상 지속적인 치료 후 평가한다. 다만, 진단시점에 이미 극심한 치매 또는 심한 치매로 진행된 경우에는 6개월간 지속적인 치료 후 평가한다.

다) 치매의 장해평가는 전문의(정신건강의학과, 신경과)에 의한 임상치매척도(한국판 Expanded Clinical Dementia Rating) 검사결과에 따른다.

4) 뇌전증(간질)
---
④ 장해분류표(<부표2-2> 참조)에 해당되지 않는 장해는 신체의 장해정도에 따라 장해분류표(<부표2-2> 참조)의 구분에 준하여 장해지급률을

2212152200000007112

(간편)[3~100%장해형]질병장해특약(무배당, 해약환급금 미지급형)

221

---
---
|장해의 분류|지급률|
| ---| ---|
|1) 신경계에 장해가 남아 일상생활 기본동작에 제한을 남긴 때|10~100|
|2) 정신행동에 극심한 장해를 남긴때|100|
|3) 정신행동에 심한 장해를 남긴 때|75|
|4) 정신행동에 뚜렷한 장해를 남긴 때|50|
|5) 정신행동에 약간의 장해를 남긴 때|25|
|6) 정신행동에 경미한 장해를 남긴 때|10|
|7) 극심한 치매 : CDR척도 5점|100|
|8) 심한치매 : CDR척도 4점|80|
|9) 뚜렷한 치매 : CDR 척도 3점|60|
|10) 약간의 치매 : CDR 척도 2점|40|
|11) 심한 간질발작이 남았을 때|70|
|12) 뚜렷한 간질발작이 남았을 때|40|
|13) 약간의 간질발작이 남았을 때|10|",250212원문재검증(v3정화),v3-offline-0021,exhaustive_list,False
274,상품,일반심사에서 간편심사로 가입 변경 가능한지 알려줘,"일반심사형에서 간편심사형으로 변경하는 규정은 이 약관에 없습니다. 반대 방향에 대해서는 [간편심사형 가입시] 계약자 또는 피보험자가 계약일부터 3개월 이내에 이 계약의 동일한 피보험자를 대상으로 ""일반심사보험"" 가입을 원하여 일반 계약 심사를 통해 ""일반심사보험""에 가입한 경우 제19조(계약의 무효)에 따라 계약을 무효로 하며 실제 납입한 보험료 누계액(다만, ""감액 등으로 회사가 실제 지급한 금액""을 차감한 금액)을 돌려 드립니다. 다만, 보험금이 이미 지급되거나 약관에서 정한 보험금 청구서류를 접수한 경우에는 이를 적용하지 않습니다.",확정,"② 만15세 미만자, 심신상실자 또는 심신박약자를 피보험자로 하여 사망을 보험금 지급사 유로 한 계약의 경우. 다만, 심신박약자가 계약을 체결하거나 소속 단체의 규약에 따라 단체보험의 피보험자가 될 때에 의사능력이 있는 경우에는 계약이 유효함.

③ 체결시 계약에서 정한 피보험자의 나이에 미달되었거나 초과되었을 경우. 다만, 회사가 나이의 착오를 발견하였을 때 이미 계약나이에 도달한 경우에는 유효한 계약으로 보나, 만 15세 미만자에 관한 예외가 인정되는 것은 아님.

④ [간편심사형 가입시] 계약자 또는 피보험자가 계약일부터 3개월 이내에 이 계약의 동일한 피보험자를 대상으로 ""일반심사보험"" 가입을 원하여 일반 계약 심사를 통해 ""일반심사보험""에 가입한 경우. 다만, 보험금이 이미 지급되거나 약관에서 정한 보험금 청구서류를 접수한 경우에는 이를 적용하지 않습니다.

(5) 보험료 납입연체 및 보험계약의 해지

주계약 약관 제26조
---
2. 계약자, 피보험자가 동일하고 보험수익자가 계약자의 법정상속인인 계약일 경우

⑤ 제3항에 따라 계약이 취소된 경우에는 회사는 계약자에게 실제 납입한 보험료 누계액(다만, ""감액 등으로 회사가 실제 지급한 금액""을 차감한 금액)을 돌려드리며, 보험료를 받은 기간에 대하여 보험계약대출이율을 연단위 복리로 계산한 금액을 더하여 지급합니다.

제19조 계약의 무효

다음 중 한 가지에 해당되는 경우에는 계약을 무효로 하며 실제 납입한 보험료 누계액(다만, ""감액 등으로 회사가 실제 지급한 금액""을 차감한 금액)을 돌려 드립니다. 다만, 회사의 고의 또는 과실로 계약이 무효로 된 경우와 회사가 승낙 전에 무효임을 알았거나 알 수 있었음에도 보험료를 반환하지 않은 경우에는 보험료를 납입한 날의 다음날부터 반환일까지의 기간에 대하여 회사는 이 계약의 보험계약대출이율을 연단위 복리로 계산한 금액을 더하여 돌려드립니다.

1. 타인의 사망을 보험금 지급사유로 하는 계약에서 계약을 체결할 때까지 피보험자의 서면(전자서명법 제2조 제2호(<별첨1> 참조)에 따른 전자서명이 있는 경우로서 상법 시행령 제44조의2(<별첨1> 참조)에 정하는 바에 따라 본인 확인 및 위조·변조 방지에 대한 신뢰성을 갖춘 전자문서를 포함)에 의한 동의를 얻지 않은 경우. 다만, 단체가 규약에 따라 구성원의 전부 또는 일부를 피보험자로 하는 계약을 체결하는 경우에는 이를 적용하지 않습니다. 이 때 단체보험의",250212원문재검증(v3정화),v3-offline-0227,multi_evidence,False
275,챗봇,간편가입 통합건강보험원의 고액암진담금은 어떤 암일 때 해당하나요.?,"고액암은 ""암"" 중 <부표2-3> 고액암 분류표에 해당하는 항목으로, 백혈병, 뇌암, 골수암, 췌장암 등이 해당됩니다(세부사항은 부표2-3 참조).",확정,"※ 고액암 : 백혈병, 뇌암, 골수암, 췌장암 등 (세부사항은 <부표2-3> 참조)
---
① 이 특약에 있어서 ""고액암""이라 함은 제2-1조의2(""암"" 등의 정의 및 진단확정) 제1항에서 정한 ""암"" 중 <부표2-3> ""고액암 분류표""에 해당하는 항목을 말합니다.",기존3단계검수+250212원문재앵커링,v3-offline-0040,multi_evidence,False
276,고객상담,1급장해시 주계약에서 사망보장이 되는데 그러면 특약은 소멸돼? 아님 보장가능해?,"특약은 소멸되지 않고 보장이 계속됩니다. 특약은 「주계약이 해지, 무효, 취소 또는 철회된 경우」와 「이 특약의 피보험자가 특약보험기간 중 사망하였을 경우」 그때부터 효력이 없습니다. 다만, 주계약의 보험금 지급으로 인하여 주계약이 소멸하는 경우 또는 이 특약의 보험료 납입이 완료된 이후에 주계약의 보험료를 납입하지 않아 주계약이 해지되었으나 해약환급금을 받지 않은 경우(해약환급금이 없는 경우를 포함합니다)에는 이 특약은 소멸되지 않습니다. 따라서 주계약 보험금 지급으로 주계약이 소멸하더라도 피보험자가 사망한 경우가 아니라면 특약의 보장은 유지됩니다.",확정,"① 다음 각 호의 사유가 발생한 경우 이 특약은 그때부터 효력이 없습니다.

1. 주계약이 해지, 무효, 취소 또는 철회된 경우.

다만, 주계약의 보험금 지급으로 인하여 주계약이 소멸하는 경우 또는 이 특약의 보험료 납입이 완료된 이후에 주계약의 보험료를 납입하지 않아 주계약이 해지되었으나 해약환급금을 받지 않은 경우(보험계약대출 등에 따라 해약환급금이 차감되었으나 받지 않은 경우 또는 해약환급금이 없는 경우를 포함합니다)에는 이 특약은 소멸되지 않습니다.

2. 이 특약의 피보험자가 특약보험기간 중 사망하였을 경우

② 이 특약은 피보험자가 특약보험기간 중 재해 이외의 원인으로 사망한 경우에 계약자적립액 등을 지급하지 않습니다.",250212원문재검증(v3정화),v3-offline-0013,single_lookup,True
277,고객상담,혈전용해치료가 뭐야? 보장제한이 있어?,"""혈전용해치료""라 함은 의사(치과의사 및 한의사 제외) 면허를 가진 자가 피보험자의 ""급성뇌경색증"" 또는 ""특정 급성심근경색증""을 직접 치료하기 위한 목적으로 혈전용해제를 정맥혈관 또는 동맥혈관에 주입하여 뇌혈관 또는 심혈관 부분의 혈전 또는 색전을 녹이기 위한 치료법을 말합니다. ""혈전용해제""라 함은 뇌혈관 또는 심혈관 부분의 혈전 또는 색전을 녹이기 위해 정맥혈관 또는 동맥혈관에 주사하는 약물을 말하며, 항응고제(헤파린 등) 및 경구용 약제(Plavix, Aspirin 등)은 제외됩니다. 보장한도의 경우 (간편)혈전용해치료특약(무배당, 해약환급금 미지급형)의 급성뇌경색증 혈전용해치료 급여금과 특정 급성심근경색증혈전용해치료 급여금은 각각 최초 1회에 한해 보장합니다.",확정,"2. 부검감정서(검안서 제외)상 사인이 특정 급성심근경색증으로 확정되거나 추정되는 경우

제2-1조의4 ""혈전용해치료""의 정의

① 이 특약에 있어서 ""혈전용해치료""라 함은 의사(치과의사 및 한의사 제외) 면허를 가진 자가 피보험자의 ""급성뇌경색증"" 또는 ""특정 급성심근경색증""을 직접 치료하기 위한 목적으로 ""혈전용해치제""를 정맥혈관 또는 동맥혈관에 주입하여 뇌혈관 또는 심혈관 부분의 혈전 또는 색전을 녹이기 위한 치료법을 말합니다.

② 제1항의 ""혈전용해제""라 함은 뇌혈관 또는 심혈관 부분의 혈전 또는 색 전을 녹이기 위해 정맥혈관 또는 동맥혈관에 주사하는 약물(tPA, tissue plasminogen activator 또는 Urokinase 등)을 말하며, 항응 고제(헤파린 등) 및 경구용 약제(Plavix, Aspirin 등)은 제외됩니다.

제2-1조의5 보장계약 등의 정의
---
| 상품명 | 담보명 | 보험금 지급한도 |
| --- | --- | --- |
| (간편)뇌혈관질환진단특약(무배당, 갱신형) | 뇌혈관질환진단급여금 | 최초 1회에 한해 보장 |
| (간편)허혈심장질환진단특약(무배당, 갱신형) | 허혈심장질환진단급여금 | 최초 1회에 한해 보장 |
| (간편)혈전용해치료특약(무배당, 해약환급금 미지급형) | 급성뇌경색증 혈전용해치료 급여금 | 최초 1회에 한해 보장 |
|  | 특정 급성심근경색증혈전용해치료 급여금 | 최초 1회에 한해 보장 |
| (간편)중증질환자[암]산정특례대상보장특약(무배당, 갱신형) | 중증질환자[암] 산정특례대상 보장급여금 | 최초 1회에 한해 보장 |
| 중증난치질환자(중증치매제외)산정특례대상보장특약(무배당, 갱신형) | 중증난치질환자(중증치매제외) 산정특례 보장급여금 | 최초 1회에 한해 보장 |
| 중증치매산정특례대상보장특약(무배당, 갱신형) | 중증치매 I 산정특례대상 보장급여금 | 최초 1회에 한해 보장 |",250212원문재검증(v3정화),v3-offline-0350,multi_evidence,False
278,챗봇,통합건강보험원 책임준비금,"이 약관에서 계약자적립액은 장래의 해약환급금 등을 지급하기 위하여 계약자가 납입한 보험료 중 일정액을 기준으로 보험료 및 해약환급금 산출방법서에서 정한 방법에 따라 계산한 금액을 말합니다. 보험료 및 해약환급금 산출방법서는 보험약관에서 보장하는 위험에 대하여 보험료, 해약환급금 등이 적정하게 계산될 수 있도록 산출기초율(계약체결비용, 계약관리비용, 이율, 위험률 등)을 사용하여 계산한 방법을 기재하는 서류입니다. 또한 회사는 특약의 보험기간 중 회사가 지급해야 할 계약자적립액이 있을 경우 또는 해약환급금이 있을 경우에는 「보험료 및 책임준비금 산출방법서」에서 정하는 바에 따라 계산된 해당 금액을 계약자에게 지급합니다.",확정,"장래의 해약환급금 등을 지급하기 위하여 계약자가 납입한 보험료 중 일정액을 기준으로 보험료 및 해약환급금 산출방법서에서 정한 방법에 따라 계산한 금액을 말합니다.

보험료 및 해약환급금 산출방법서

보험약관에서 보장하는 위험에 대하여 보험료, 해약환급금 등이 적정하게 계산될 수 있도록 산출기초율$^{(주)}$을 사용하여 계산한 방법을 기재하는 서류입니다.

(주) 산출기초율 : 계약체결비용, 계약관리비용, 이율, 위험률 등

⑤ 회사는 제1항 제3호에 따라 계약자를 변경한 경우, 변경된 계약자에게 보험증권 및 약관을 교부하고 변경된 계약자가 요청하는 경우 약관의 중요한 내용을 설명하여 드립니다.
---
제2-8조 특약내용의 변경 등

① 계약자는 특약의 보험기간 중 회사의 승낙을 얻어 주계약의 내용을 변경할 때 이 특약을 변경할 수 있습니다. 이 경우 승낙을 서면으로 알리거나 보험증권의 뒷면에 기재하여 드립니다.

② 회사는 특약의 보험기간 중 「제1호의 사유」로 회사가 지급해야 할 계약 자적립액이 있을 경우 또는 「제2호 및 제3호의 사유」로 회사가 지급해야 할 해약환급금이 있을 경우에는 「보험료 및 책임준비금 산출방법서」(이하 “산출방법서”라 합니다)에서 정하는 바에 따라 계산된 해당 금액을 계약자에게 지급합니다. 또한, 다음 제1호 및 제2호의 사유에 해당하는 계약은 「보험료납입면제대상계약」에서 제외하며, 다음 제3호의 사유에 해당하는 계약은 「보험료납입면제대상계약」이 변경됩니다.

SHINHAN LIFE

2866",250212원문재검증(v3정화),v3-offline-0303,multi_evidence,False
279,LICO,방사선치료를여러번받아도되나요?,"동일한 구분의 암에 대해서는 여러 번 지급되지 않습니다. 특약보험기간 중 피보험자가 보장개시일(암의 경우 암보장개시일) 이후에 ""암"", ""대장점막내암"" 또는 ""비침습방광암""으로 진단확정 되고, 그 직접적인 치료를 목적으로 ""항암방사선치료""를 받았을 때에는 보험수익자에게 약정한 항암방사선치료급여금을 지급하되 최초 1회에 한합니다. 또한 ""기타피부암"", ""갑상선암"", ""제자리암"", ""경계성종양""의 직접적인 치료를 목적으로 ""항암방사선치료""를 받았을 때에도 항암방사선치료급여금을 지급하되, ""기타피부암"", ""갑상선암"", ""제자리암"", ""경계성종양"" 각각 최초 1회에 한합니다.",확정,"[일반심사형의 경우]

1. 특약보험기간 중 피보험자가 보장개시일(암의 경우 암보장개시일) 이후에 ""암"", ""대장점막내암"" 또는 ""비침습방광암""으로 진단확정 되고, 특약보험기간 중 그 ""암"", ""대장점막내암"" 또는 ""비침습방광암""의 직접적인 치료를 목적으로 ""항암방사선치료""를 받았을 때에는 보험수익자에게 약정한 항암방사선치료급여금을 지급합니다. (다만, 최초 1회에 한함)

2. 특약보험기간 중 피보험자가 보장개시일 이후에 ""기타피부암"", ""갑상선암"", ""제자리암"", ""경계성종양""으로 진단확정 되고, 특약보험기간 중 그 ""기타피부암"", ""갑상선암"", ""제자리암"", ""경계성종양""의 직접적인 치료를 목적으로 ""항암방사선치료""를 받았을 때에는 보험수익자에게 약정한 항암방사선치료급여금을 지급합니다. (다만, ""기타피부암"", ""갑상선암"", ""제자리암"", ""경계성종양"" 각각 최초 1회에 한함)

제2-3조 보험금 지급에 관한 세부규정

① 특약보험료 납입기간 중 주계약의 보험료 납입이 면제된 경우 이 특약의 차회 이후 보험료 납입을 면제합니다. 다만, 주계약의 보험료 납입 면제가 ""보험료의 납입을 면제하는 특약""에 의해 납입면제가 된 경우 그 ""보험료의 납입을 면제하는 특약""의 약관에서 정한 바를 따르며, 이 특약이 해당 약관의 「보험료납입면제대상계약」에 해당되지 않는 경우 보험료 납입면제가 되지 않습니다.",250212원문재검증(v3정화),v3-offline-0105,single_lookup,True
280,챗봇,"7년전 암진단 받으신 고객님이 ,신한(간편가입)통합건강보험 원(ONE) 간편심사(355)형 으로 암진단특약을 가입하신후  암이 재발해 진단 받았을 경우 암진단비 지급가능한가요?","(간편)[기본]일반암진단특약(무배당, 해약환급금 미지급형) 약관상 이 경우 암진단급여금은 지급되지 않습니다. 제2-2조(보험금의 지급사유)에 따라 회사는 특약보험기간 중 피보험자가 ""암"" 및 ""중증 갑상선암"" 보장개시일 이후에 ""「여성유방암 및 전립선암」 이외의 암"" 또는 ""중증 갑상선암""으로 진단확정 되었을 때에 암진단급여금을 지급하며(다만, 최초 1회의 진단확정에 한함), ""암"" 및 ""중증 갑상선암"" 보장개시일은 계약일[부활(효력회복)일]부터 그날을 포함하여 90일이 지난날의 다음 날로 합니다. 그런데 제2-9조의2(""특약의 무효""에 대한 특칙)에서는 피보험자가 ""암"" 및 ""중증 갑상선암"" 보장개시일 전일 이전에 ""「여성유방암 및 전립선암」이외의 암"" 또는 ""중증 갑상선암""으로 진단이 확정되는 경우 이 특약을 무효로 하며 계약자에게 실제 납입한 보험료 누계액(다만, ""감액 등으로 회사가 실제 지급한 금액""을 차감한 금액)을 돌려 드립니다라고 정하고 있습니다. 따라서 계약 체결 전(7년 전)에 이미 ""암""으로 진단이 확정된 고객님은 보장개시일 전일 이전에 진단이 확정되는 경우에 해당하여 이 특약 자체가 무효로 되므로, 가입 후 그 암이 재발해 진단을 받더라도 암진단급여금은 지급되지 않으며, 실제 납입한 보험료 누계액을 돌려 드립니다.",확정,"회사는 특약보험기간 중 피보험자가 ""암"" 및 ""중증 갑상선암"" 보장개시일 이후에 ""「여성유방암 및 전립선암」 이외의 암"" 또는 ""중증 갑상선암""으로 진단확정 되었을 때에는 보험수익자에게 암진단급여금(<부표2-1> ""보험금 지급기준표"" 참조)을 지급합니다. (다만, 최초 1회의 진단확정에 한함)
---
3. ""암"" 및 ""중증 갑상선암"" 보장개시일은 계약일[부활(효력회복)일]부터 그날을 포함하여 90일이 지난날의 다음 날로 합니다.
---
제2-9조의2 ""특약의 무효""에 대한 특칙

제1-10조(특약의 무효) 제1항 이외에 다음에 해당되는 경우에는 이 특약

을 무효로 하며 계약자에게 실제 납입한 보험료 누계액(다만, ""감액 등으

로 회사가 실제 지급한 금액""을 차감한 금액)을 돌려 드립니다.

1. 피보험자가 ""암"" 및 ""중증 갑상선암"" 보장개시일 전일 이전에 제2-1조의2(""암"" 등의 정의 및 진단확정) 제4항에서 정한 ""「여성유방암 및 전립선암」이외의 암"" 또는 제2-1조의3(""중증 갑상선암"" 및 ""중증 이외갑상선암""의 정의 및 진단 확정) 제1항에서 정한 ""중증 갑상선암""으로 진단이 확정되는 경우",250212원문재검증(v3정화),v3-offline-0020,multi_evidence,False
281,LICO,스텐트시술도진단금이나오나요?,"스텐트시술 자체는 진단급여금의 지급사유가 아닙니다. 회사는 특약보험기간 중 피보험자가 ""허혈심장질환""으로 진단확정 되었을 경우에 보험수익자에게 약정한 허혈심장질환진단급여금을 지급합니다(다만, 최초 1회의 진단확정에 한함). ""허혈심장질환""의 진단확정은 의료기관의 의사(치과의사 제외)에 의하여 내려져야 하며, 이 진단은 병력과 함께 심전도, 심장초음파, 관상동맥(심장동맥)촬영술, 혈액중 심장 효소검사, 핵의학 검사 등을 기초로 하여야 합니다. 따라서 스텐트시술을 받았더라도 진단급여금 지급 여부는 ""허혈심장질환""의 진단확정 여부로 판단합니다.",확정,"제2-1조의3 ""허혈심장질환""의 정의 및 진단확정

① 이 특약에 있어서 ""허혈심장질환""이라 함은 제8차 개정 한국표준질병·사인분류 중 <부표2-2> ""허혈심장질환 분류표""에 해당하는 항목을 말합니다.

② ""허혈심장질환""의 진단확정은 의료기관의 의사(치과의사 제외)에 의하여 내려져야 하며, 이 진단은 병력과 함께 심전도, 심장초음파, 관상동맥(심장동맥)촬영술, 혈액중 심장 효소검사, 핵의학 검사 등을 기초로 하여야 합니다. 그러나 피보험자가 사망하여 상기 검사방법을 진단의 기초로 할 수 없는 경우에 한하여 다음 각 호의 어느 하나에 해당하는 경우에는 제1호 또는 제2호를 진단확정의 기초로 할 수 있습니다.

1. 보험기간 중 ""허혈심장질환""으로 진단 또는 치료를 받고 있었음을 증명할 수 있는 문서화된 기록 또는 증거가 있는 경우

2. 부검감정서(검안서 제외)상 사인이 ""허혈심장질환""으로 확정되거나 추정되는 경우
---
제2관 보험금의 지급

제2-2조 보험금의 지급사유

회사는 특약보험기간 중 피보험자가 ""허혈심장질환""으로 진단확정 되었을 경우에는 보험수익자에게 약정한 허혈심장질환진단급여금(<부표2-1> ""보험금 지급기준표"" 참조)을 지급합니다. (다만, 최초 1회의 진단확정에 한함)

제2-3조 보험금 지급에 관한 세부규정

① 특약보험료 납입기간 중 주계약의 보험료 납입이 면제된 경우 이 특약의 차회 이후 보험료 납입을 면제합니다. 다만, 주계약의 보험료 납입면제가 ""보험료의 납입을 면제하는 특약""에 의해 납입면제가 된 경우 그 ""보험료의 납입을 면제하는 특약""의 약관에서 정한 바를 따르며, 이 특약이 해당 약관의 「보험료납입면제대상계약」에 해당되지 않는 경우 보",250212원문재검증(v3정화),v3-offline-0135,multi_evidence,False
282,Claim,뇌출혈진단특약은 보험금 감액기간이 있나요?,있습니다. 계약일부터 1년 미만에 보험금 지급사유가 발생한 경우 <부표2-1> 보험금 지급기준표에서 정한 바에 따라 삭감(감액)하여 지급합니다.,확정,"① 특약보험료 납입기간 중 주계약의 보험료 납입이 면제된 경우 이 특약의 차회 이후 보험료 납입을 면제합니다. 다만, 주계약의 보험료 납입 면제가 ""보험료의 납입을 면제하는 특약""에 의해 납입면제가 된 경우 그 ""보험료의 납입을 면제하는 특약""의 약관에서 정한 바를 따르며, 이 특약이 해당 약관의 「보험료납입면제대상계약」에 해당되지 않는 경우 보험료 납입면제가 되지 않습니다.

② 제1항에 따라 보험료의 납입이 면제된 이후에 이 특약이 갱신되는 경우 갱신계약의 보험료를 납입하여야 합니다.

③ 제2-2조(보험금의 지급사유)의 경우 최초계약의 계약일부터 1년 미만에 보험금 지급사유가 발생하였을 때에는 <부표2-1> ""보험금 지급기준표""에서 정한 바에 따라 삭감하여 지급합니다.

④ 특약보험기간 중 피보험자가 보장개시일 이후에 사망하고 그 후에 ""특정부정맥""을 직접적인 원인으로 사망한 사실이 확인된 경우, 그 사망일을 진단확정일로 하여 제2-2조(보험금의 지급사유)의 특정부정맥진단급여금을 지급합니다. 다만, 이미 지급된 계약자적립액이 있는 경우에는 이미 지급된 계약자적립액을 차감한 금액을 지급합니다.

⑤ 제4항 및 제2-9조(특약의 소멸)의 ""사망""에는 특약보험기간에 다음 중 어느 하나의 사유가 발생한 경우를 포함합니다.",기존3단계검수+250212원문재앵커링,v3-offline-0079,single_lookup,True
283,LICO,수술만하면무조건지급되나요?,아니요. 질병 또는 재해로 인한 그 직접적인 치료를 목적으로 '1~5종 수술분류표'에서 정하는 수술을 받았을 때 수술급여금을 지급합니다.,확정,"제2관 보험금의 지급

제2-2조 보험금의 지급사유

회사는 특약보험기간 중 피보험자가 질병 또는 재해로 인한 그 직접적인 치료를 목적으로 ""1~5종 수술분류표""(<부표2-2> 참조)에서 정하는 수술을 받았을 때 보험수익자에게 약정한 각 보장계약에 해당하는 수술급여금(<부표2-1> ""보험금 지급기준표"" 참조)을 지급합니다. (수술 1회당)

제2-3조 보험금 지급에 관한 세부규정

① 특약보험료 납입기간 중 주계약의 보험료 납입이 면제된 경우 이 특약의 차회 이후 보험료 납입을 면제합니다. 다만, 주계약의 보험료 납입면제가 ""보험료의 납입을 면제하는 특약""에 의해 납입면제가 된 경우 그 ""보험료의 납입을 면제하는 특약""의 약관에서 정한 바를 따르며, 이 특약이 해당 약관의 「보험료납입면제대상계약」에 해당되지 않는 경우 보험료 납입면제가 되지 않습니다.",기존3단계검수+250212원문재앵커링,v3-offline-0134,single_lookup,True
284,챗봇,신한통합건강보장보험 가입 되어 있는데 수술보장이 되는지?,"네, 수술 보장이 있습니다. (간편)1-5종수술특약은 질병 또는 재해로 인한 직접적 치료를 목적으로 '1~5종 수술분류표'에서 정하는 수술을 받은 경우 해당 보장계약의 수술급여금을 수술 1회당 지급합니다.",확정,"제2관 보험금의 지급

제2-2조 보험금의 지급사유

회사는 특약보험기간 중 피보험자가 질병 또는 재해로 인한 그 직접적인 치료를 목적으로 ""1~5종 수술분류표""(<부표2-2> 참조)에서 정하는 수술을 받았을 때 보험수익자에게 약정한 각 보장계약에 해당하는 수술급여금(<부표2-1> ""보험금 지급기준표"" 참조)을 지급합니다. (수술 1회당)

2212152200000007936

(간편)1-5종수술특약(무배당, 갱신형)
---
② 재해는 특약보험기간 중 발생한 재해에 한하며, 특약보험기간 중 발생한 한 재해가 아닌 경우에는 보험금 지급사유 중 해당 재해와 관련한 보험금을 지급하지 않습니다.

③ 제2-2조(보험금의 지급사유)의 경우 ""간편심사형""에 한하여, 계약일부터 1년 미만에 재해 이외의 원인으로 보험금 지급사유가 발생하였을 때에는 <부표2-1> ""보험금 지급기준표""에서 정한 바에 따라 삭감하여 지급합니다.

④ 회사는 피보험자가 동시에 두 종류 이상의 수술을 받은 경우에는 그 수술 중 가장 높은 급여금에 해당하는 한 종류의 수술에 대하여 해당 보장계약의 수술급여금을 지급합니다. 다만, 동시에 두 종류 이상의 수술을 받은 경우라 하더라도 동일한 신체부위가 아닌 경우로서 의학적으로

SHINHAN LIFE

1850",기존3단계검수+250212원문재앵커링,v3-offline-0143,multi_evidence,False
285,Claim,"사망으로 고혈압(원발성)약물치료특약이 소멸되는 경우, 계약자에게 지급하는 금액이 있나요?","고혈압(원발성)약물치료특약(무배당, 해약환급금 미지급형)은 피보험자가 특약보험기간 중 사망하여 특약이 소멸하는 경우 계약자에게 지급하는 금액이 없습니다.",확정,"| (50%이상) 재해장해 급여금 | 특약보험기간 중 피보험자가 동일한 재해를 직접적인 원인으로 장해분류 표(<부표2-2> 참조)에서 정한 장해지급률 중 50%이상에 해당하는 장해상태가 되었을 때 (다만, 최초 1회에 한함) | 특약보험가입금액의 100% |

주) 1. 「이 특약의 피보험자가 특약보험기간 중 사망하거나 이 특약의 보험금 지급사유가 더 이상 발생할 수 없는 경우」 또는 「주계약이 해지, 무효, 취소 또는 철회된 경우」이 특약은 그때부터 효력이 없습니다.

2. 특약보험기간 중 피보험자의 사망으로 이 특약이 소멸하는 경우에는 계약자 적립액 등을 지급하지 않습니다.

2212152200000007100

(간편)[50%이상장해형]재해장해특약(무배당, 해약환급금 미지급형)
---
S

| 구분 | 지급사유 | 지급금액 |
| --- | --- | --- |
| 고혈압(원발성)약물치료급여금 | 특약보험기간 중 피보험자가 고혈압보장개시일 이후에 ""고혈압(원발성)""으로 진단이확정 되고 특약보험기간 중 그 직접적인 치료를 목적으로 180일 이상의 기간동안 ""고혈압(원발성)약물치료""를 받은 때 (다만,최초1회에 한함) | 특약보험가입금액의 10% |

주) 1. 「이 특약의 피보험자가 특약보험기간 중 사망하였을 경우」 또는 「주계약이 해지, 무효, 취소 또는 철회된 경우」 이 특약은 그때부터 더 이상 효력이 없습니다. 다만, 특약보험기간 중 피보험자가 사망한 경우에는 산출방법서에서 정하는 바에 따라 회사가 적립한 사망당시의 계약자적립액을 계약자에게 지급합니다.

2. ""고혈압보장개시일""은 최초계약의 계약일부터 그날을 포함하여 1년이 지난 날의 다음 날로 하며 갱신계약의 경우 갱신일로 합니다. 다만, 부활(효력회복)계약의 경우 최초계약 및 갱신계약의 부활(효력회복)일부터 그날을 포함하여 1년이 지난날의 다음 날로 합니다.",기존3단계검수+250212원문재앵커링,v3-offline-0122,multi_evidence,False
286,고객상담,암주요 치료비 연간1회의 기준에서 연간은 언제부터 언제까지야~?,'연간'은 최초 진단확정일(그 날 포함)부터 매 1년 단위로 도래하는 진단확정일의 전날까지의 기간을 말합니다. 해당 년도 진단확정일이 없으면 해당 월의 마지막 날을 진단확정일로 합니다.,확정,"4. ""연간""이라 함은 ""뇌혈관질환 또는 허혈심장질환"" 최초 진단확정일부터 그 날을 포함하여 매1년 단위로 도래하는 진단확정일(이하 ""매년 진단확정일""이라 합니다)의 전날까지의 기간을 말합니다. 다만, 해당 년도의 진단확정일이 없는 경우에는 해당 월의 마지막 날을 진단확정일로 합니다.",기존3단계검수+250212원문재앵커링,v3-offline-0178,single_lookup,True
287,챗봇,통합건강 납입면제 가입해야지 면제되나요,"네, 그렇습니다. 보험료납입면제특약은 계약자의 선택에 의해 해당 보험료를 납입함으로써 보장이 가능합니다. 즉, 이 특약을 선택하여 부가하고 해당 보험료를 납입하여야 보험료 납입면제 보장이 적용됩니다.",확정,"[남녀특정암납입면제형]
(간편)보험료납입면제특약
(무배당, 해약환급금 미지급형)

※ 이 특약은 계약자의 선택에 의해 해당 보험료를 납입함으로써 보장이 가능합니다.",250212원문재검증(v3정화),v3-offline-0278,single_lookup,True
288,챗봇,통합건강원 보험료 납입면제특약 따로 넣어야하나요,"네, 별도로 부가하여야 합니다. 이 특약은 계약자의 선택에 의해 해당 보험료를 납입함으로써 보장이 가능합니다. 즉, 보험료납입면제특약은 계약자의 선택에 의해 해당 보험료를 납입하여야 보장(납입면제)이 가능한 특약입니다.",확정,"[남녀특정암납입면제형]
(간편)보험료납입면제특약
(무배당, 해약환급금 미지급형)

※ 이 특약은 계약자의 선택에 의해 해당 보험료를 납입함으로써 보장이 가능합니다.",250212원문재검증(v3정화),v3-offline-0311,single_lookup,True
289,챗봇,신한통합건강보험에 소액암이 자궁경부 제자리암도 포함되나요?,"네, 포함됩니다. 회사는 특약보험기간 중 피보험자가 보장개시일 이후에 ""기타피부암"", ""중증이외 갑상선암"", ""제자리암"", ""경계성종양"", ""대장점막내암"" 또는 ""비침습방광암""으로 진단 확정되었을 때에는 보험수익자에게 약정한 소액암진단급여금을 지급합니다(다만, 각각 최초 1회에 한함). 그리고 ""제자리암""의 대상이 되는 질병에는 자궁경부의 제자리암종(분류코드 D06)이 포함됩니다.",확정,"회사는 특약보험기간 중 피보험자가 보장개시일 이후에 ""기타피부암"", ""중증이외 갑상선암"", ""제자리암"", ""경계성종양"", ""대장점막내암"" 또는 ""비침습방광암""으로 진단 확정되었을 때에는 보험수익자에게 약정한 소액암진단급여금(<부표2-1> ""보험금 지급기준표"" 참조)을 지급합니다. (다만, 각각 최초 1회에 한함)
---
| 구분 | 대상이 되는 질병 | 분류코드 |
| --- | --- | --- |
| 1. 기타피부암 | 기타 피부의 악생 신생물 | C44 |
| 2. 갑상선암 | 갑상선의 악성 신생물 | C73 |
| 3. 제자리암 | 구강, 식도 및 위의 제자리암종<br>기타 및 상세불명의 소화기관의 제자리암종<br>중이 및 호흡계통의 제자리암종<br>제자리흑색종<br>피부의 제자리암종<br>유방의 제자리암종<br>자궁경부의 제자리암종<br>기타 및 상세불명의 생식기관의 제자리암종<br>기타 및 상세불명 부위의 제자리암종 | D00<br>D01<br>D02<br>D03<br>D04<br>D05<br>D06<br>D07<br>D09 |
| 4. 경계성종양 | 구강 및 소화기관의 행동양식 불명 또는 미상의 신생물<br>중이, 호흡기관, 흉곽내기관의 행동양식 불명 또는 미상의 신생<br>물여성생식기관의 행동양식 불명 또는 미상의 신생물<br>남성생식기관의 행동양식 불명 또는 미상의 신생물<br>비뇨기관의 행동양식 불명 또는 미상의 신생물<br>수막의 행동양식 불명 또는 미상의 신생물<br>뇌 및 중추신경계통의 행동양식 불명 또는미상의 신생물<br>내분비선의 행동양식 불명 또는 미상의 신생물<br>행동양식 불명 및 미상의 조직구 및 비만세포 종양<br>미결정의 단클론감마글로불린병증<br>기타 명시된 림프, 조혈 및 관련조직의 행동양식 불명 또는 미상의 신생물<br>림프, 조혈 및 관련 조직의 행동양식 불명 또는미상의 상세불명<br>신생물<br>기타 및 상세불명 부위의 행동양식 불명 또는 미상의 신생물 | D37<br>D38<br>D39<br>D40<br>D41<br>D42<br>D43<br>D44<br>D47.0<br>D47.2<br>D47.7<br>D47.9<br>D48 |
| 5. 간질환 | 바이러스간염<br>독성간질환<br>달리 분류되지 않은 간부전 | B15-B19<br>K71<br>K72 |

22121522000000071735",250212원문재검증(v3정화),v3-offline-0155,multi_evidence,False
290,챗봇,"통합건강원보험에 일반암2천,남녀특정암2천 특약가입시 유방암진단시 진단비는 얼마인가요","이 약관에서 「여성유방암 및 전립선암, 이외의 암」이라 함은 ""암"" 중에서 ""여성유방암"" 및 ""전립선암""을 제외한 ""암""을 말하므로, 여성유방암 진단 시에는 암진단급여금(일반암)이 아니라 여성유방암진단급여금이 지급됩니다. 여성유방암진단급여금은 피보험자가 암보장개시일 이후에 ""여성유방암""으로 진단확정 되었을 때(최초 1회의 진단확정에 한함) 최초계약의 계약일부터 2년 미만이면 특약보험가입금액의 50%를 지급하고, 2년 이상 4년 미만이면 특약보험가입금액의 75%를 지급하며, 4년 이상이면 특약보험가입금액의 100%를 지급하며, 갱신계약은 특약보험가입금액의 100%를 지급합니다.",확정,"S

| 구분 | 지급사유 | 지급금액 |
| --- | --- | --- |
| 여성유방암진단급여금 | 특약보험기간 중 피보험자가 암보장개시일 이후에 ""여성유방암""으로 진단확정 되었을 때(다만, 최초 1회의진단확정에 한함) | - 최초계약의 계약일부터 2년 미만:특약보험가입금액의 50% - 최초계약의 계약일부터 2년 이상 4년 미만:특약보험가입금액의 75% - 최초계약의 계약일부터 4년 이상:특약보험가입금액의 100% - 갱신계약:특약보험가입금액의 100% - 최초계약의 계약일부터 2년 미만:특약보험가입금액의 50% - 최초계약의 계약일부터 2년 이상 4년 미만:특약보험가입금액의 75% - 최초계약의 계약일부터 4년 이상:특약보험가입금액의 100% - 갱신계약:특약보험가입금액의 100% |
| 전립선암진단급여금 | 특약보험기간 중 피보험자가 암보장개시일 이후에 ""전립선암""으로 진단확정되었을 때(다만, 최초 1회의진단확정에 한함) | - 최초계약의 계약일부터 2년 이상 4년 미만:특약보험가입금액의 75% - 최초계약의 계약일부터 4년 이상:특약보험가입금액의 100% - 갱신계약:특약보험가입금액의 100% - 최초계약의 계약일부터 2년 이상 4년 미만:특약보험가입금액의 50% - 최초계약의 계약일부터 2년 이상 4년 미만:특약보험가입금액의 75% - 최초계약의 계약일부터 4년 이상:특약보험가입금액의 100% - 갱신계약:특약보험가입금액의 100% |

※ 2년 미만 : 최초계약 계약일부터 2년이 되는 시점의 계약해당일의 전날까지
※ 2년 이상 4년 미만 : 최초계약 계약일부터 2년이 되는 시점의 계약해당일부터 4년이 되는 시점의 계약해당일의 전날까지
---
| 암진단 급여금 | 특약보험기간 중 피보험자가 ""암"" 및 ""중증 갑상선암"" 보장개시일 이후에 ""여성유방암 및 전립선암, 이외의 암"" 또는 ""중증 갑상선암""으로 진단확정되었을 때 (다만, 최초 1회의 진단확정에 한함) | 특약보험가입금액의 100% (다만, 최초계약의 계약일부터 1년 미만에 지급사유가 발생한 경우 특약보험가입금액의 50%를 지급함) |

※ 1년 미만 : 최초계약의 계약일부터 1년이 되는 시점의 계약해당일의 전날까지

주) 1. 「이 특약의 피보험자가 특약보험기간 중 사망하거나 이 특약의 보험금 지급사유가 더 이상 발생할 수 없는 경우」 또는 「주계약이 해지, 무효, 취소 또는 철회된 경우」 이 특약은 그때부터 효력이 없습니다. 다만, 특약보험기간 중 피보험자가 사망한 경우에는 산출방법서에서 정하는 바에 따라 회사가 적립한 사망당시의 계약자적립액을 계약자에게 지급합니다.
2. ""암"" 및 ""중증 갑상선암"" 보장개시일은 최초계약의 계약일부터 그날을 포함하여 90일이 지난날의 다음 날로 하며 갱신계약의 경우 갱신일로 합니다. 다만, 부활(효력회복)계약의 경우 최초계약 및 갱신계약의 부활(효력회복)일부터 그날을 포함하여 90일이 지난날의 다음 날로 합니다.
3. 이 특약의 ""암""은 「기타피부암, 갑상선암, 대장점막내암 및 비침습방광암」을 제외하며, 「여성유방암 및 전립선암, 이외의 암」이라 함은 ""암"" 중에서 ""여성유방암"" 및 ""전립선암""을 제외한 ""암""을 말합니다.",250212원문재검증(v3정화),v3-offline-0314,multi_evidence,False
291,챗봇,통합건강보험에 있는 통합암 특약에 갑상선암 같은 소액암도 포함되?,"문의하신 '통합암'이라는 명칭의 특약은 이 약관에서 확인되지 않습니다. 이 약관의 암 관련 특약에서 ""암""이라 함은 <부표2-2> ""대상이 되는 악성신생물(암)분류표(기타피부암, 갑상선암, 대장점막내암 및 비침습방광암 제외)""에 해당하는 항목을 말하며, 분류코드 C44[기타피부의 악성신생물(암)]에 해당하는 질병과 <부표2-5> ""갑상선암 분류표""에 해당하는 질병은 제외합니다. 따라서 갑상선암은 해당 특약의 ""암""에 포함되지 않습니다.",확정,"---

제2-1조의3 ""암"" 등의 정의 및 진단확정

① 이 특약에 있어서 ""암""이라 함은 제8차 개정 한국표준질병·사인분류 중 <부표2-2> ""대상이 되는 악성신생물(암)분류표(기타피부암, 갑상선암, 대장점막내암 및 비침습방광암 제외)""에 해당하는 항목을 말합니다. 다만, 아래에 해당하는 질병은 제외합니다.

1. 분류코드 C44[기타피부의 악성신생물(암)]에 해당하는 질병

2.<부표2-5>""갑상선암 분류표""에 해당하는 질병",250212원문재검증(v3정화),v3-offline-0300,single_lookup,False
292,상품,6대 질병 구성요소에 대해 설명해줘,"""6대질병""이라 함은 제8차 개정 한국표준질병·사인분류 중 <부표2-2> ""6대질병 분류표""에 해당하는 항목으로 하기 질병을 말합니다. 1. ""암"", ""기타피부암"", ""갑상선암"" 2. ""대장점막내암"" 3. ""비침습방광암"" 4. ""제자리암"", ""경계성종양"", ""뇌혈관질환"", ""허혈심장질환"", ""간질환"", ""폐질환"", ""신장질환""입니다. 다만 ""제자리암""의 경우 ""대장점막내암"" 및 ""비침습방광암""은 제외합니다.",확정,"제2-1조의5 “6대질병”의 정의 및 진단확정

① 이 특약에 있어서 ""6대질병""이라 함은 제8차 개정 한국표준질병·사인분류 중 <부표2-2> ""6대질병 분류표""에 해당하는 항목으로 하기 질병을 말합니다.

1. 제2-1조의2(""암"" 등의 정의 및 진단확정)에서 정한 ""암"", ""기타피부암"", ""갑상선암""

2. 제2-1조의3(""대장점막내암""의 정의 및 진단확정)에서 정한 대장점막내암

3. 제2-1조의4(""비침습방광암""의 정의 및 진단확정)에서 정한 비침습방광암

4. ""제자리암"", ""경계성종양"", ""뇌혈관질환"", ""허혈심장질환"", ""간질환"", ""폐질환"", ""신장질환""

② 제1항의 ""제자리암""의 경우, 제2-1조의3(""대장점막내암""의 정의 및 진단확정)에서 정한 ""대장점막내암"" 및 제2-1조의4(""비침습방광암""의 정의 및 진단확정)에서 정한 ""비침습방광암""은 제외합니다.

___",250212원문재검증(v3정화),v3-offline-0017,single_lookup,True
293,챗봇,통합건강보험 원 질병수술비중 대장용종은 얼마나 지급되나요,"지급되지 않습니다. ""질병분류표 II(백내장 및 대장용종 제외)""에서 보장대상이 되는 질병은 한국표준질병·사인분류상의(A00 ~ R99, U00 ~ U99)에 해당하는 질병이나, 다음 각 호에 해당하는 경우에는 질병분류에서 제외하여 보험금을 지급하지 않습니다. 대장용종이 여기에 해당하며, 대상이 되는 질병과 분류코드는 맹장의 양성 신생물(D12.0) 충수의 양성 신생물(D12.1) 상행결장의 양성 신생물(D12.2) 횡행결장의 양성 신생물(D12.3) 하행결장의 양성 신생물(D12.4) 구불결장의 양성 신생물(D12.5) 상세불명의 결장의 양성 신생물(D12.6) 직장구불결장접합부의 양성 신생물(D12.7) 직장의 양성 신생물(D12.8) 직장폴립(K62.1) 결장의 폴립(K63.5)입니다.",확정,"표142 | 질병분류표 II(백내장 및 대장용종 제외)

S

1. 보장대상이 되는 질병

한국표준질병·사인분류상의(A00 ~ R99, U00 ~ U99)에 해당하는 질병

2. 보험금을 지급하지 않는 질병

다음 각 호에 해당하는 경우에는 질병분류에서 제외하여 보험금을 지급하지 않습니다.

① 정신 및 행동 장애(FOO ~ F99)로 인한 질병

② 선천기형, 변형 및 염색체이상(Q00 ~ Q99)으로 인한 질병

③ 비만(E66)

④ 요실금(N39.3, N39.4, R32)

⑤ 항문 및 직장 관련 질환, 치핵 및 항문주위정맥혈전증(K60~K62, K64)

⑥ 치아우식증, 치아 및 치주질환 등의 치과질환(K00~K08)

⑦ 백내장(H25~H27)

⑧ 아래의 질병에 해당하는 경우

| 구분 | 대상이 되는 질병 | 분류코드 |
| --- | --- | --- |
| 대장용종 | 맹장의 양성 신생물 | D12.0 |
| | 충수의 양성 신생물 | D12.1 |
| | 상행결장의 양성 신생물 | D12.2 |
| | 횡행결장의 양성 신생물 | D12.3 |
| | 하행결장의 양성 신생물 | D12.4 |
| | 구불결장의 양성 신생물 | D12.5 |
| | 상세불명의 결장의 양성 신생물 | D12.6 |
| | 직장구불결장접합부의 양성 신생물 | D12.7 |
| | 직장의 양성 신생물 | D12.8 |
| | 직장폴립 | K62.1 |
| | 결장의 폴립 | K63.5 |",250212원문재검증(v3정화),v3-offline-0290,single_lookup,True
294,챗봇,뇌혈관질환진단특약에서 뇌출혈만 보장되나요,"아니요, 뇌출혈만 보장되는 것은 아닙니다. 약관에서 정한 ""뇌혈관질환""으로 분류되는 질병은 거미막하출혈(I60), 뇌내출혈(I61), 기타 비외상성 두개내출혈(I62), 뇌경색증(I63), 출혈 또는 경색증으로 명시되지 않은 뇌졸중(I64), 뇌경색증을 유발하지 않은 뇌전동맥의 폐쇄 및 협착(I65), 뇌경색증을 유발하지 않은 대뇌동맥의 폐쇄 및 협착(I66), 기타 뇌혈관질환(I67), 달리 분류된 질환에서의 뇌혈관장애(I68), 뇌혈관질환의 후유증(I69)입니다.",확정,"약관에서 정한 ""뇌혈관질환""으로 분류되는 질병은 제8차 개정 한국표준질병·사인분류(통계청 고시 제 2020-175호, 2021. 1. 1 시행) 중 다음에 적은 대상질병을 말합니다.

| 대상 질병 명 | 분류 코드 |
| --- | --- |
| 거미막하출혈 | I60 |
| 뇌내출혈 | I61 |
| 기타 비외상성 두개내출혈 | I62 |
| 뇌경색증 | I63 |
| 출혈 또는 경색증으로 명시되지 않은 뇌졸중 | I64 |
| 뇌경색증을 유발하지 않은 뇌전동맥의 폐쇄 및 협착 | I65 |
| 뇌경색증을 유발하지 않은 대뇌동맥의 폐쇄 및 협착 | I66 |
| 기타 뇌혈관질환 | I67 |
| 달리 분류된 질환에서의 뇌혈관장애 | I68 |
| 뇌혈관질환의 후유증 | I69 |",250212원문재검증(v3정화),v3-offline-0086,single_lookup,True
295,Claim,(간편)대상포진·통풍진단특약의 대상포진 보장대상이 되는 질병분류 코드는 무엇인가요?,"이 특약에서 ""대상포진""이라 함은 제8차 개정 한국표준질병·사인분류 중 <부표2-2> ""대상포진 분류표""에 해당하는 항목을 말하며, 그 분류표에서 정한 대상 질병명은 ""대상포진"", 분류 코드는 B02입니다.",확정,"제2-1조의2 ""대상포진""의 정의 및 진단확정

① 이 특약에 있어서 ""대상포진""이라 함은 제8차 개정 한국표준질병·사인 분류 중 <부표2-2> ""대상포진 분류표""에 해당하는 항목을 말합니다.
---
약관에서 정한 ""대상포진""으로 분류되는 질병은 제8차 개정 한국표준질병·사인분류(통계청 고시 제 2020-175호, 2021. 1. 1 시행) 중 다음에 적은 대상질병을 말합니다.

| 대상 질 병 명 | 분류 코드 |
| --- | --- |
| 대상포진 | B02 |",250212원문재검증(v3정화),v3-offline-0092,multi_evidence,False
296,문서커버리지,"6대질병으로 장해지급률 50% 이상의 장해가 생긴 경우, 장해급여금은 최초 한 번만 지급되나요?","피보험자에게 다음의 사유가 발생한 경우(다만, 최초 1회에 한함) 1. 특약보험기간 중 피보험자가 보장개시일(""암""의 경우 암보장개시일) 이후에 ""암, 기타피부암, 갑상선암, 대장점막내암 및 비침습방광암""으로 진단확정되고, 그 ""암, 기타피부암, 갑상선암, 대장점막내암 및 비침습방광암""을 직접적인 원인으로 특약보험기간 중 장해분류표(<부표2-4> 참조)에서 정한 장해지급률 중 50%이상에 해당하는 장해상태가 되었을 때 2. 특약보험기간 중 피보험자가 보장개시일 이후에 ""제자리암"", ""경계성종양"", ""뇌혈관질환"", ""허혈심장질환"", ""간질환"", ""폐질환"", ""신장질환""을 직접적인 원인으로 특약보험기간 중 장해분류표(<부표2-4> 참조)에서 정한 장해지급률 중 50%이상에 해당하는 장해상태가 되었을 때",확정,"S

| 구분 | 지급사유 | 지급금액 |
|------|------------|----------|
| (50%이상)<br>6대질병<br>장해급여금 | 간편<br>심사형 | 피보험자에게 다음의 사유가 발생한 경우(다만, 최초 1회에 한함)<br>1. 특약보험기간 중 피보험자가 보장개시일(""암""의 경우 암보장개시일) 이후에 ""암, 기타피부암, 갑상선암, 대장점막내암 및 비침습방광암""으로 진단확정되고, 특약보험기간 중 그 ""암, 기타피부암, 갑상선암, 대장점막내암 및 비침습방광암""을 직접적인 원인으로 장해분류표(<부표2-4> 참조)에서 정한 장해지급률 중 50%이상에 해당하는 장해상태가 되었을 때<br>2. 특약보험기간 중 피보험자가 보장개시일 이후에 ""제자리암"", ""경계성종양"", ""뇌혈관질환"", ""허혈심장질환"", ""간질환"", ""폐질환"", ""신장질환""을 직접적인 원인으로 장해분류표(<부표2-4> 참조)에서 정한 장해지급률 중 50%이상에 해당하는 장해상태가 되었을 때 |
| | 일반<br>심사형 | 특약보험기간 중 피보험자가 보장개시일(""암""의 경우 암보장개시일) 이후에 ""6대질병""으로 진단확정 되고, 특약보험기간 중 그 ""6대질병""을 직접적인 원인으로 장해분류표(<부표2-4> 참조)에서 정한 장해지급률 중 50%이상에 해당하는 장해상태가 되었을 때 (다만, 최초 1회에 한함) |

※ 6대질병 : ""암, 기타피부암, 갑상선암, 대장점막내암, 비침습방광암, 제자리암 및 경계성종양"", ""뇌혈관질환"", ""허혈심장질환"", ""간질환"", ""폐질환"", ""신장질환"" (세부사항은 <부표2-2> 참조)",기존3단계검수+250212원문재앵커링,v3-offline-0454,single_lookup,True
297,문서커버리지,(간편)항암세기조절방사선치료특약의 항암세기조절 방사선 치료급여금은 가입 후 1년 안에 사유가 발생한 경우와 1년 이후의 지급률이 어떻게 다른가요?,"특약보험가입금액의 100% (다만, 최초계약의 계약일부터 1년 미만에 지급사유가 발생한 경우 ""특약보험가입금액의 50%""를 지급함)",확정,"| 항암세기조절 방사선 치료급여금 | 특약보험기간 중 피보험자가 보장개시일 (""암""의 경우 암보장개시일) 이후에 ""암"", ""기타피부암"", ""갑상선암"", ""대장점막내암"" 또는 ""비침습방광암""으로 진단확정되고, 특약보험기간 중 그 ""암"", ""기타피부암"", ""갑상선암"", ""대장점막내암"" 또는 ""비침습방광암""의 직접적인 치료를 목적으로 ""항암세기조절방사선치료""를 받았을 때 (다만, 최초 1회에 한함) | 특약보험가입금액의 100% (다만, 최초계약의 계약일부터 1년 미만에 지급사유가 발생한 경우 ""특약보험가입금액의 50%""를 지급함) |

※ 1년 미만 : 최초계약의 계약일부터 1년이 되는 시점의 계약해당일의 전날까지",기존3단계검수+250212원문재앵커링,v3-offline-0445,single_lookup,True
298,문서커버리지,6대질병으로 중환자실에 입원한 경우 입원급여금을 받을 수 있는 질병 범위와 1회 입원당 보장일수는 어떻게 되나요?,"피보험자에게 다음의 사유가 발생한 경우(다만, 1회 입원당 60일 한도) 1. 특약보험기간 중 피보험자가 보장개시일(""암""의 경우 암보장개시일) 이후에 ""암, 기타피부암, 갑상선암, 대장점막내암 및 비침습방광암""으로 진단확정되고, 그 ""암, 기타피부암, 갑상선암, 대장점막내암 및 비침습방광암""의 직접적인 치료를 목적으로 특약보험기간 중 ""중환자실""에 1일 이상 계속 입원하였을 때 2. 특약보험기간 중 피보험자가 보장개시일 이후에 ""제자리암"", ""경계성종양"", ""뇌혈관질환"", ""허혈심장질환"", ""간질환"", ""폐질환"", ""신장질환""의 직접적인 치료를 목적으로 특약보험기간 중 ""중환자실""에 1일 이상 계속 입원하였을 때",확정,"S

| 구분 | 지급사유 | 지급금액 |
|------|------------|----------|
| 6대질병 중환자실 입원 급여금 | 간편 심사형 | 피보험자에게 다음의 사유가 발생한 경우(다만, 1회 입원당 60일 한도)<br>1. 특약보험기간 중 피보험자가 보장개시일(""암""의 경우 암보장개시일) 이후에 ""암, 기타피부암, 갑상선암, 대장점막내암 및 비침습방광암""으로 진단확정되고, 특약보험기간 중 그 ""암, 기타피부암, 갑상선암, 대장점막내암 및 비침습방광암""의 직접적인 치료를 목적으로 ""중환자실""에 1일 이상 계속 입원하였을 때<br>2. 특약보험기간 중 피보험자가 보장개시일 이후에 ""제자리암"", ""경계성종양"", ""뇌혈관질환"", ""허혈심장질환"", ""간질환"", ""폐질환"", ""신장질환""의 직접적인 치료를 목적으로 ""중환자실""에 1일 이상 계속 입원하였을 때 |
| | 일반 심사형 | 특약보험기간 중 피보험자가 보장개시일(""암""의 경우 암보장개시일) 이후에 ""6대질병""으로 진단확정 되고, 특약보험기간 중 그 ""6대질병""의 직접적인 치료를 목적으로 ""중환자실""에 1일 이상 계속 입원하였을 때 (다만, 1회 입원당 60일 한도) |

※ 1년 미만 : 계약일부터 1년이 되는 시점의 계약해당일의 전날까지",기존3단계검수+250212원문재앵커링,v3-offline-0455,single_lookup,True
299,문서커버리지,"표적항암약물허가치료급여금은 어떤 암의 직접 치료를 위해 해당 치료를 받은 경우 지급되며, 몇 회까지 받을 수 있나요?","특약보험기간 중 피보험자가 보장개시일(""암""의 경우 암보장개시일) 이후에 ""암"", ""기타피부암"", ""갑상선암"", ""대장점막내암"" 또는 ""비침습방광암""으로 진단확정 되고, 그 ""암"", ""기타피부암"", ""갑상선암"", ""대장점막내암"" 또는 ""비침습방광암""의 직접적인 치료를 목적으로 특약보험기간 중 ""표적항암약물허가치료""를 받았을 때 (다만, 최초 1회에 한함)",확정,"| 표적항암약물허가치료금여금 | 특약보험기간 중 피보험자가 보장개시일(""암""의 경우 암보장개시일) 이후에 ""암"", ""기타피부암"", ""갑상선암"", ""대장점막내암"" 또는 ""비침습방광암""으로 진단확정 되고, 특약보험기간 중 그 ""암"", ""기타피부암"", ""갑상선암"", ""대장점막내암"" 또는 ""비침습방광암""의 직접적인 치료를 목적으로 ""표적항암약물허가치료""를 받았을 때 (다만, 최초 1회에 한함) | 특약보험가입금액의 100%(다만, 최초계약의 계약일부터 1년 미만에 지급사유가 발생한 경우 ""특약보험가입금액의 50%""를 지급함) |",기존3단계검수+250212원문재앵커링,v3-offline-0544,exhaustive_list,False
300,문서커버리지,(간편)급여바늘생검조직병리진단특약의 급여 전립선 바늘생검 조직병리진단급여금은 가입 후 1년 안에 사유가 발생한 경우와 1년 이후의 지급률이 어떻게 다른가요?,"특약보험가입금액의 1% (다만, 최초계약의 계약일부터 1년 미만에 지급사유가 발생한 경우 ""특약보험가입금액의 0.5%""를 지급함)",확정,"| 급여 전립선 바늘생검 조직병리진단 급여금 | 특약보험기간 중 피보험자가 보장개시일 이후에 「의료기관의 의사에 의하여 질병 진단 및 치료를 위한 필요 소견을 토대로 ""급여 전립선 바늘생검 조직병리진단""」을 받았을 때 (다만, 연간 1회에 한함) | 특약보험가입금액의 1% (다만, 최초계약의 계약일부터 1년 미만에 지급사유가 발생한 경우 ""특약보험가입금액의 0.5%""를 지급함) |

※ 1년 미만 : 최초계약의 계약일부터 1년이 되는 시점의 계약해당일의 전날까지",기존3단계검수+250212원문재앵커링,v3-offline-0396,single_lookup,True
301,문서커버리지,(간편)급여바늘생검조직병리진단특약의 급여 갑상선 바늘생검 조직병리진단급여금은 가입 후 1년 안에 사유가 발생한 경우와 1년 이후의 지급률이 어떻게 다른가요?,"특약보험가입금액의 1% (다만, 최초계약의 계약일부터 1년 미만에 지급사유가 발생한 경우 ""특약보험가입금액의 0.5%""를 지급함)",확정,"| 급여 갑상선 바늘생검 조직병리진단 급여금 | 특약보험기간 중 피보험자가 보장개시일 이후에 「의료기관의 의사에 의하여 질병 진단 및 치료를 위한 필요 소견을 토대로 ""급여 갑상선 바늘생검 조직병리진단""」을 받았을 때 (다만, 연간 1회에 한함) | 특약보험가입금액의 1% (다만, 최초계약의 계약일부터 1년 미만에 지급사유가 발생한 경우 ""특약보험가입금액의 0.5%""를 지급함) |",기존3단계검수+250212원문재앵커링,v3-offline-0394,single_lookup,True
302,문서커버리지,(간편)첫날부터상급종합병원입원특약의 상급종합병원 입원급여금은 가입 후 1년 미만에 재해 이외의 원인으로 지급사유가 발생한 경우와 그 외의 경우 지급률이 어떻게 다른가요?,"【입원일수 1일당】 특약보험가입금액의 1% (다만, ""간편심사형""에 한하여 계약일부터 1년 미만에 재해 이외의 원인으로 지급사유가 발생한 경우 ""특약보험가입금액의 0.5%""를 지급함)",확정,"| 상급종합병원 입원급여금 | 특약보험기간 중 「피보험자가 질병 또는 재해로 인한 그 직접적인 치료를 목적으로 1일이상 계속 ""상급종합병원""에 입원」하였을 때 (다만, 1회 입원당 180일 한도) | 【입원일수 1일당】 특약보험가입금액의 1% (다만, ""간편심사형""에 한하여 계약일부터 1년 미만에 재해 이외의 원인으로 지급사유가 발생한 경우 ""특약보험가입금액의 0.5%""를 지급함) |",250212원문재검증(v3정화),v3-offline-0418,single_lookup,True
303,문서커버리지,(간편)급여바늘생검조직병리진단특약의 급여 유방 바늘생검 조직병리진단급여금은 가입 후 1년 안에 사유가 발생한 경우와 1년 이후의 지급률이 어떻게 다른가요?,"특약보험가입금액의 1% (다만, 최초계약의 계약일부터 1년 미만에 지급사유가 발생한 경우 ""특약보험가입금액의 0.5%""를 지급함)",확정,"| 급여 유방 바늘생검 조직병리진단 급여금 | 특약보험기간 중 피보험자가 보장개시일 이후에 「의료기관의 의사에 의하여 질병 진단 및 치료를 위한 필요 소견을 토대로 ""급여 유방 바늘생검 조직병리진단""」을 받았을 때 (다만, 연간 1회에 한함) | 특약보험가입금액의 1% (다만, 최초계약의 계약일부터 1년 미만에 지급사유가 발생한 경우 ""특약보험가입금액의 0.5%""를 지급함) |",기존3단계검수+250212원문재앵커링,v3-offline-0395,single_lookup,True
304,문서커버리지,"(간편)[기본]소액암진단특약에서 소액암 진단급여금을 받으려면 어떤 진단을 받아야 하며, 여러 번 진단받아도 반복 지급되나요?","특약보험기간 중 피보험자가 보장개시 일 이후에 ""기타피부암"", ""중증이외 갑상선암"", ""제자리암"", ""경계성종양"", ""대장점막내암"" 또는 ""비침습방광암""으로 진단확정 되었을 때 (다만, 각각 최초1회의 진단확정에 한함)",확정,"| 소액암진단급여금 | 특약보험기간 중 피보험자가 보장개시일 이후에 ""기타피부암"", ""중증이외갑상선암"", ""제자리암"", ""경계성종양"", ""대장점막내암"" 또는 ""비침습방광암""으로 진단확정 되었을 때 (다만, 각각 최초1회의 진단확정에 한함) | 특약보험가입금액의 100% (다만, 최초계약의 계약일부터 1년 미만에 지급사유가 발생한 경우 특약보험가입금액의 50%를 지급함) |",기존3단계검수+250212원문재앵커링,v3-offline-0369,single_lookup,True
305,문서커버리지,"(간편)[기본]소액암진단특약의 소액암 진단급여금은 재진단받아도 다시 받을 수 있나요, 아니면 최초 한 번만 지급되나요?","특약보험기간 중 피보험자가 보장개시 일 이후에 ""기타피부암"", ""중증이외 갑상선암"", ""제자리암"", ""경계성종양"", ""대장점막내암"" 또는 ""비침습방광암""으로 진단확정 되었을 때 (다만, 각각 최초1회의 진단확정에 한함)",확정,"| 소액암진단급여금 | 특약보험기간 중 피보험자가 보장개시일 이후에 ""기타피부암"", ""중증이외갑상선암"", ""제자리암"", ""경계성종양"", ""대장점막내암"" 또는 ""비침습방광암""으로 진단확정 되었을 때 (다만, 각각 최초1회의 진단확정에 한함) | 특약보험가입금액의 100% (다만, 최초계약의 계약일부터 1년 미만에 지급사유가 발생한 경우 특약보험가입금액의 50%를 지급함) |",기존3단계검수+250212원문재앵커링,v3-offline-0371,single_lookup,True
306,문서커버리지,1-5종수술특약에서 3종 수술급여금의 지급 대상이 되는 수술은 무엇인가요?,특약보험기간 중 피보험자가 질병 또는 재해로 인한 그 직접적인 치료를 목적으로 특약보험기간 중 1~5종 수술분류표(<부표2-2> 참조)에서 정하는 3종 수술을 받았을 때,확정,"| 3종 수술 급여금 | 특약보험기간 중 피보험자가 질병 또는 재해로 인한 그 직접적인 치료를 목적으로 1~5종 수술분류표(<부표2-2> 참조)에서 정하는 3종 수술을 받았을 때 | 【수술 1회당】 특약보험가입금액의 10% (다만, “간편심사형”에 한하여 최초계약의 계약일부터 1년 미만에 재해 이외의 원인으로 지급사유가 발생한 경우 “특약보험가입금액의 5%”를 지급함) |",기존3단계검수+250212원문재앵커링,v3-offline-0451,single_lookup,True
307,문서커버리지,1-5종수술특약에서 4종 수술급여금의 지급 대상이 되는 수술은 무엇인가요?,특약보험기간 중 피보험자가 질병 또는 재해로 인한 그 직접적인 치료를 목적으로 특약보험기간 중 1~5종 수술분류표(<부표2-2> 참조)에서 정하는 4종 수술을 받았을 때,확정,"| 4종 수술 급여금 | 특약보험기간 중 피보험자가 질병 또는 재해로 인한 그 직접적인 치료를 목적으로 1~5종 수술분류표(<부표2-2> 참조)에서 정하는 4종 수술을 받았을 때 | 【수술 1회당】 특약보험가입금액의 10% (다만, “간편심사형”에 한하여 최초계약의 계약일부터 1년 미만에 재해 이외의 원인으로 지급사유가 발생한 경우 “특약보험가입금액의 5%”를 지급함) |",기존3단계검수+250212원문재앵커링,v3-offline-0452,single_lookup,True
308,문서커버리지,(간편)급여뇌심장질환특정검사지원특약의 급여 뇌심장질환 검사급여금은 가입 후 1년 안에 사유가 발생한 경우와 1년 이후의 지급률이 어떻게 다른가요?,"특약보험가입금액의 1% (다만, 최초계약의 계약일부터 1년 미만에 지급사유가 발생한 경우 ""특약보험가입금액의 0.5%""를 지급함)",확정,"| 급여<br>뇌심장질환<br>검사급여금 | 특약보험기간 중 피보험자가 「의료기관의 의사에 의하여 ""뇌심장질환""으로 진단 및 치료를 위한 필요소견을 토대로 ""급여뇌심장질환검사""를 받았을 때 (다만, 연간 1회에 한함) | 특약보험가입금액의 1% (다만, 최초계약의 계약일부터 1년 미만에 지급사유가 발생한 경우 ""특약보험가입금액의 0.5%""를 지급함) |",기존3단계검수+250212원문재앵커링,v3-offline-0392,single_lookup,True
309,문서커버리지,(간편)급여뇌심장질환특정검사지원특약의 급여 혈관조영술 검사급여금은 가입 후 1년 안에 사유가 발생한 경우와 1년 이후의 지급률이 어떻게 다른가요?,"특약보험가입금액의 1% (다만, 최초계약의 계약일부터 1년 미만에 지급사유가 발생한 경우 ""특약보험가입금액의 0.5%""를 지급함)",확정,"| 급여<br>혈관조영술<br>검사급여금 | 특약보험기간 중 피보험자가 「의료기관의 의사에 의하여 ""뇌심장질환""으로 진단 및 치료를 위한 필요소견을 토대로 ""급여 혈관조영술검사""를 받았을 때 (다만, 연간 1회에 한함) | 특약보험가입금액의 1% (다만, 최초계약의 계약일부터 1년 미만에 지급사유가 발생한 경우 ""특약보험가입금액의 0.5%""를 지급함) |",기존3단계검수+250212원문재앵커링,v3-offline-0393,single_lookup,True
310,문서커버리지,1-5종수술특약에서 5종 수술급여금의 지급 대상이 되는 수술은 무엇인가요?,특약보험기간 중 피보험자가 질병 또는 재해로 인한 그 직접적인 치료를 목적으로 특약보험기간 중 1~5종 수술분류표(<부표2-2> 참조)에서 정하는 5종 수술을 받았을 때,확정,"| 5종 수술 급여금 | 특약보험기간 중 피보험자가 질병 또는 재해로 인한 그 직접적인 치료를 목적으로 1~5종 수술분류표(<부표2-2> 참조)에서 정하는 5종 수술을 받았을 때 | 【수술 1회당】보험가입금액의 10%(다만, “간편심사형”에 한하여 계약일부터 1년 미만에 재해 이외의 원인으로 지급사유가 발생한 경우 “특약보험가입금액의 5%”를 지급함) |",기존3단계검수+250212원문재앵커링,v3-offline-0453,single_lookup,True
311,문서커버리지,"(간편)[기본]일반암진단특약에서 암진단급여금을 받으려면 어떤 진단을 받아야 하며, 여러 번 진단받아도 반복 지급되나요?","특약보험기간 중 피보험자가 ""암"" 및 ""중증 갑상선암"" 보장개시일 이후에 ""여성유방암 및 전립선암, 이외의 암"" 또는 ""중증 갑상선암""으로 진단확정되었을 때 지급되며, 다만 최초 1회의 진단확정에 한합니다.",확정,"| 암진단 급여금 | 특약보험기간 중 피보험자가 ""암"" 및 ""중증 갑상선암"" 보장개시일 이후에 ""여성유방암 및 전립선암, 이외의 암"" 또는 ""중증 갑상선암""으로 진단확정되었을 때 (다만, 최초 1회의 진단확정에 한함) | 특약보험가입금액의 100% (다만, 최초계약의 계약일부터 1년 미만에 지급사유가 발생한 경우 특약보험가입금액의 50%를 지급함) |",250212원문재검증(v3정화),v3-offline-0373,single_lookup,True
312,문서커버리지,"(간편)[기본]일반암진단특약의 암진단급여금은 재진단받아도 다시 받을 수 있나요, 아니면 최초 한 번만 지급되나요?","재진단을 받아도 다시 지급되지 않습니다. 암진단급여금은 특약보험기간 중 피보험자가 ""암"" 및 ""중증 갑상선암"" 보장개시일 이후에 ""여성유방암 및 전립선암, 이외의 암"" 또는 ""중증 갑상선암""으로 진단확정되었을 때 지급되며, 다만 최초 1회의 진단확정에 한합니다.",확정,"| 암진단 급여금 | 특약보험기간 중 피보험자가 ""암"" 및 ""중증 갑상선암"" 보장개시일 이후에 ""여성유방암 및 전립선암, 이외의 암"" 또는 ""중증 갑상선암""으로 진단확정되었을 때 (다만, 최초 1회의 진단확정에 한함) | 특약보험가입금액의 100% (다만, 최초계약의 계약일부터 1년 미만에 지급사유가 발생한 경우 특약보험가입금액의 50%를 지급함) |",250212원문재검증(v3정화),v3-offline-0376,single_lookup,True
313,문서커버리지,(간편)정기특약의 사망보험금은 가입 후 2년 미만과 그 이후에 각각 얼마를 지급하나요?,"특약보험가입금액의 100% (다만, “간편심사형”에 한하여 최초계약의 계약일부터 2년 미만에 재해 이외의 원인으로 지급사유가 발생한 경우 “특약보험가입금액의 50%”를 지급함)",확정,"| 사망보험금 | 특약보험기간 중 피보험자가 사망하였을 때 | 특약보험가입금액의 100% (다만, “간편심사형”에 한하여 최초계약의 계약일부터 2년 미만에 재해 이외의 원인으로 지급사유가 발생한 경우 “특약보험가입금액의 50%”를 지급함) |

※ 2년 미만 : 최초계약의 계약일부터 2년이 되는 시점의 계약해당일의 전날까지",기존3단계검수+250212원문재앵커링,v3-offline-0429,single_lookup,True
314,문서커버리지,(간편)뇌출혈진단특약의 뇌출혈 진단급여금은 가입 후 1년 안에 사유가 발생한 경우와 1년 이후의 지급률이 어떻게 다른가요?,"특약보험가입금액의 100% (다만, 계약일부터 1년 미만에 지급사유가 발생한 경우 특약보험가입금액의 50%를 지급함)",확정,"| 뇌출혈 진단급여금 | 특약보험기간 중 피보험자가 “뇌출혈”로 진단확정 되었을 때 (다만, 최초 1회에의 진단 확정에 한함) | 특약보험가입금액의 100% (다만, 계약일부터 1년 미만에 지급사유가 발생한 경우 특약보험가입금액의 50%를 지급함) |

※ 1년 미만 : 계약일부터 1년이 되는 시점의 계약해당일의 전날까지",기존3단계검수+250212원문재앵커링,v3-offline-0405,single_lookup,True
315,문서커버리지,"(간편)[기본]고액암진단특약에서 고액암 진단급여금을 받으려면 어떤 진단을 받아야 하며, 여러 번 진단받아도 반복 지급되나요?","특약보험기간 중 피보험자가 고액암보장개시일 이후에 ""고액암""으로 진단 확정 되었을 때 (다만, 최초 1회의 진단확정에 한함)",확정,"| 고액암 진단급여금 | 특약보험기간 중 피보험자가 고액암보장개시일 이후에 ""고액암""으로 진단 확정 되었을 때 (다만, 최초 1회의 진단확정에 한함) | 특약보험가입금액의 100% (다만, 계약일부터 1년 미만에 지급사유가 발생한 경우 ""특약보험가입금액의 50%""를 지급함) |",기존3단계검수+250212원문재앵커링,v3-offline-0366,single_lookup,True
316,문서커버리지,"(간편)[기본]고액암진단특약의 고액암 진단급여금은 재진단받아도 다시 받을 수 있나요, 아니면 최초 한 번만 지급되나요?","특약보험기간 중 피보험자가 고액암보장개시일 이후에 ""고액암""으로 진단 확정 되었을 때 (다만, 최초 1회의 진단확정에 한함)",확정,"| 고액암 진단급여금 | 특약보험기간 중 피보험자가 고액암보장개시일 이후에 ""고액암""으로 진단 확정 되었을 때 (다만, 최초 1회의 진단확정에 한함) | 특약보험가입금액의 100% (다만, 계약일부터 1년 미만에 지급사유가 발생한 경우 ""특약보험가입금액의 50%""를 지급함) |",기존3단계검수+250212원문재앵커링,v3-offline-0368,single_lookup,True
317,문서커버리지,(간편)뇌혈관질환진단특약의 뇌혈관질환 진단급여금은 가입 후 1년 안에 사유가 발생한 경우와 1년 이후의 지급률이 어떻게 다른가요?,"특약보험가입금액의 100% (다만, 최초계약의 계약일부터 1년 미만에 지급사유가 발생한 경우 ""특약보험가입금액의 50%""를 지급함)",확정,"| 뇌혈관질환진단급여금 | 특약보험기간 중 피보험자가 뇌혈관질환으로 진단확정 되었을 때 (다만, 최초 1회의 진단확정에 한함) | 특약보험가입금액의 100% (다만, 최초계약의 계약일부터 1년 미만에 지급사유가 발생한 경우 ""특약보험가입금액의 50%""를 지급함) |",기존3단계검수+250212원문재앵커링,v3-offline-0412,single_lookup,True
318,문서커버리지,"(간편)부정맥진단특약에서 부정맥 진단급여금을 받으려면 어떤 진단을 받아야 하며, 여러 번 진단받아도 반복 지급되나요?","특약보험기간 중 피보험자가 부정맥으로 진단확정 되었을 때 (다만, 최초 1회의 진단확정에 한함)",확정,"| 부정맥 진단급여금 | 특약보험기간 중 피보험자가 부정맥으로 진단확정 되었을 때 (다만, 최초 1회의 진단확정에 한함) | 특약보험가입금액의 100% (다만, 최초계약의 계약일부터 1년 미만에 지급사유가 발생한 경우 특약보험가입금액의 50%를 지급함) |",기존3단계검수+250212원문재앵커링,v3-offline-0413,single_lookup,True
319,문서커버리지,"(간편)특정부정맥진단특약에서 특정부정맥 진단급여금을 받으려면 어떤 진단을 받아야 하며, 여러 번 진단받아도 반복 지급되나요?","특약보험기간 중 피보험자가 특정부정맥으로 진단확정 되었을 때 (다만, 최초 1회의 진단확정에 한함)",확정,"| 특정부정맥진단급여금 | 특약보험기간 중 피보험자가 특정부정맥으로 진단확정 되었을 때 (다만, 최초 1회의 진단확정에 한함) | 특약보험가입금액의 100% (다만, 계약일부터 1년 미만에 지급사유가 발생한 경우 특약보험가입금액의 50%를 지급함) |",기존3단계검수+250212원문재앵커링,v3-offline-0442,single_lookup,True
320,문서커버리지,급여 갑상선 바늘생검 조직병리진단급여금의 지급 요건과 연간 지급 횟수는 어떻게 되나요?,"특약보험기간 중 피보험자가 보장개시일 이후에 「의료기관의 의사에 의하여 질병 진단 및 치료를 위한 필요 소견을 토대로 특약보험기간 중 ""급여 갑상선 바늘생검 조직병리진단""」을 받았을 때 (다만, 연간 1회에 한함)",확정,"| 급여 갑상선 바늘생검 조직병리진단 급여금 | 특약보험기간 중 피보험자가 보장개시일 이후에 「의료기관의 의사에 의하여 질병 진단 및 치료를 위한 필요 소견을 토대로 ""급여 갑상선 바늘생검 조직병리진단""」을 받았을 때 (다만, 연간 1회에 한함) | 특약보험가입금액의 1% (다만, 최초계약의 계약일부터 1년 미만에 지급사유가 발생한 경우 ""특약보험가입금액의 0.5%""를 지급함) |",기존3단계검수+250212원문재앵커링,v3-offline-0465,single_lookup,True
321,문서커버리지,"질병으로 장해지급률 50% 이상의 장해가 생긴 경우, 질병장해급여금은 최초 한 번만 지급되나요?","특약보험기간 중 피보험자가 질병을 직접적인 원인으로 특약보험기간 중 장해분류표(<부표2-2> 참조)에서 정한 장해지급률 중 50% 이상에 해당하는 장해상태가 되었을 경우 (다만, 최초 1회에 한함)",확정,"| (50%이상) 질병장해 급여금 | 특약보험기간 중 피보험자가 질병을 직접적인 원인으로 장해분류표(<부표 2-2> 참조)에서 정한 장해지급률 중 50%이상에 해당하는 장해상태가 되었을 경우 (다만, 최초 1회에 한함) | 특약보험가입금액의 100% |",기존3단계검수+250212원문재앵커링,v3-offline-0531,single_lookup,True
322,문서커버리지,(간편)항암약물치료특약[일반심사형]에서 기타피부암·갑상선암·제자리암·경계성종양의 항암약물치료급여금은 어떤 경우에 몇 회까지 지급되나요?,"특약보험기간 중 피보험자가 보장개시일 이후에 ""기타피부암"", ""갑상선암"", ""제자리암"", ""경계성종양""으로 진단확정 되고, 특약보험기간 중 그 ""기타피부암"", ""갑상선암"", ""제자리암"", ""경계성종양""의 직접적인 치료를 목적으로 ""항암약물치료""를 받았을 때 지급하며, ""기타피부암"", ""갑상선암"", ""제자리암"", ""경계성종양"" 각각 최초 1회에 한합니다.",확정,"[일반심사형의 경우]

| 구분 | 지급사유 | 지급금액 |
|------|---------|----------|
| 항암약물치료급여금 | 특약보험기간 중 피보험자가 보장개시일(암의 경우 암보장개시일) 이후에 ""암"", ""대장점막내암"" 또는 ""비침습방광암""으로 진단확정 되고, 특약보험기간 중 그 ""암"", ""대장점막내암"" 또는 ""비침습방광암""의 직접적인 치료를 목적으로 ""항암약물치료""를 받았을 때(다만, 최초 1회에 한함) | 특약보험가입금액의 10%(다만, 계약일부터 1년 미만에 지급사유가 발생한 경우 ""특약보험가입금액의 5%""를 지급함) |
| | 특약보험기간 중 피보험자가 보장개시일 이후에 ""기타피부암"", ""갑상선암"", ""제자리암"", ""경계성종양""으로 진단확정 되고, 특약보험기간 중 그 ""기타피부암"", ""갑상선암"", ""제자리암"", ""경계성종양""의 직접적인 치료를 목적으로 ""항암약물치료""를 받았을 때(다만, ""기타피부암"", ""갑상선암"", ""제자리암"", ""경계성종양"" 각각 최초 1회에 한함) | 특약보험가입금액의 2%(다만, 계약일부터 1년 미만에 지급사유가 발생한 경우 ""특약보험가입금액의 1%""를 지급함) |

※ 1년미만 : 계약일부터 1년이 되는 시점의 계약해당일의 전날까지",250212원문재검증(v3정화),v3-offline-0478,single_lookup,True
323,문서커버리지,"(간편)[삭감없음용]일반암진단특약에서 암진단급여금을 받으려면 어떤 진단을 받아야 하며, 여러 번 진단받아도 반복 지급되나요?","특약보험기간 중 피보험자가 ""암"" 및 ""중증 갑상선암"" 보장개시일 이후에 ""여성유방암 및 전립선암, 이외의 암"" 또는 ""중증갑상선암""으로 진단확정 되었을 때 지급되며, 다만 최초 1회의 진단확정에 한하여 특약보험가입금액의 100%를 지급합니다.",확정,"| 암진단 급여금 | 특약보험기간 중 피보험자가 ""암"" 및 ""중증 갑상선암"" 보장개시일 이후에 ""여성유방암 및 전립선암, 이외의 암"" 또는 ""중증갑상선암""으로 진단확정 되었을 때 (다만, 최초 1회의 진단확정에 한함) | 특약보험가입금액의 100% |",250212원문재검증(v3정화),v3-offline-0384,single_lookup,True
324,문서커버리지,(간편)[기본]뇌혈관질환진단특약의 뇌혈관질환진단급여금 지급액은 특약보험가입금액의 몇 %인가요?,"뇌혈관질환진단급여금은 특약보험가입금액의 100%를 지급합니다. 다만, 최초계약의 계약일부터 1년 미만에 지급사유가 발생한 경우 ""특약보험가입금액의 50%""를 지급합니다.",확정,"| 구분 | 지급사유 | 지급금액 |
|------|----------|----------|
| 뇌혈관질환진단급여금 | 특약보험기간 중 피보험자가 뇌혈관질환으로 진단확정 되었을 때 (다만, 최초 1회의 진단확정에 한함) | 특약보험가입금액의 100% (다만, 최초계약의 계약일부터 1년 미만에 지급사유가 발생한 경우 ""특약보험가입금액의 50%""를 지급함) |",250212원문재검증(v3정화),v3-offline-0381,single_lookup,True
325,문서커버리지,(간편)혈전용해치료특약에서 급성뇌경색증혈전용해치료급여금을 받으려면 어떤 질병으로 진단받고 어떤 치료를 받아야 하나요? 지급 횟수도 알려주세요.,"특약보험기간 중 피보험자가 ""급성뇌경색증""으로 진단확정 되고, 특약보험기간 중 그 ""급성뇌경색증""의 직접적인 치료를 목적으로 ""혈전용해치료""를 받았을 때 지급하며, 최초 1회에 한합니다.",확정,"| 급성뇌경색증혈전용해치료급여금 | 특약보험기간 중 피보험자가 ""급성뇌경색증""으로 진단확정 되고, 특약보험기간 중 그 ""급성뇌경색증""의 직접적인 치료를 목적으로 ""혈전용해치료""를 받았을 때 (다만, 최초 1회에 한함) | 보험가입금액의 10% (다만, 계약일부터 1년 미만에 지급사유가 발생한 경우 ""보험가입금액의 5%""를 지급함) |",250212원문재검증(v3정화),v3-offline-0357,single_lookup,True
326,문서커버리지,"(간편)[삭감없음용]남녀특정암진단특약에서 여성유방암진단급여금을 받으려면 어떤 진단을 받아야 하며, 여러 번 진단받아도 반복 지급되나요?","특약보험기간 중 피보험자가 암보장개시일 이후에 ""여성유방암""으로 진단확정 되었을 때 특약보험가입금액의 100%를 지급하며, 최초 1회의 진단확정에 한하므로 반복 지급되지 않습니다.",확정,"| 여성유방암진단급여금 | 특약보험기간 중 피보험자가 암보장개시일 이후에 ""여성유방암""으로 진단확정 되었을 때 (다만, 최초 1회의 진단확정에 한함) | 특약보험가입금액의100% |",250212원문재검증(v3정화),v3-offline-0372,single_lookup,True
327,문서커버리지,"(간편)[삭감없음용]남녀특정암진단특약에서 전립선암진단급여금을 받으려면 어떤 진단을 받아야 하며, 여러 번 진단받아도 반복 지급되나요?","특약보험기간 중 피보험자가 암보장개시일 이후에 ""전립선암""으로 진단확정되었을 때 특약보험가입금액의 100%를 지급하며, 최초 1회의 진단확정에 한하므로 반복 지급되지 않습니다.",확정,"| 전립선암진단급여금 | 특약보험기간 중 피보험자가 암보장개시일 이후에 ""전립선암""으로 진단확정되었을 때 (다만, 최초 1회의 진단확정에 한함) | 특약보험가입금액의100% |",250212원문재검증(v3정화),v3-offline-0374,single_lookup,True
328,문서커버리지,(간편)[기본]허혈심장질환진단특약의 허혈심장질환진단급여금 지급액은 특약보험가입금액의 몇 %인가요?,"허혈심장질환진단급여금은 특약보험가입금액의 100%를 지급합니다. 다만, 최초계약의 계약일부터 1년 미만에 지급사유가 발생한 경우 ""특약보험가입금액의 50%""를 지급합니다.",확정,"| 허혈심장질환진단급여금 | 특약보험기간 중 피보험자가 허혈심장질환으로 진단확정 되었을 때 (다만, 최초 1회의 진단확정에 한함) | 특약보험가입금액의 100% (다만, 최초계약의 계약일부터 1년 미만에 지급사유가 발생한 경우 “특약보험가입금액의 50%”를 지급함) |",250212원문재검증(v3정화),v3-offline-0383,single_lookup,True
329,문서커버리지,급여 전립선 바늘생검 조직병리진단급여금의 지급 요건과 연간 지급 횟수는 어떻게 되나요?,"특약보험기간 중 피보험자가 보장개시일 이후에 「의료기관의 의사에 의하여 질병 진단 및 치료를 위한 필요 소견을 토대로 특약보험기간 중 ""급여 전립선 바늘생검 조직병리진단""」을 받았을 때 (다만, 연간 1회에 한함)",확정,"| 급여 전립선 바늘생검 조직병리진단 급여금 | 특약보험기간 중 피보험자가 보장개시일 이후에 「의료기관의 의사에 의하여 질병 진단 및 치료를 위한 필요 소견을 토대로 ""급여 전립선 바늘생검 조직병리진단""」을 받았을 때 (다만, 연간 1회에 한함) | 특약보험가입금액의 1% (다만, 최초계약의 계약일부터 1년 미만에 지급사유가 발생한 경우 ""특약보험가입금액의 0.5%""를 지급함) |",기존3단계검수+250212원문재앵커링,v3-offline-0467,single_lookup,True
330,문서커버리지,급여 유방 바늘생검 조직병리진단급여금의 지급 요건과 연간 지급 횟수는 어떻게 되나요?,"특약보험기간 중 피보험자가 보장개시일 이후에 「의료기관의 의사에 의하여 질병 진단 및 치료를 위한 필요 소견을 토대로 특약보험기간 중 ""급여 유방 바늘생검 조직병리진단""」을 받았을 때 (다만, 연간 1회에 한함)",확정,"| 급여 유방 바늘생검 조직병리진단 급여금 | 특약보험기간 중 피보험자가 보장개시일 이후에 「의료기관의 의사에 의하여 질병 진단 및 치료를 위한 필요 소견을 토대로 ""급여 유방 바늘생검 조직병리진단""」을 받았을 때 (다만, 연간 1회에 한함) | 특약보험가입금액의 1% (다만, 최초계약의 계약일부터 1년 미만에 지급사유가 발생한 경우 ""특약보험가입금액의 0.5%""를 지급함) |",기존3단계검수+250212원문재앵커링,v3-offline-0466,single_lookup,True
331,문서커버리지,(간편)[180일한도형]첫날부터입원특약의 입원급여금은 가입 후 1년 안에 사유가 발생한 경우와 1년 이후의 지급률이 어떻게 다른가요?,"입원급여금은 입원일수 1일당 특약보험가입금액의 1%를 지급합니다. 다만, ""간편심사형""에 한하여 최초계약의 계약일부터 1년 미만에 재해 이외의 원인으로 지급사유가 발생한 경우 ""특약보험가입금액의 0.5%""를 지급합니다.",확정,"S

| 구분 | 지급사유 | 지급금액 |
|------|---------|----------|
| 입원급여금 | 특약보험기간 중 「피보험자가 질병 또는 재해로 인한 그 직접적인 치료를 목적으로 1일 이상 계속 입원」하였을 때 (다만, 1회 입원당 180일 한도) | 【입원일수 1일당】 특약보험가입금액의 1% (다만, “간편심사형”에 한하여 최초계약의 계약일부터 1년 미만에 재해 이외의 원인으로 지급사유가 발생한 경우 “특약보험가입금액의 0.5%”를 지급함) |

※ 1년 미만 : 최초계약의 계약일부터 1년이 되는 시점의 계약해당일의 전날까지

주) 1. 「이 특약의 피보험자가 특약보험기간 중 사망하였을 경우」 또는 「주계약이 해지, 무효, 취소 또는 철회된 경우」 이 특약은 그때부터 더 이상 효력이 없습니다. 다만, 특약보험기간 중 피보험자가 사망한 경우에는 산출방법서에서 정하는 바에 따라 회사가 적립한 사망당시의 계약자적립액을 계약자에게 지급합니다.",250212원문재검증(v3정화),v3-offline-0420,single_lookup,True
332,문서커버리지,(간편)혈전용해치료특약의 급성뇌경색증혈전용해치료급여금은 가입 후 1년 안에 사유가 발생한 경우와 1년 이후의 지급률이 어떻게 다른가요?,"급성뇌경색증혈전용해치료급여금은 보험가입금액의 10%를 지급합니다. 다만, 계약일부터 1년 미만에 지급사유가 발생한 경우 ""보험가입금액의 5%""를 지급합니다.",확정,"| 구분 | 지급사유 | 지급금액 |
| --- | --- | --- |
| 급성뇌경색증혈전용해치료급여금 | 특약보험기간 중 피보험자가 ""급성뇌경색증""으로 진단확정 되고, 특약보험기간 중 그 ""급성뇌경색증""의 직접적인 치료를 목적으로 ""혈전용해치료""를 받았을 때 (다만, 최초 1회에 한함) | 보험가입금액의 10% (다만, 계약일부터 1년 미만에 지급사유가 발생한 경우 ""보험가입금액의 5%""를 지급함) |",250212원문재검증(v3정화),v3-offline-0358,single_lookup,True
333,문서커버리지,(간편)혈전용해치료특약의 특정 급성심근경색증혈전용해치료급여금은 가입 후 1년 안에 사유가 발생한 경우와 1년 이후의 지급률이 어떻게 다른가요?,"특정 급성심근경색증혈전용해치료 급여금은 보험가입금액의 10%를 지급합니다. 다만, 계약일부터 1년 미만에 지급사유가 발생한 경우 ""보험가입금액의 5%""를 지급합니다.",확정,"| 구분 | 지급사유 | 지급금액 |
| --- | --- | --- |
| 특정 급성심근경색증혈전용해치료 급여금 | 특약보험기간 중 피보험자가 ""특정 급성심근경색증""으로 진단확정 되고, 특약보험기간 중 그 ""특정 급성심근경색증""의 직접적인 치료를 목적으로 ""혈전용해치료""를 받았을 때 (다만, 최초 1회에 한함) | 보험가입금액의 10% (다만, 계약일부터 1년 미만에 지급사유가 발생한 경우 ""보험가입금액의 5%""를 지급함) |",250212원문재검증(v3정화),v3-offline-0360,single_lookup,True
334,문서커버리지,(간편)상급종합병원질병수술특약의 상급종합병원 질병수술급여금은 가입 후 1년 안에 사유가 발생한 경우와 1년 이후의 지급률이 어떻게 다른가요?,"상급종합병원 질병수술급여금은 특약보험가입금액의 1%를 지급합니다. 다만, 최초계약의 계약일부터 1년 미만에 지급사유가 발생한 경우에는 ""특약보험가입금액의 0.5%""를 지급합니다.",확정,"| 구분 | 지급사유 | 지급금액 |
| --- | --- | --- |
| 상급종합병원 질병수술급여금 | 특약보험기간 중 피보험자가 ""질병""으로 인한 그 직접적인 치료를 목적으로 ""상급종합병원""에서 수술을 받았을 때 (다만, 동일 질병당 1회에 한함) | 특약보험가입금액의 1% (다만, 최초계약의 계약일부터 1년 미만에 지급사유가 발생한 경우 ""특약보험가입금액의 0.5%""를 지급함) |

※ 1년 미만 : 최초계약의 계약일부터 1년이 되는 시점의 계약해당일의 전날까지",250212원문재검증(v3정화),v3-offline-0421,single_lookup,True
335,문서커버리지,(간편)뇌혈관·허혈심장질환상급종합병원통원특약의 허혈심장질환 상급종합병원 통원급여금은 가입 후 1년 안에 사유가 발생한 경우와 1년 이후의 지급률이 어떻게 다른가요?,"허혈심장질환 상급종합병원통원급여금은 가입 후 1년간은 1년이후에 지급하는 보험금의 50%를 지급합니다. 즉, 계약일부터 1년 미만에 보험금 지급사유가 발생하였을 때에는 <부표2-1> ""보험금 지급기준표""에서 정한 바에 따라 삭감하여 지급하며, 1년 이후에 지급사유가 발생한 경우에는 약정한 보험금을 지급합니다.",확정,"---

$\square$

| (간편)뇌혈관·허혈심장질환상급 종합병원통원특약(무배당, 해약환급금 미지급형) | 뇌혈관질환 상급종합병원통원급여금 | 가입 후 1년간 1년이후에 지급하는 보험금의 50% 지급 |
|---|---|---|
| | 허혈심장질환 상급종합병원통원급여금 | |
| (간편)1-5종수술특약 (무배당, 해약환급금 미지급형) | 1종수술급여금 | 간편심사형의 경우 가입 후 1년간 재해 이외의 원인으로 지급사유 발생시 1년이후에 지급하는 보험금의 50% 지급 |
| | 2종수술급여금 | |
---
② 제2-2조(보험금의 지급사유)의 경우 계약일부터 1년 미만에 보험금 지급사유가 발생하였을 때에는 <부표2-1> ""보험금 지급기준표""에서 정한 바에 따라 삭감하여 지급합니다.",250212원문재검증(v3정화),v3-offline-0408,multi_evidence,False
336,문서커버리지,NGS 유전자패널 검사를 가입 후 1년이 되기 전에 받으면 얼마를 지급하나요?,최초계약의 계약일부터 1년 미만에 지급 조건이 발생하면 특약 보험가입금액의 0.5%를 지급합니다. 1년 이후에는 1%입니다.,확정,"| 구분 | 지급사유 | 지급금액 |
| --- | --- | --- |
| 급여 암특정통증완화 치료급여금 | 특약보험기간 중 피보험자가 보장개시일 (암의 경우 암보장개시일) 이후에 암, 대장점막내암 또는 비침습방광암으로 진단 확정 되고, 특약보험기간 중 그 암, 대장점막내암 또는 비침습방광암의 통증완화를 목적으로 ""급여암특정통증완화치료""를 받았을 때 (다만, 연간 1회에 한함) | 특약보험가입금액의 1% (다만, ""간편심사형""에 한하여 최초계약의 계약일부터 1년 미만에 지급사유가 발생한 경우 ""특약보험가입금액의 0.5%""를 지급함) |

※ 1년 미만 : 최초계약의 계약일부터 1년이 되는 시점의 계약해당일의 전날까지

주) 1. 「이 특약의 피보험자가 특약보험기간 중 사망하였을 경우」 또는 「주계약이 해지, 무효, 취소 또는 철회된 경우」 이 특약은 그때부터 더 이상 효력이 없습니다. 다만, 특약보험기간 중 피보험자가 사망한 경우에는 산출방법서에서 정하는 바에 따라 회사가 적립한 사망당시의 계약자적립액을 계약자에게 지급합니다.

2. ""암보장개시일""은 최초계약의 계약일부터 그날을 포함하여 90일이 지난날의 다음 날로 하며 갱신계약의 경우 갱신일로 합니다. 다만, 부활(효력회복)계약의 경우 최초계약 및 갱신계약의 부활(효력회복)일부터 그날을 포함하여 90일이 지난날의 다음 날로 합니다.",기존3단계검수+250212원문재앵커링,v3-offline-0457,single_lookup,True
337,문서커버리지,CT나 MRI 없이도 급성뇌경색증 진단으로 인정받을 수 있나요?,"""급성뇌경색증""의 진단확정은 의료기관의 의사(치과의사 제외)에 의하여 내려져야 하며, 이 진단은 특이적 증상과 함께 뇌전산화단층촬영(brain CT scan), 뇌자기공명영상(brain MRI)검사 등을 기초로 합니다. 그러나 피보험자가 사망하여 상기 검사방법을 진단의 기초로 할 수 없는 경우에 한하여, 피보험자가 ""급성뇌경색증""으로 진단 또는 치료를 받고 있었음을 증명할 수 있는 문서화된 기록 또는 증거를 진단확정의 기초로 할 수 있습니다.",확정,"제2-1조의2 ""급성뇌경색증""의 정의 및 진단확정

① 이 특약에 있어서 ""급성뇌경색증""이라 함은 제8차 개정 한국표준질병·사인분류 중 <부표2-2> ""뇌경색증 분류표""에 해당하는 항목을 말합니다. 다만, 혈관성 치매 또는 외상성 두개내 출혈로 분류되는 경우에는 보장하지 않습니다.

② ""급성뇌경색증""의 진단확정은 의료기관의 의사(치과의사 제외)에 의하여 내려져야 하며, 이 진단은 특이적 증상과 함께 뇌전산화단층촬영(brain CT scan), 뇌자기공명영상(brain MRI)검사 등을 기초로 합니다. 그러나 피보험자가 사망하여 상기 검사방법을 진단의 기초로 할 수 없는 경우에 한하여 피보험자가 ""급성뇌경색증""으로 진단 또는 치료를 받고 있었음을 증명할 수 있는 문서화된 기록 또는 증거를 진단확정의 기초로 할 수 있습니다.

전산화단층촬영(CT)

Computed Tomography. 정밀도가 높은 X선으로 인체를 360도 방향에서 전체투사하여 나온 데이터를 컴퓨터로 조합하여 인체의 단면 영상을 그려내는 촬영기술",250212원문재검증(v3정화),v3-offline-0456,single_lookup,True
338,문서커버리지,"(간편)뇌혈관·허혈심장질환주요치료비특약에서 '뇌혈관질환 또는 허혈심장질환 주요치료'에는 어떤 치료가 포함되며, 주요치료급여금은 연간 몇 회까지 지급되나요?","""뇌혈관질환 또는 허혈심장질환 주요치료""라 함은 ""뇌혈관질환 또는 허혈심장질환""의 직접적인 치료를 목적으로 ""수술""을 받은 경우, ""혈전용해치료""를 받은 경우, ""종합병원 중환자실치료""를 받은 경우를 말합니다. 주요치료급여금은 최초 진단확정일로부터 ""뇌혈관질환 또는 허혈심장질환 주요치료""를 합하여 최대 10년간, 연간 1회에 한하여 지급합니다(최대 10회 지급).",확정,"제2-1조의8 ""뇌혈관질환 또는 허혈심장질환 주요치료""의 정의

이 특약에 있어서 ""뇌혈관질환 또는 허혈심장질환 주요치료""라 함은 ""뇌혈관질환 또는 허혈심장질환""의 직접적인 치료를 목적으로 시행되는 치료로서 다음 각 호의 사항을 말합니다.

1. ""뇌혈관질환 또는 허혈심장질환""의 직접적인 치료를 목적으로 ""수술""을 받은 경우

2. ""뇌혈관질환 또는 허혈심장질환""의 직접적인 치료를 목적으로 ""혈전용 해치료""를 받은 경우

3. ""뇌혈관질환 또는 허혈심장질환""의 직접적인 치료를 목적으로 ""종합병원 중환자실치료""를 받은 경우
---
회사는 특약보험기간 중 피보험자가 ""뇌혈관질환 또는 허혈심장질환""으로 최초 진단확정 되고, ""보험금 지급기간"" 이내에 ""뇌혈관질환 또는 허혈심장질환""의 직접적인 치료를 목적으로 ""뇌혈관질환 또는 허혈심장질환 주요치료""를 받은 경우에는 보험수익자에게 약정한 보험금((<부표2-1> ""보험금지급기준표"" 참조)을 「""뇌혈관질환 또는 허혈심장질환"" 주요치료급여금」으로 지급합니다.

[다만, 최초 진단확정일로부터 ""뇌혈관질환 또는 허혈심장질환 주요치료""를 합하여 최대 10년간, 연간 1회에 한하여 지급함(최대 10회 지급)]",250212원문재검증(v3정화),v3-offline-0534,multi_evidence,False
339,상품,"이상품의 해약환급금, 감액, 부활 관련 규정을 쉽게 설명해줘","감액의 경우, 계약자가 특약의 보험가입금액을 감액하고자 할 때에는 각 보장 계약별 보험가입금액을 동일한 비율로 감액하고 그 감액된 부분은 해지 된 것으로 보며, 이로써 회사가 지급하여야 할 해약환급금이 있을 때에는 해약환급금을 계약자에게 지급 합니다. 다만, 특약의 보험가입금액을 감액하는 경우 지급하는 해약환급금이 없을 수도 있으며, 감액 이후 보험금 및 해약환급금은 최초 가입 당시에 안내한 금액보다 적을 수 있습니다. 부활(효력회복)의 경우, 보험료의 납입을 연체하여 해지된 특약은 제1-13조 제1항부터 제5항을 따르며, 이 특약의 부활(효력회복)을 청약할 때 계약자는 모든 보장계약(다만, 각 보장계약에서 이미 소멸된 보장계약은 제외)에 대해 부활(효력회복)을 청약해야 합니다.",확정,"① 계약자는 특약의 보험기간 중 회사의 승낙을 얻어 주계약의 내용을 변경할 때 이 특약을 변경할 수 있습니다. 이 경우 승낙을 서면으로 알리거나 보험증권의 뒷면에 기재하여 드립니다.

② 회사는 계약자가 특약의 보험가입금액을 감액하고자 할 때에는 각 보장 계약별 보험가입금액을 동일한 비율로 감액하고 그 감액된 부분은 해지 된 것으로 보며, 이로써 회사가 지급하여야 할 해약환급금이 있을 때에는 제2-11조(해약환급금) 제1항에 따른 해약환급금을 계약자에게 지급 합니다.

③ 제2항에 따라 특약의 보험가입금액을 감액하는 경우 지급하는 해약환급금이 없을 수도 있으며, 감액 이후 보험금 및 해약환급금은 최초 가입 당시에 안내한 금액보다 적을 수 있습니다.

# SHINHAN LIFE

752
---
제1-13조[보험료의 납입을 연체하여 해지된 특약의 부활(효력회복)] 제1항
부터 제5항을 따르며, 이 특약의 부활(효력회복)을 청약할 때 계약자는
모든 보장계약(다만, 각 보장계약에서 이미 소멸된 보장계약은 제외)에 대
해 부활(효력회복)을 청약해야 합니다.",250212원문재검증(v3정화),v3-offline-0223,multi_evidence,False
340,고객상담,항암중입자방사선치료가 암주요치료에 해당되는지 알줘,이 판매약관에는 '항암중입자방사선치료'에 관한 정의나 보장 규정이 존재하지 않아 답변할 수 없습니다.,불가,,250212원문재검증(v3정화),v3-offline-0337,not_answerable,False
341,챗봇,통합건강 원의 총 특약 갯수,이 판매약관 원문에는 부가되는 특약의 총 개수를 명시한 문구가 없어 답변할 수 없습니다.,불가,,250212원문재검증(v3정화),v3-offline-0281,not_answerable,False
342,챗봇,통합건강보험가입자인데 암담보보장은 어떻게되나요?,"이 보험에는 보험금이 지급되지 않는 기간(면책 기간)이 설정된 담보가 있으며, 면책기간, 감액지급 및 보장한도 등 보험금 지급제한 조건이 부가되어 있습니다. 암 관련 담보의 경우 암(기타피부암, 갑상선암, 대장점막내암 및 비침습방광암 제외)의 경우 가입 후 90일간 보장 제외됩니다. 더욱 자세한 사항은 상품설명서 및 약관을 참조하시기 바랍니다.",확정,"| 상품명 | 담보명 | 면책기간 |
|------|------|----------|
| (간편)[50%이상장해형] 6대질병장해특약 (무배당, 해약환급금 미지급형) | (50%이상) 6대질병장해급여금 | 암(기타피부암, 갑상선암, 대장점막내암 및 비침습방광암 제외)의 경우 가입 후 90일간 보장 제외 |
| (간편)급여6대질병진단검사지원 특약(무배당, 갱신형) | 급여6대질병 진단검사지원급여금 | 암(기타피부암, 갑상선암, 대장점막내암 및 비침습방광암 제외)의 경우 가입 후 90일간 보장 제외 |
| (간편)급여특정NGS유전자패널검사지원특약(무배당, 갱신형) | 급여특정NGS유전자패널검사 지원급여금 | 암(기타피부암, 갑상선암, 대장점막내암 및 비침습방광암 제외)의 경우 가입 후 90일간 보장 제외 |
| (간편)일반암진단특약 (무배당, 갱신형) | 암진단급여금 (기본/삭감없음용) | 가입 후 90일간 보장 제외 |
| (간편)남녀특정암진단특약 (무배당, 갱신형) | 여성유방암진단급여금 (기본/삭감없음용) | 가입 후 90일간 보장 제외 |
| | 전립선암진단급여금 (기본/삭감없음용) | 가입 후 90일간 보장 제외 |
---
8

(1) 보험금 지급제한 사항

면책기간, 감액지급 및 보장한도 등 보험금 지급제한 조건이 부가되어 있습니다. 더욱 자세한 사항은 상품설명서 및 약관을 참조하시기 바랍니다.

면책기간

이 보험에는 보험금이 지급되지 않는 기간(면책 기간)이 설정된 담보가 있습니다.",250212원문재검증(v3정화),v3-offline-0298,multi_evidence,False
343,고객상담,난임치료특약(기혼자형) 가입되어있는데 난입치료중이야 필요서류 알려줘,"문의하신 난임치료특약(기혼자형)은 이 판매약관에 부가되어 있지 않은 특약이라서, 해당 특약의 청구 필요서류는 본 문서에서 확인해 드릴 수 없습니다.",불가,,250212원문재검증(v3정화),v3-offline-0064,not_answerable,False
344,고객상담,양쪽 난소제거를 했는데 납입면제 가능한가요?,"네, 가능할 수 있습니다. 장해분류표의 장해판정기준상 ""양쪽 고환 또는 양쪽 난소를 모두 읽었을 때""(문맥상 '잃었을 때')는 ""흉복부장기 또는 비뇨생식기 기능에 심한 장해를 남긴 때""에 해당하는 경우 중 하나이며, ""흉복부장기 또는 비뇨생식기 기능에 심한 장해를 남긴 때""의 지급률은 50입니다. 그리고 회사는 특약보험기간 중 피보험자가 「장해분류표 중 동일한 재해 또는 재해 이외의 동일한 원인으로 여러 신체부위의 장해지급률을 더하여 50% 이상인 장해상태」가 되었을 때 차회 이후의 ""보험료납입면제대상계약""의 보험료(다만, 추가납입보험료 제외) 납입을 면제하여 드립니다.",확정,"| 장해의 분류 | 지급률 |
| --- | --- |
| 1) 심장 기능을 잃었을 때 | 100 |
| 2) 흉복부장기 또는 비뇨생식기 기능을 잃었을 때 | 75 |
| 3) 흉복부장기 또는 비뇨생식기 기능에 심한 장해를 남긴 때 | 50 |
---
3) '흉복부장기 또는 비뇨생식기 기능에 심한 장해를 남긴 때'라 함은 아래의 경우 중 하나에 해당하는 때를 말한다.

가) 위, 대장(결장~직장) 또는 췌장의 전부를 잘라내었을 때

나) 소장을 3/4 이상 잘라내었을 때 또는 잘라낸 소장의 길이가 3m 이상일 때

다) 간장의 3/4 이상을 잘라내었을 때

라) 양쪽 고환 또는 양쪽 난소를 모두 읽었을 때
---
제2-2조의2 보험료 납입면제사유

회사는 특약보험기간 중 피보험자가 「장해분류표(<부표2-2> 참조) 중 동일한 재해 또는 재해 이외의 동일한 원인으로 여러 신체부위의 장해지급률을 더하여 50% 이상인 장해상태」가 되었을 때 차회 이후의 “보험료납입면제대상계약”의 보험료(다만, 추가납입보험료 제외) 납입을 면제하여 드립니다.",250212원문재검증(v3정화),v3-offline-0202,multi_evidence,False
345,고객상담,치아파절 또는 S02 질병코드가 (간편)재해골절치료특약의 재해골절치료급여금에 해당되는지 알려줘,"S02(두개골 및 안면골의 골절)는 ""재해골절(치아파절 제외) 분류표""에서 ""두개골 및 안면골의 골절(치아파절 제외) S02(S02.5는 제외)""로 정하고 있어 재해골절치료급여금의 보장 대상에 해당합니다. 다만 ""재해골절치료급여금""에서 재해골절(치아파절 제외)은 치아의 파절(분류번호 S02.5)을 제외하므로, 치아파절은 보장되지 않습니다.",확정,"| 재해골절 치료급여금 | 특약보험기간 중 피보험자에게 재해가 발생하고 그 재해를 직접적인 원인으로 재해골절(치아파절 제외)로 진단이 확정되었을 때 | 【골절 1회당】 특약보험가입금액의 1% |

주) 1. 「이 특약의 피보험자가 특약보험기간 중 사망하였을 경우」 또는 「주계약이 해지, 무효, 취소 또는 철회된 경우」 이 특약은 그때부터 더 이상 효력이 없습니다.

2. ""재해골절치료급여금""에서 재해골절(치아파절 제외)은 치아의 파절(분류번호 S02.5)을 제외합니다.

3. 특약보험기간 중 피보험자의 사망으로 이 특약이 소멸하는 경우에는 계약 자적립액 등을 지급하지 않습니다.

$ \underline{ \text{The text in the image cannot be extracted.}} $
---
| 9. 두개골 및 안면골의 골절(치아파절 제외) | S02(S02.5는 제외) |
---
② 제1항에도 불구하고 제1-13조[보험료의 납입을 연체하여 해지된 특약의 부활(효력회복)]에 따라 이 특약을 부활(효력회복)하는 경우 이 특약의 보장개시일은 부활(효력회복)일로 합니다.

제2-1조의2 ""재해골절(치아파절 제외)""의 정의 및 진단확정

① 이 특약에 있어서 ""재해골절(치아파절제외)""이라 함은 재해를 직접적인 원인으로 뼈의 구조상의 연속성이 완전하게 또는 불완전하게 끊어진 상태로서 제8차 개정 한국표준질병·사인분류 중 <부표2-2> ""재해골절(치아파절 제외) 분류표""에 해당하는 항목을 말합니다.

# SHINHAN LIFE

2814",250212원문재검증(v3정화),v3-offline-0274,multi_evidence,False
346,문서커버리지,"(간편)상급종합병원질병수술특약에서 ""상급종합병원 수술""의 정의는 무엇인가요?","이 특약에 있어서 ""상급종합병원 수술""이라 함은 의사에 의하여 ""질병 분류표 II""(<부표2-2> 참조)에서 정하는 질병(이하 ""질병""이라 합니다)의 직접적인 치료를 목적으로 필요하다고 인정된 경우로서 ""상급종합병원""에서 의사의 관리 하에 기구를 사용하여 생체(生體)에 절단(切斷, 특 정부위를 잘라내는 것), 절제(철거, 특정부위를 잘라 없애는 것) 등의 조작을 가하는 것[보건복지부 산하 신의료기술평가위원회(향후 제도 변경 시에는 동 위원회와 동일한 기능을 수행하는 기관)로부터 안전성과 치료효과를 인정받은 최신 수술기법도 포함됩니다]을 말합니다.",확정,"① 이 특약에 있어서 ""상급종합병원 수술""이라 함은 의사에 의하여 ""질병 분류표 II""(<부표2-2> 참조)에서 정하는 질병(이하 ""질병""이라 합니다)의 직접적인 치료를 목적으로 필요하다고 인정된 경우로서 ""상급종합병원""에서 의사의 관리 하에 기구를 사용하여 생체(生體)에 절단(切斷, 특

SHINHAN LIFE

2270

---

정부위를 잘라내는 것), 절제(철거, 특정부위를 잘라 없애는 것) 등의 조작을 가하는 것[보건복지부 산하 신의료기술평가위원회(향후 제도 변경 시에는 동 위원회와 동일한 기능을 수행하는 기관)로부터 안전성과 치료효과를 인정받은 최신 수술기법도 포함됩니다]을 말합니다.",기존3단계검수+250212원문재앵커링,v3-generated-def-0028,single_lookup,True
347,문서커버리지,"희귀질환자산정특례대상보장특약에서 ""희귀질환자 산정특례대상""의 정의는 무엇인가요?","이 특약에 있어서 ""희귀질환자 산정특례대상""이라 함은 보건복지부에서 고시하는 「본인일부부담금 산정특례에 관한 기준(보건복지부 고시 제 2023-286호, 2024.1.1 시행)」제5조 별표4(희귀질환자산정특례 대상) 중 ""희귀질환자 산정특례 대상""(<부표2-2> 참고)에 해당하는 경우를 말합니다.",확정,"① 이 특약에 있어서 ""희귀질환자 산정특례대상""이라 함은 보건복지부에서 고시하는 「본인일부부담금 산정특례에 관한 기준(보건복지부 고시 제 2023-286호, 2024.1.1 시행)」제5조 별표4(희귀질환자산정특례 대상) 중 ""희귀질환자 산정특례 대상""(<부표2-2> 참고)에 해당하는 경우를 말합니다.",기존3단계검수+250212원문재앵커링,v3-generated-def-0033,single_lookup,True
348,문서커버리지,"(간편)중증질환자[암]산정특례대상보장특약에서 ""중증질환자[암] 본인일부부담금 산정특례 대상 질병""의 정의는 무엇인가요?","이 특약에 있어서 ""중증질환자[암] 본인일부부담금 산정특례 대상 질병""이라 함은 제2-1조의3(""중증질환자[암] 산정특례 대상""의 정의)의 해당 상병을 의미합니다.",확정,"① 이 특약에 있어서 ""중증질환자[암] 본인일부부담금 산정특례 대상 질병""이라 함은 제2-1조의3(""중증질환자[암] 산정특례 대상""의 정의)의 해당 상병을 의미합니다.",기존3단계검수+250212원문재앵커링,v3-generated-def-0029,single_lookup,True
